prediction_id,order_id,late_probability,predicted_late,scored_at
1,1,0.8997,1,2026-03-31T09:03:21.779066
2,2,0.599,1,2026-03-31T09:03:21.779066
3,3,0.6017,1,2026-03-31T09:03:21.779066
4,4,0.4159,0,2026-03-31T09:03:21.779066
5,5,0.6402,1,2026-03-31T09:03:21.779066
6,6,0.7869,1,2026-03-31T09:03:21.779066
7,7,0.458,0,2026-03-31T09:03:21.779066
8,8,0.8314,1,2026-03-31T09:03:21.779066
9,9,0.4102,0,2026-03-31T09:03:21.779066
10,10,0.5009,1,2026-03-31T09:03:21.779066
11,11,0.398,0,2026-03-31T09:03:21.779066
12,12,0.3415,0,2026-03-31T09:03:21.779066
13,13,0.8126,1,2026-03-31T09:03:21.779066
14,14,0.335,0,2026-03-31T09:03:21.779066
15,15,0.5735,1,2026-03-31T09:03:21.779066
16,16,0.7978,1,2026-03-31T09:03:21.779066
17,17,0.2835,0,2026-03-31T09:03:21.779066
18,18,0.8362,1,2026-03-31T09:03:21.779066
19,19,0.6947,1,2026-03-31T09:03:21.779066
20,20,0.7893,1,2026-03-31T09:03:21.779066
21,21,0.671,1,2026-03-31T09:03:21.779066
22,22,0.212,0,2026-03-31T09:03:21.779066
23,23,0.4199,0,2026-03-31T09:03:21.779066
24,24,0.7338,1,2026-03-31T09:03:21.779066
25,25,0.3063,0,2026-03-31T09:03:21.779066
26,26,0.8341,1,2026-03-31T09:03:21.779066
27,27,0.6892,1,2026-03-31T09:03:21.779066
28,28,0.431,0,2026-03-31T09:03:21.779066
29,29,0.5532,1,2026-03-31T09:03:21.779066
30,30,0.7624,1,2026-03-31T09:03:21.779066
31,31,0.3573,0,2026-03-31T09:03:21.779066
32,32,0.6361,1,2026-03-31T09:03:21.779066
33,33,0.4955,0,2026-03-31T09:03:21.779066
34,34,0.3844,0,2026-03-31T09:03:21.779066
35,35,0.3435,0,2026-03-31T09:03:21.779066
36,36,0.2541,0,2026-03-31T09:03:21.779066
37,37,0.4823,0,2026-03-31T09:03:21.779066
38,38,0.3056,0,2026-03-31T09:03:21.779066
39,39,0.3789,0,2026-03-31T09:03:21.779066
40,40,0.3756,0,2026-03-31T09:03:21.779066
41,41,0.4597,0,2026-03-31T09:03:21.779066
42,42,0.7197,1,2026-03-31T09:03:21.779066
43,43,0.3958,0,2026-03-31T09:03:21.779066
44,44,0.6249,1,2026-03-31T09:03:21.779066
45,45,0.5804,1,2026-03-31T09:03:21.779066
46,46,0.7302,1,2026-03-31T09:03:21.779066
47,47,0.8545,1,2026-03-31T09:03:21.779066
48,48,0.6261,1,2026-03-31T09:03:21.779066
49,49,0.7444,1,2026-03-31T09:03:21.779066
50,50,0.4564,0,2026-03-31T09:03:21.779066
51,51,0.5917,1,2026-03-31T09:03:21.779066
52,52,0.6273,1,2026-03-31T09:03:21.779066
53,53,0.4286,0,2026-03-31T09:03:21.779066
54,54,0.6741,1,2026-03-31T09:03:21.779066
55,55,0.6351,1,2026-03-31T09:03:21.779066
56,56,0.1827,0,2026-03-31T09:03:21.779066
57,57,0.5469,1,2026-03-31T09:03:21.779066
58,58,0.3078,0,2026-03-31T09:03:21.779066
59,59,0.4626,0,2026-03-31T09:03:21.779066
60,60,0.7583,1,2026-03-31T09:03:21.779066
61,61,0.6341,1,2026-03-31T09:03:21.779066
62,62,0.4564,0,2026-03-31T09:03:21.779066
63,63,0.8205,1,2026-03-31T09:03:21.779066
64,64,0.7259,1,2026-03-31T09:03:21.779066
65,65,0.6944,1,2026-03-31T09:03:21.779066
66,66,0.2984,0,2026-03-31T09:03:21.779066
67,67,0.832,1,2026-03-31T09:03:21.779066
68,68,0.6861,1,2026-03-31T09:03:21.779066
69,69,0.3858,0,2026-03-31T09:03:21.779066
70,70,0.2446,0,2026-03-31T09:03:21.779066
71,71,0.4364,0,2026-03-31T09:03:21.779066
72,72,0.3503,0,2026-03-31T09:03:21.779066
73,73,0.872,1,2026-03-31T09:03:21.779066
74,74,0.799,1,2026-03-31T09:03:21.779066
75,75,0.7519,1,2026-03-31T09:03:21.779066
76,76,0.5824,1,2026-03-31T09:03:21.779066
77,77,0.7142,1,2026-03-31T09:03:21.779066
78,78,0.7319,1,2026-03-31T09:03:21.779066
79,79,0.8109,1,2026-03-31T09:03:21.779066
80,80,0.4857,0,2026-03-31T09:03:21.779066
81,81,0.9189,1,2026-03-31T09:03:21.779066
82,82,0.8198,1,2026-03-31T09:03:21.779066
83,83,0.7656,1,2026-03-31T09:03:21.779066
84,84,0.6921,1,2026-03-31T09:03:21.779066
85,85,0.4832,0,2026-03-31T09:03:21.779066
86,86,0.3359,0,2026-03-31T09:03:21.779066
87,87,0.6028,1,2026-03-31T09:03:21.779066
88,88,0.3958,0,2026-03-31T09:03:21.779066
89,89,0.5968,1,2026-03-31T09:03:21.779066
90,90,0.4928,0,2026-03-31T09:03:21.779066
91,91,0.629,1,2026-03-31T09:03:21.779066
92,92,0.5443,1,2026-03-31T09:03:21.779066
93,93,0.6354,1,2026-03-31T09:03:21.779066
94,94,0.6546,1,2026-03-31T09:03:21.779066
95,95,0.5064,1,2026-03-31T09:03:21.779066
96,96,0.4153,0,2026-03-31T09:03:21.779066
97,97,0.6345,1,2026-03-31T09:03:21.779066
98,98,0.3895,0,2026-03-31T09:03:21.779066
99,99,0.7055,1,2026-03-31T09:03:21.779066
100,100,0.8272,1,2026-03-31T09:03:21.779066
101,101,0.4633,0,2026-03-31T09:03:21.779066
102,102,0.3447,0,2026-03-31T09:03:21.779066
103,103,0.5106,1,2026-03-31T09:03:21.779066
104,104,0.789,1,2026-03-31T09:03:21.779066
105,105,0.4643,0,2026-03-31T09:03:21.779066
106,106,0.8079,1,2026-03-31T09:03:21.779066
107,107,0.7471,1,2026-03-31T09:03:21.779066
108,108,0.3894,0,2026-03-31T09:03:21.779066
109,109,0.5482,1,2026-03-31T09:03:21.779066
110,110,0.3873,0,2026-03-31T09:03:21.779066
111,111,0.5007,1,2026-03-31T09:03:21.779066
112,112,0.5242,1,2026-03-31T09:03:21.779066
113,113,0.4193,0,2026-03-31T09:03:21.779066
114,114,0.7117,1,2026-03-31T09:03:21.779066
115,115,0.3611,0,2026-03-31T09:03:21.779066
116,116,0.4873,0,2026-03-31T09:03:21.779066
117,117,0.4291,0,2026-03-31T09:03:21.779066
118,118,0.9028,1,2026-03-31T09:03:21.779066
119,119,0.7527,1,2026-03-31T09:03:21.779066
120,120,0.8191,1,2026-03-31T09:03:21.779066
121,121,0.71,1,2026-03-31T09:03:21.779066
122,122,0.568,1,2026-03-31T09:03:21.779066
123,123,0.7297,1,2026-03-31T09:03:21.779066
124,124,0.8354,1,2026-03-31T09:03:21.779066
125,125,0.7022,1,2026-03-31T09:03:21.779066
126,126,0.6742,1,2026-03-31T09:03:21.779066
127,127,0.761,1,2026-03-31T09:03:21.779066
128,128,0.7615,1,2026-03-31T09:03:21.779066
129,129,0.7062,1,2026-03-31T09:03:21.779066
130,130,0.6258,1,2026-03-31T09:03:21.779066
131,131,0.6109,1,2026-03-31T09:03:21.779066
132,132,0.489,0,2026-03-31T09:03:21.779066
133,133,0.8613,1,2026-03-31T09:03:21.779066
134,134,0.718,1,2026-03-31T09:03:21.779066
135,135,0.4808,0,2026-03-31T09:03:21.779066
136,136,0.7929,1,2026-03-31T09:03:21.779066
137,137,0.3813,0,2026-03-31T09:03:21.779066
138,138,0.8368,1,2026-03-31T09:03:21.779066
139,139,0.6667,1,2026-03-31T09:03:21.779066
140,140,0.6252,1,2026-03-31T09:03:21.779066
141,141,0.4942,0,2026-03-31T09:03:21.779066
142,142,0.8496,1,2026-03-31T09:03:21.779066
143,143,0.4937,0,2026-03-31T09:03:21.779066
144,144,0.3477,0,2026-03-31T09:03:21.779066
145,145,0.6197,1,2026-03-31T09:03:21.779066
146,146,0.6557,1,2026-03-31T09:03:21.779066
147,147,0.5096,1,2026-03-31T09:03:21.779066
148,148,0.5258,1,2026-03-31T09:03:21.779066
149,149,0.4374,0,2026-03-31T09:03:21.779066
150,150,0.8106,1,2026-03-31T09:03:21.779066
151,151,0.7381,1,2026-03-31T09:03:21.779066
152,152,0.7817,1,2026-03-31T09:03:21.779066
153,153,0.4862,0,2026-03-31T09:03:21.779066
154,154,0.823,1,2026-03-31T09:03:21.779066
155,155,0.7623,1,2026-03-31T09:03:21.779066
156,156,0.3608,0,2026-03-31T09:03:21.779066
157,157,0.8133,1,2026-03-31T09:03:21.779066
158,158,0.4268,0,2026-03-31T09:03:21.779066
159,159,0.5603,1,2026-03-31T09:03:21.779066
160,160,0.6726,1,2026-03-31T09:03:21.779066
161,161,0.3149,0,2026-03-31T09:03:21.779066
162,162,0.5573,1,2026-03-31T09:03:21.779066
163,163,0.6195,1,2026-03-31T09:03:21.779066
164,164,0.6606,1,2026-03-31T09:03:21.779066
165,165,0.4771,0,2026-03-31T09:03:21.779066
166,166,0.5487,1,2026-03-31T09:03:21.779066
167,167,0.7803,1,2026-03-31T09:03:21.779066
168,168,0.403,0,2026-03-31T09:03:21.779066
169,169,0.4258,0,2026-03-31T09:03:21.779066
170,170,0.7547,1,2026-03-31T09:03:21.779066
171,171,0.6305,1,2026-03-31T09:03:21.779066
172,172,0.4708,0,2026-03-31T09:03:21.779066
173,173,0.6289,1,2026-03-31T09:03:21.779066
174,174,0.5364,1,2026-03-31T09:03:21.779066
175,175,0.8039,1,2026-03-31T09:03:21.779066
176,176,0.6162,1,2026-03-31T09:03:21.779066
177,177,0.4823,0,2026-03-31T09:03:21.779066
178,178,0.4627,0,2026-03-31T09:03:21.779066
179,179,0.6323,1,2026-03-31T09:03:21.779066
180,180,0.5044,1,2026-03-31T09:03:21.779066
181,181,0.7411,1,2026-03-31T09:03:21.779066
182,182,0.6647,1,2026-03-31T09:03:21.779066
183,183,0.8107,1,2026-03-31T09:03:21.779066
184,184,0.4377,0,2026-03-31T09:03:21.779066
185,185,0.6452,1,2026-03-31T09:03:21.779066
186,186,0.6038,1,2026-03-31T09:03:21.779066
187,187,0.4763,0,2026-03-31T09:03:21.779066
188,188,0.3253,0,2026-03-31T09:03:21.779066
189,189,0.4178,0,2026-03-31T09:03:21.779066
190,190,0.5204,1,2026-03-31T09:03:21.779066
191,191,0.8403,1,2026-03-31T09:03:21.779066
192,192,0.3877,0,2026-03-31T09:03:21.779066
193,193,0.7768,1,2026-03-31T09:03:21.779066
194,194,0.6507,1,2026-03-31T09:03:21.779066
195,195,0.4989,0,2026-03-31T09:03:21.779066
196,196,0.7039,1,2026-03-31T09:03:21.779066
197,197,0.7923,1,2026-03-31T09:03:21.779066
198,198,0.8259,1,2026-03-31T09:03:21.779066
199,199,0.5811,1,2026-03-31T09:03:21.779066
200,200,0.4725,0,2026-03-31T09:03:21.779066
201,201,0.7863,1,2026-03-31T09:03:21.779066
202,202,0.5445,1,2026-03-31T09:03:21.779066
203,203,0.4815,0,2026-03-31T09:03:21.779066
204,204,0.463,0,2026-03-31T09:03:21.779066
205,205,0.7866,1,2026-03-31T09:03:21.779066
206,206,0.7285,1,2026-03-31T09:03:21.779066
207,207,0.4293,0,2026-03-31T09:03:21.779066
208,208,0.7706,1,2026-03-31T09:03:21.779066
209,209,0.7103,1,2026-03-31T09:03:21.779066
210,210,0.1886,0,2026-03-31T09:03:21.779066
211,211,0.877,1,2026-03-31T09:03:21.779066
212,212,0.6914,1,2026-03-31T09:03:21.779066
213,213,0.8817,1,2026-03-31T09:03:21.779066
214,214,0.3396,0,2026-03-31T09:03:21.779066
215,215,0.6428,1,2026-03-31T09:03:21.779066
216,216,0.4882,0,2026-03-31T09:03:21.779066
217,217,0.4051,0,2026-03-31T09:03:21.779066
218,218,0.4869,0,2026-03-31T09:03:21.779066
219,219,0.8395,1,2026-03-31T09:03:21.779066
220,220,0.7653,1,2026-03-31T09:03:21.779066
221,221,0.7592,1,2026-03-31T09:03:21.779066
222,222,0.6231,1,2026-03-31T09:03:21.779066
223,223,0.7785,1,2026-03-31T09:03:21.779066
224,224,0.8629,1,2026-03-31T09:03:21.779066
225,225,0.4852,0,2026-03-31T09:03:21.779066
226,226,0.6835,1,2026-03-31T09:03:21.779066
227,227,0.5801,1,2026-03-31T09:03:21.779066
228,228,0.7045,1,2026-03-31T09:03:21.779066
229,229,0.4617,0,2026-03-31T09:03:21.779066
230,230,0.5989,1,2026-03-31T09:03:21.779066
231,231,0.444,0,2026-03-31T09:03:21.779066
232,232,0.3014,0,2026-03-31T09:03:21.779066
233,233,0.6845,1,2026-03-31T09:03:21.779066
234,234,0.4507,0,2026-03-31T09:03:21.779066
235,235,0.3423,0,2026-03-31T09:03:21.779066
236,236,0.4159,0,2026-03-31T09:03:21.779066
237,237,0.8114,1,2026-03-31T09:03:21.779066
238,238,0.6127,1,2026-03-31T09:03:21.779066
239,239,0.5796,1,2026-03-31T09:03:21.779066
240,240,0.7717,1,2026-03-31T09:03:21.779066
241,241,0.6802,1,2026-03-31T09:03:21.779066
242,242,0.2908,0,2026-03-31T09:03:21.779066
243,243,0.737,1,2026-03-31T09:03:21.779066
244,244,0.8094,1,2026-03-31T09:03:21.779066
245,245,0.7977,1,2026-03-31T09:03:21.779066
246,246,0.7549,1,2026-03-31T09:03:21.779066
247,247,0.6487,1,2026-03-31T09:03:21.779066
248,248,0.5989,1,2026-03-31T09:03:21.779066
249,249,0.3584,0,2026-03-31T09:03:21.779066
250,250,0.5791,1,2026-03-31T09:03:21.779066
251,251,0.6357,1,2026-03-31T09:03:21.779066
252,252,0.6145,1,2026-03-31T09:03:21.779066
253,253,0.6672,1,2026-03-31T09:03:21.779066
254,254,0.2987,0,2026-03-31T09:03:21.779066
255,255,0.399,0,2026-03-31T09:03:21.779066
256,256,0.8413,1,2026-03-31T09:03:21.779066
257,257,0.4987,0,2026-03-31T09:03:21.779066
258,258,0.7357,1,2026-03-31T09:03:21.779066
259,259,0.3269,0,2026-03-31T09:03:21.779066
260,260,0.5853,1,2026-03-31T09:03:21.779066
261,261,0.823,1,2026-03-31T09:03:21.779066
262,262,0.7636,1,2026-03-31T09:03:21.779066
263,263,0.5887,1,2026-03-31T09:03:21.779066
264,264,0.4945,0,2026-03-31T09:03:21.779066
265,265,0.5766,1,2026-03-31T09:03:21.779066
266,266,0.4578,0,2026-03-31T09:03:21.779066
267,267,0.5561,1,2026-03-31T09:03:21.779066
268,268,0.6751,1,2026-03-31T09:03:21.779066
269,269,0.4474,0,2026-03-31T09:03:21.779066
270,270,0.3197,0,2026-03-31T09:03:21.779066
271,271,0.6264,1,2026-03-31T09:03:21.779066
272,272,0.5388,1,2026-03-31T09:03:21.779066
273,273,0.3363,0,2026-03-31T09:03:21.779066
274,274,0.467,0,2026-03-31T09:03:21.779066
275,275,0.8629,1,2026-03-31T09:03:21.779066
276,276,0.819,1,2026-03-31T09:03:21.779066
277,277,0.4463,0,2026-03-31T09:03:21.779066
278,278,0.5028,1,2026-03-31T09:03:21.779066
279,279,0.5754,1,2026-03-31T09:03:21.779066
280,280,0.3802,0,2026-03-31T09:03:21.779066
281,281,0.74,1,2026-03-31T09:03:21.779066
282,282,0.5339,1,2026-03-31T09:03:21.779066
283,283,0.5398,1,2026-03-31T09:03:21.779066
284,284,0.5753,1,2026-03-31T09:03:21.779066
285,285,0.5147,1,2026-03-31T09:03:21.779066
286,286,0.4063,0,2026-03-31T09:03:21.779066
287,287,0.4991,0,2026-03-31T09:03:21.779066
288,288,0.5641,1,2026-03-31T09:03:21.779066
289,289,0.8502,1,2026-03-31T09:03:21.779066
290,290,0.515,1,2026-03-31T09:03:21.779066
291,291,0.2668,0,2026-03-31T09:03:21.779066
292,292,0.6943,1,2026-03-31T09:03:21.779066
293,293,0.6418,1,2026-03-31T09:03:21.779066
294,294,0.6804,1,2026-03-31T09:03:21.779066
295,295,0.738,1,2026-03-31T09:03:21.779066
296,296,0.4324,0,2026-03-31T09:03:21.779066
297,297,0.792,1,2026-03-31T09:03:21.779066
298,298,0.7628,1,2026-03-31T09:03:21.779066
299,299,0.7564,1,2026-03-31T09:03:21.779066
300,300,0.4736,0,2026-03-31T09:03:21.779066
301,301,0.5384,1,2026-03-31T09:03:21.779066
302,302,0.6965,1,2026-03-31T09:03:21.779066
303,303,0.52,1,2026-03-31T09:03:21.779066
304,304,0.378,0,2026-03-31T09:03:21.779066
305,305,0.4197,0,2026-03-31T09:03:21.779066
306,306,0.409,0,2026-03-31T09:03:21.779066
307,307,0.3411,0,2026-03-31T09:03:21.779066
308,308,0.7937,1,2026-03-31T09:03:21.779066
309,309,0.6059,1,2026-03-31T09:03:21.779066
310,310,0.7447,1,2026-03-31T09:03:21.779066
311,311,0.544,1,2026-03-31T09:03:21.779066
312,312,0.8061,1,2026-03-31T09:03:21.779066
313,313,0.6546,1,2026-03-31T09:03:21.779066
314,314,0.5649,1,2026-03-31T09:03:21.779066
315,315,0.5051,1,2026-03-31T09:03:21.779066
316,316,0.7109,1,2026-03-31T09:03:21.779066
317,317,0.56,1,2026-03-31T09:03:21.779066
318,318,0.3232,0,2026-03-31T09:03:21.779066
319,319,0.5546,1,2026-03-31T09:03:21.779066
320,320,0.7051,1,2026-03-31T09:03:21.779066
321,321,0.5961,1,2026-03-31T09:03:21.779066
322,322,0.8414,1,2026-03-31T09:03:21.779066
323,323,0.8119,1,2026-03-31T09:03:21.779066
324,324,0.5319,1,2026-03-31T09:03:21.779066
325,325,0.8411,1,2026-03-31T09:03:21.779066
326,326,0.8433,1,2026-03-31T09:03:21.779066
327,327,0.7627,1,2026-03-31T09:03:21.779066
328,328,0.4011,0,2026-03-31T09:03:21.779066
329,329,0.6249,1,2026-03-31T09:03:21.779066
330,330,0.9061,1,2026-03-31T09:03:21.779066
331,331,0.8761,1,2026-03-31T09:03:21.779066
332,332,0.3716,0,2026-03-31T09:03:21.779066
333,333,0.877,1,2026-03-31T09:03:21.779066
334,334,0.4547,0,2026-03-31T09:03:21.779066
335,335,0.7993,1,2026-03-31T09:03:21.779066
336,336,0.7869,1,2026-03-31T09:03:21.779066
337,337,0.4692,0,2026-03-31T09:03:21.779066
338,338,0.3929,0,2026-03-31T09:03:21.779066
339,339,0.4704,0,2026-03-31T09:03:21.779066
340,340,0.3179,0,2026-03-31T09:03:21.779066
341,341,0.4544,0,2026-03-31T09:03:21.779066
342,342,0.7399,1,2026-03-31T09:03:21.779066
343,343,0.4652,0,2026-03-31T09:03:21.779066
344,344,0.5778,1,2026-03-31T09:03:21.779066
345,345,0.6902,1,2026-03-31T09:03:21.779066
346,346,0.4615,0,2026-03-31T09:03:21.779066
347,347,0.7865,1,2026-03-31T09:03:21.779066
348,348,0.8852,1,2026-03-31T09:03:21.779066
349,349,0.6182,1,2026-03-31T09:03:21.779066
350,350,0.4589,0,2026-03-31T09:03:21.779066
351,351,0.6637,1,2026-03-31T09:03:21.779066
352,352,0.709,1,2026-03-31T09:03:21.779066
353,353,0.6851,1,2026-03-31T09:03:21.779066
354,354,0.2411,0,2026-03-31T09:03:21.779066
355,355,0.5924,1,2026-03-31T09:03:21.779066
356,356,0.4106,0,2026-03-31T09:03:21.779066
357,357,0.4229,0,2026-03-31T09:03:21.779066
358,358,0.3918,0,2026-03-31T09:03:21.779066
359,359,0.6643,1,2026-03-31T09:03:21.779066
360,360,0.2722,0,2026-03-31T09:03:21.779066
361,361,0.8428,1,2026-03-31T09:03:21.779066
362,362,0.5053,1,2026-03-31T09:03:21.779066
363,363,0.8537,1,2026-03-31T09:03:21.779066
364,364,0.534,1,2026-03-31T09:03:21.779066
365,365,0.4479,0,2026-03-31T09:03:21.779066
366,366,0.7465,1,2026-03-31T09:03:21.779066
367,367,0.3072,0,2026-03-31T09:03:21.779066
368,368,0.4832,0,2026-03-31T09:03:21.779066
369,369,0.637,1,2026-03-31T09:03:21.779066
370,370,0.6249,1,2026-03-31T09:03:21.779066
371,371,0.8276,1,2026-03-31T09:03:21.779066
372,372,0.4797,0,2026-03-31T09:03:21.779066
373,373,0.6274,1,2026-03-31T09:03:21.779066
374,374,0.676,1,2026-03-31T09:03:21.779066
375,375,0.8961,1,2026-03-31T09:03:21.779066
376,376,0.75,1,2026-03-31T09:03:21.779066
377,377,0.4655,0,2026-03-31T09:03:21.779066
378,378,0.8267,1,2026-03-31T09:03:21.779066
379,379,0.4,0,2026-03-31T09:03:21.779066
380,380,0.6122,1,2026-03-31T09:03:21.779066
381,381,0.301,0,2026-03-31T09:03:21.779066
382,382,0.6939,1,2026-03-31T09:03:21.779066
383,383,0.8912,1,2026-03-31T09:03:21.779066
384,384,0.4914,0,2026-03-31T09:03:21.779066
385,385,0.4357,0,2026-03-31T09:03:21.779066
386,386,0.412,0,2026-03-31T09:03:21.779066
387,387,0.6183,1,2026-03-31T09:03:21.779066
388,388,0.4941,0,2026-03-31T09:03:21.779066
389,389,0.716,1,2026-03-31T09:03:21.779066
390,390,0.6355,1,2026-03-31T09:03:21.779066
391,391,0.2222,0,2026-03-31T09:03:21.779066
392,392,0.3863,0,2026-03-31T09:03:21.779066
393,393,0.8366,1,2026-03-31T09:03:21.779066
394,394,0.7899,1,2026-03-31T09:03:21.779066
395,395,0.4369,0,2026-03-31T09:03:21.779066
396,396,0.5063,1,2026-03-31T09:03:21.779066
397,397,0.8778,1,2026-03-31T09:03:21.779066
398,398,0.6353,1,2026-03-31T09:03:21.779066
399,399,0.6392,1,2026-03-31T09:03:21.779066
400,400,0.5491,1,2026-03-31T09:03:21.779066
401,401,0.2558,0,2026-03-31T09:03:21.779066
402,402,0.3761,0,2026-03-31T09:03:21.779066
403,403,0.3358,0,2026-03-31T09:03:21.779066
404,404,0.3075,0,2026-03-31T09:03:21.779066
405,405,0.4339,0,2026-03-31T09:03:21.779066
406,406,0.478,0,2026-03-31T09:03:21.779066
407,407,0.7882,1,2026-03-31T09:03:21.779066
408,408,0.4054,0,2026-03-31T09:03:21.779066
409,409,0.4061,0,2026-03-31T09:03:21.779066
410,410,0.4605,0,2026-03-31T09:03:21.779066
411,411,0.6725,1,2026-03-31T09:03:21.779066
412,412,0.8035,1,2026-03-31T09:03:21.779066
413,413,0.7507,1,2026-03-31T09:03:21.779066
414,414,0.7599,1,2026-03-31T09:03:21.779066
415,415,0.5902,1,2026-03-31T09:03:21.779066
416,416,0.5383,1,2026-03-31T09:03:21.779066
417,417,0.5261,1,2026-03-31T09:03:21.779066
418,418,0.3929,0,2026-03-31T09:03:21.779066
419,419,0.8315,1,2026-03-31T09:03:21.779066
420,420,0.463,0,2026-03-31T09:03:21.779066
421,421,0.8457,1,2026-03-31T09:03:21.779066
422,422,0.4634,0,2026-03-31T09:03:21.779066
423,423,0.4518,0,2026-03-31T09:03:21.779066
424,424,0.4644,0,2026-03-31T09:03:21.779066
425,425,0.6332,1,2026-03-31T09:03:21.779066
426,426,0.5491,1,2026-03-31T09:03:21.779066
427,427,0.3757,0,2026-03-31T09:03:21.779066
428,428,0.6448,1,2026-03-31T09:03:21.779066
429,429,0.7942,1,2026-03-31T09:03:21.779066
430,430,0.4083,0,2026-03-31T09:03:21.779066
431,431,0.4434,0,2026-03-31T09:03:21.779066
432,432,0.4315,0,2026-03-31T09:03:21.779066
433,433,0.8032,1,2026-03-31T09:03:21.779066
434,434,0.4557,0,2026-03-31T09:03:21.779066
435,435,0.8339,1,2026-03-31T09:03:21.779066
436,436,0.4107,0,2026-03-31T09:03:21.779066
437,437,0.5089,1,2026-03-31T09:03:21.779066
438,438,0.458,0,2026-03-31T09:03:21.779066
439,439,0.7561,1,2026-03-31T09:03:21.779066
440,440,0.6041,1,2026-03-31T09:03:21.779066
441,441,0.3931,0,2026-03-31T09:03:21.779066
442,442,0.2992,0,2026-03-31T09:03:21.779066
443,443,0.8735,1,2026-03-31T09:03:21.779066
444,444,0.4779,0,2026-03-31T09:03:21.779066
445,445,0.3363,0,2026-03-31T09:03:21.779066
446,446,0.4044,0,2026-03-31T09:03:21.779066
447,447,0.7615,1,2026-03-31T09:03:21.779066
448,448,0.6922,1,2026-03-31T09:03:21.779066
449,449,0.4452,0,2026-03-31T09:03:21.779066
450,450,0.9058,1,2026-03-31T09:03:21.779066
451,451,0.3893,0,2026-03-31T09:03:21.779066
452,452,0.4089,0,2026-03-31T09:03:21.779066
453,453,0.4503,0,2026-03-31T09:03:21.779066
454,454,0.5236,1,2026-03-31T09:03:21.779066
455,455,0.5516,1,2026-03-31T09:03:21.779066
456,456,0.3546,0,2026-03-31T09:03:21.779066
457,457,0.4732,0,2026-03-31T09:03:21.779066
458,458,0.645,1,2026-03-31T09:03:21.779066
459,459,0.5372,1,2026-03-31T09:03:21.779066
460,460,0.4772,0,2026-03-31T09:03:21.779066
461,461,0.6293,1,2026-03-31T09:03:21.779066
462,462,0.5438,1,2026-03-31T09:03:21.779066
463,463,0.7519,1,2026-03-31T09:03:21.779066
464,464,0.7135,1,2026-03-31T09:03:21.779066
465,465,0.7442,1,2026-03-31T09:03:21.779066
466,466,0.5227,1,2026-03-31T09:03:21.779066
467,467,0.5037,1,2026-03-31T09:03:21.779066
468,468,0.7375,1,2026-03-31T09:03:21.779066
469,469,0.6499,1,2026-03-31T09:03:21.779066
470,470,0.51,1,2026-03-31T09:03:21.779066
471,471,0.8562,1,2026-03-31T09:03:21.779066
472,472,0.389,0,2026-03-31T09:03:21.779066
473,473,0.829,1,2026-03-31T09:03:21.779066
474,474,0.5269,1,2026-03-31T09:03:21.779066
475,475,0.8111,1,2026-03-31T09:03:21.779066
476,476,0.4106,0,2026-03-31T09:03:21.779066
477,477,0.5048,1,2026-03-31T09:03:21.779066
478,478,0.6122,1,2026-03-31T09:03:21.779066
479,479,0.9129,1,2026-03-31T09:03:21.779066
480,480,0.6119,1,2026-03-31T09:03:21.779066
481,481,0.4353,0,2026-03-31T09:03:21.779066
482,482,0.4438,0,2026-03-31T09:03:21.779066
483,483,0.6808,1,2026-03-31T09:03:21.779066
484,484,0.2607,0,2026-03-31T09:03:21.779066
485,485,0.5431,1,2026-03-31T09:03:21.779066
486,486,0.2692,0,2026-03-31T09:03:21.779066
487,487,0.7579,1,2026-03-31T09:03:21.779066
488,488,0.4728,0,2026-03-31T09:03:21.779066
489,489,0.6818,1,2026-03-31T09:03:21.779066
490,490,0.3738,0,2026-03-31T09:03:21.779066
491,491,0.6643,1,2026-03-31T09:03:21.779066
492,492,0.8104,1,2026-03-31T09:03:21.779066
493,493,0.3843,0,2026-03-31T09:03:21.779066
494,494,0.3708,0,2026-03-31T09:03:21.779066
495,495,0.8863,1,2026-03-31T09:03:21.779066
496,496,0.694,1,2026-03-31T09:03:21.779066
497,497,0.442,0,2026-03-31T09:03:21.779066
498,498,0.3507,0,2026-03-31T09:03:21.779066
499,499,0.6322,1,2026-03-31T09:03:21.779066
500,500,0.8524,1,2026-03-31T09:03:21.779066
501,501,0.8126,1,2026-03-31T09:03:21.779066
502,502,0.765,1,2026-03-31T09:03:21.779066
503,503,0.7252,1,2026-03-31T09:03:21.779066
504,504,0.7204,1,2026-03-31T09:03:21.779066
505,505,0.5025,1,2026-03-31T09:03:21.779066
506,506,0.5301,1,2026-03-31T09:03:21.779066
507,507,0.7658,1,2026-03-31T09:03:21.779066
508,508,0.8236,1,2026-03-31T09:03:21.779066
509,509,0.3917,0,2026-03-31T09:03:21.779066
510,510,0.5978,1,2026-03-31T09:03:21.779066
511,511,0.698,1,2026-03-31T09:03:21.779066
512,512,0.6512,1,2026-03-31T09:03:21.779066
513,513,0.6272,1,2026-03-31T09:03:21.779066
514,514,0.703,1,2026-03-31T09:03:21.779066
515,515,0.5341,1,2026-03-31T09:03:21.779066
516,516,0.7979,1,2026-03-31T09:03:21.779066
517,517,0.865,1,2026-03-31T09:03:21.779066
518,518,0.4102,0,2026-03-31T09:03:21.779066
519,519,0.8845,1,2026-03-31T09:03:21.779066
520,520,0.9295,1,2026-03-31T09:03:21.779066
521,521,0.8242,1,2026-03-31T09:03:21.779066
522,522,0.4211,0,2026-03-31T09:03:21.779066
523,523,0.5864,1,2026-03-31T09:03:21.779066
524,524,0.6873,1,2026-03-31T09:03:21.779066
525,525,0.8183,1,2026-03-31T09:03:21.779066
526,526,0.7507,1,2026-03-31T09:03:21.779066
527,527,0.7317,1,2026-03-31T09:03:21.779066
528,528,0.6557,1,2026-03-31T09:03:21.779066
529,529,0.6728,1,2026-03-31T09:03:21.779066
530,530,0.7645,1,2026-03-31T09:03:21.779066
531,531,0.6854,1,2026-03-31T09:03:21.779066
532,532,0.6365,1,2026-03-31T09:03:21.779066
533,533,0.5103,1,2026-03-31T09:03:21.779066
534,534,0.829,1,2026-03-31T09:03:21.779066
535,535,0.4366,0,2026-03-31T09:03:21.779066
536,536,0.2613,0,2026-03-31T09:03:21.779066
537,537,0.5185,1,2026-03-31T09:03:21.779066
538,538,0.8305,1,2026-03-31T09:03:21.779066
539,539,0.556,1,2026-03-31T09:03:21.779066
540,540,0.6214,1,2026-03-31T09:03:21.779066
541,541,0.4848,0,2026-03-31T09:03:21.779066
542,542,0.8725,1,2026-03-31T09:03:21.779066
543,543,0.6083,1,2026-03-31T09:03:21.779066
544,544,0.3245,0,2026-03-31T09:03:21.779066
545,545,0.5508,1,2026-03-31T09:03:21.779066
546,546,0.3427,0,2026-03-31T09:03:21.779066
547,547,0.263,0,2026-03-31T09:03:21.779066
548,548,0.8056,1,2026-03-31T09:03:21.779066
549,549,0.6121,1,2026-03-31T09:03:21.779066
550,550,0.7843,1,2026-03-31T09:03:21.779066
551,551,0.8147,1,2026-03-31T09:03:21.779066
552,552,0.7293,1,2026-03-31T09:03:21.779066
553,553,0.4603,0,2026-03-31T09:03:21.779066
554,554,0.3639,0,2026-03-31T09:03:21.779066
555,555,0.4123,0,2026-03-31T09:03:21.779066
556,556,0.7644,1,2026-03-31T09:03:21.779066
557,557,0.6968,1,2026-03-31T09:03:21.779066
558,558,0.4427,0,2026-03-31T09:03:21.779066
559,559,0.323,0,2026-03-31T09:03:21.779066
560,560,0.398,0,2026-03-31T09:03:21.779066
561,561,0.7327,1,2026-03-31T09:03:21.779066
562,562,0.5678,1,2026-03-31T09:03:21.779066
563,563,0.7007,1,2026-03-31T09:03:21.779066
564,564,0.3214,0,2026-03-31T09:03:21.779066
565,565,0.3953,0,2026-03-31T09:03:21.779066
566,566,0.6466,1,2026-03-31T09:03:21.779066
567,567,0.4876,0,2026-03-31T09:03:21.779066
568,568,0.5724,1,2026-03-31T09:03:21.779066
569,569,0.8195,1,2026-03-31T09:03:21.779066
570,570,0.8123,1,2026-03-31T09:03:21.779066
571,571,0.4933,0,2026-03-31T09:03:21.779066
572,572,0.5293,1,2026-03-31T09:03:21.779066
573,573,0.499,0,2026-03-31T09:03:21.779066
574,574,0.4787,0,2026-03-31T09:03:21.779066
575,575,0.8498,1,2026-03-31T09:03:21.779066
576,576,0.59,1,2026-03-31T09:03:21.779066
577,577,0.6073,1,2026-03-31T09:03:21.779066
578,578,0.4733,0,2026-03-31T09:03:21.779066
579,579,0.7736,1,2026-03-31T09:03:21.779066
580,580,0.8017,1,2026-03-31T09:03:21.779066
581,581,0.6981,1,2026-03-31T09:03:21.779066
582,582,0.6255,1,2026-03-31T09:03:21.779066
583,583,0.8266,1,2026-03-31T09:03:21.779066
584,584,0.462,0,2026-03-31T09:03:21.779066
585,585,0.8318,1,2026-03-31T09:03:21.779066
586,586,0.5959,1,2026-03-31T09:03:21.779066
587,587,0.547,1,2026-03-31T09:03:21.779066
588,588,0.8674,1,2026-03-31T09:03:21.779066
589,589,0.3782,0,2026-03-31T09:03:21.779066
590,590,0.4915,0,2026-03-31T09:03:21.779066
591,591,0.4932,0,2026-03-31T09:03:21.779066
592,592,0.7672,1,2026-03-31T09:03:21.779066
593,593,0.787,1,2026-03-31T09:03:21.779066
594,594,0.3204,0,2026-03-31T09:03:21.779066
595,595,0.6863,1,2026-03-31T09:03:21.779066
596,596,0.7021,1,2026-03-31T09:03:21.779066
597,597,0.5433,1,2026-03-31T09:03:21.779066
598,598,0.7548,1,2026-03-31T09:03:21.779066
599,599,0.6789,1,2026-03-31T09:03:21.779066
600,600,0.698,1,2026-03-31T09:03:21.779066
601,601,0.5846,1,2026-03-31T09:03:21.779066
602,602,0.7285,1,2026-03-31T09:03:21.779066
603,603,0.764,1,2026-03-31T09:03:21.779066
604,604,0.7517,1,2026-03-31T09:03:21.779066
605,605,0.4998,0,2026-03-31T09:03:21.779066
606,606,0.3483,0,2026-03-31T09:03:21.779066
607,607,0.5579,1,2026-03-31T09:03:21.779066
608,608,0.6776,1,2026-03-31T09:03:21.779066
609,609,0.6292,1,2026-03-31T09:03:21.779066
610,610,0.3613,0,2026-03-31T09:03:21.779066
611,611,0.3437,0,2026-03-31T09:03:21.779066
612,612,0.4605,0,2026-03-31T09:03:21.779066
613,613,0.4719,0,2026-03-31T09:03:21.779066
614,614,0.5772,1,2026-03-31T09:03:21.779066
615,615,0.8632,1,2026-03-31T09:03:21.779066
616,616,0.7112,1,2026-03-31T09:03:21.779066
617,617,0.7339,1,2026-03-31T09:03:21.779066
618,618,0.2262,0,2026-03-31T09:03:21.779066
619,619,0.6341,1,2026-03-31T09:03:21.779066
620,620,0.6349,1,2026-03-31T09:03:21.779066
621,621,0.5759,1,2026-03-31T09:03:21.779066
622,622,0.3798,0,2026-03-31T09:03:21.779066
623,623,0.8002,1,2026-03-31T09:03:21.779066
624,624,0.2506,0,2026-03-31T09:03:21.779066
625,625,0.6097,1,2026-03-31T09:03:21.779066
626,626,0.5578,1,2026-03-31T09:03:21.779066
627,627,0.5647,1,2026-03-31T09:03:21.779066
628,628,0.3431,0,2026-03-31T09:03:21.779066
629,629,0.5175,1,2026-03-31T09:03:21.779066
630,630,0.2788,0,2026-03-31T09:03:21.779066
631,631,0.2954,0,2026-03-31T09:03:21.779066
632,632,0.4329,0,2026-03-31T09:03:21.779066
633,633,0.7014,1,2026-03-31T09:03:21.779066
634,634,0.4413,0,2026-03-31T09:03:21.779066
635,635,0.186,0,2026-03-31T09:03:21.779066
636,636,0.3117,0,2026-03-31T09:03:21.779066
637,637,0.6308,1,2026-03-31T09:03:21.779066
638,638,0.5248,1,2026-03-31T09:03:21.779066
639,639,0.4197,0,2026-03-31T09:03:21.779066
640,640,0.8613,1,2026-03-31T09:03:21.779066
641,641,0.7023,1,2026-03-31T09:03:21.779066
642,642,0.4818,0,2026-03-31T09:03:21.779066
643,643,0.619,1,2026-03-31T09:03:21.779066
644,644,0.4141,0,2026-03-31T09:03:21.779066
645,645,0.8067,1,2026-03-31T09:03:21.779066
646,646,0.7753,1,2026-03-31T09:03:21.779066
647,647,0.5224,1,2026-03-31T09:03:21.779066
648,648,0.5626,1,2026-03-31T09:03:21.779066
649,649,0.713,1,2026-03-31T09:03:21.779066
650,650,0.6169,1,2026-03-31T09:03:21.779066
651,651,0.4047,0,2026-03-31T09:03:21.779066
652,652,0.466,0,2026-03-31T09:03:21.779066
653,653,0.6993,1,2026-03-31T09:03:21.779066
654,654,0.609,1,2026-03-31T09:03:21.779066
655,655,0.4297,0,2026-03-31T09:03:21.779066
656,656,0.5386,1,2026-03-31T09:03:21.779066
657,657,0.4333,0,2026-03-31T09:03:21.779066
658,658,0.2289,0,2026-03-31T09:03:21.779066
659,659,0.5941,1,2026-03-31T09:03:21.779066
660,660,0.498,0,2026-03-31T09:03:21.779066
661,661,0.4501,0,2026-03-31T09:03:21.779066
662,662,0.5897,1,2026-03-31T09:03:21.779066
663,663,0.5202,1,2026-03-31T09:03:21.779066
664,664,0.5253,1,2026-03-31T09:03:21.779066
665,665,0.7371,1,2026-03-31T09:03:21.779066
666,666,0.2654,0,2026-03-31T09:03:21.779066
667,667,0.5297,1,2026-03-31T09:03:21.779066
668,668,0.2721,0,2026-03-31T09:03:21.779066
669,669,0.659,1,2026-03-31T09:03:21.779066
670,670,0.5084,1,2026-03-31T09:03:21.779066
671,671,0.5442,1,2026-03-31T09:03:21.779066
672,672,0.5311,1,2026-03-31T09:03:21.779066
673,673,0.779,1,2026-03-31T09:03:21.779066
674,674,0.5285,1,2026-03-31T09:03:21.779066
675,675,0.6994,1,2026-03-31T09:03:21.779066
676,676,0.6352,1,2026-03-31T09:03:21.779066
677,677,0.5698,1,2026-03-31T09:03:21.779066
678,678,0.3753,0,2026-03-31T09:03:21.779066
679,679,0.7638,1,2026-03-31T09:03:21.779066
680,680,0.4895,0,2026-03-31T09:03:21.779066
681,681,0.7047,1,2026-03-31T09:03:21.779066
682,682,0.4441,0,2026-03-31T09:03:21.779066
683,683,0.7881,1,2026-03-31T09:03:21.779066
684,684,0.2654,0,2026-03-31T09:03:21.779066
685,685,0.5025,1,2026-03-31T09:03:21.779066
686,686,0.6738,1,2026-03-31T09:03:21.779066
687,687,0.4781,0,2026-03-31T09:03:21.779066
688,688,0.4994,0,2026-03-31T09:03:21.779066
689,689,0.8844,1,2026-03-31T09:03:21.779066
690,690,0.818,1,2026-03-31T09:03:21.779066
691,691,0.3895,0,2026-03-31T09:03:21.779066
692,692,0.7998,1,2026-03-31T09:03:21.779066
693,693,0.6489,1,2026-03-31T09:03:21.779066
694,694,0.851,1,2026-03-31T09:03:21.779066
695,695,0.4775,0,2026-03-31T09:03:21.779066
696,696,0.4613,0,2026-03-31T09:03:21.779066
697,697,0.6177,1,2026-03-31T09:03:21.779066
698,698,0.7894,1,2026-03-31T09:03:21.779066
699,699,0.7734,1,2026-03-31T09:03:21.779066
700,700,0.7976,1,2026-03-31T09:03:21.779066
701,701,0.7798,1,2026-03-31T09:03:21.779066
702,702,0.5751,1,2026-03-31T09:03:21.779066
703,703,0.6623,1,2026-03-31T09:03:21.779066
704,704,0.4099,0,2026-03-31T09:03:21.779066
705,705,0.507,1,2026-03-31T09:03:21.779066
706,706,0.7615,1,2026-03-31T09:03:21.779066
707,707,0.3102,0,2026-03-31T09:03:21.779066
708,708,0.3718,0,2026-03-31T09:03:21.779066
709,709,0.312,0,2026-03-31T09:03:21.779066
710,710,0.5429,1,2026-03-31T09:03:21.779066
711,711,0.375,0,2026-03-31T09:03:21.779066
712,712,0.6432,1,2026-03-31T09:03:21.779066
713,713,0.7341,1,2026-03-31T09:03:21.779066
714,714,0.6585,1,2026-03-31T09:03:21.779066
715,715,0.5868,1,2026-03-31T09:03:21.779066
716,716,0.3357,0,2026-03-31T09:03:21.779066
717,717,0.3662,0,2026-03-31T09:03:21.779066
718,718,0.7792,1,2026-03-31T09:03:21.779066
719,719,0.8302,1,2026-03-31T09:03:21.779066
720,720,0.6448,1,2026-03-31T09:03:21.779066
721,721,0.4698,0,2026-03-31T09:03:21.779066
722,722,0.7042,1,2026-03-31T09:03:21.779066
723,723,0.4262,0,2026-03-31T09:03:21.779066
724,724,0.4246,0,2026-03-31T09:03:21.779066
725,725,0.814,1,2026-03-31T09:03:21.779066
726,726,0.469,0,2026-03-31T09:03:21.779066
727,727,0.6332,1,2026-03-31T09:03:21.779066
728,728,0.5199,1,2026-03-31T09:03:21.779066
729,729,0.4222,0,2026-03-31T09:03:21.779066
730,730,0.435,0,2026-03-31T09:03:21.779066
731,731,0.705,1,2026-03-31T09:03:21.779066
732,732,0.5367,1,2026-03-31T09:03:21.779066
733,733,0.8827,1,2026-03-31T09:03:21.779066
734,734,0.6704,1,2026-03-31T09:03:21.779066
735,735,0.8471,1,2026-03-31T09:03:21.779066
736,736,0.6136,1,2026-03-31T09:03:21.779066
737,737,0.3046,0,2026-03-31T09:03:21.779066
738,738,0.5269,1,2026-03-31T09:03:21.779066
739,739,0.6449,1,2026-03-31T09:03:21.779066
740,740,0.7424,1,2026-03-31T09:03:21.779066
741,741,0.6754,1,2026-03-31T09:03:21.779066
742,742,0.6999,1,2026-03-31T09:03:21.779066
743,743,0.7038,1,2026-03-31T09:03:21.779066
744,744,0.8368,1,2026-03-31T09:03:21.779066
745,745,0.2614,0,2026-03-31T09:03:21.779066
746,746,0.4147,0,2026-03-31T09:03:21.779066
747,747,0.4669,0,2026-03-31T09:03:21.779066
748,748,0.2501,0,2026-03-31T09:03:21.779066
749,749,0.8203,1,2026-03-31T09:03:21.779066
750,750,0.4428,0,2026-03-31T09:03:21.779066
751,751,0.5653,1,2026-03-31T09:03:21.779066
752,752,0.4289,0,2026-03-31T09:03:21.779066
753,753,0.8721,1,2026-03-31T09:03:21.779066
754,754,0.5294,1,2026-03-31T09:03:21.779066
755,755,0.75,1,2026-03-31T09:03:21.779066
756,756,0.7677,1,2026-03-31T09:03:21.779066
757,757,0.4051,0,2026-03-31T09:03:21.779066
758,758,0.6206,1,2026-03-31T09:03:21.779066
759,759,0.3852,0,2026-03-31T09:03:21.779066
760,760,0.2434,0,2026-03-31T09:03:21.779066
761,761,0.5333,1,2026-03-31T09:03:21.779066
762,762,0.5029,1,2026-03-31T09:03:21.779066
763,763,0.7463,1,2026-03-31T09:03:21.779066
764,764,0.356,0,2026-03-31T09:03:21.779066
765,765,0.567,1,2026-03-31T09:03:21.779066
766,766,0.3642,0,2026-03-31T09:03:21.779066
767,767,0.5992,1,2026-03-31T09:03:21.779066
768,768,0.4254,0,2026-03-31T09:03:21.779066
769,769,0.8819,1,2026-03-31T09:03:21.779066
770,770,0.5007,1,2026-03-31T09:03:21.779066
771,771,0.365,0,2026-03-31T09:03:21.779066
772,772,0.6972,1,2026-03-31T09:03:21.779066
773,773,0.7337,1,2026-03-31T09:03:21.779066
774,774,0.7877,1,2026-03-31T09:03:21.779066
775,775,0.4038,0,2026-03-31T09:03:21.779066
776,776,0.426,0,2026-03-31T09:03:21.779066
777,777,0.7313,1,2026-03-31T09:03:21.779066
778,778,0.3369,0,2026-03-31T09:03:21.779066
779,779,0.8092,1,2026-03-31T09:03:21.779066
780,780,0.5535,1,2026-03-31T09:03:21.779066
781,781,0.7881,1,2026-03-31T09:03:21.779066
782,782,0.6503,1,2026-03-31T09:03:21.779066
783,783,0.6538,1,2026-03-31T09:03:21.779066
784,784,0.3371,0,2026-03-31T09:03:21.779066
785,785,0.5216,1,2026-03-31T09:03:21.779066
786,786,0.5411,1,2026-03-31T09:03:21.779066
787,787,0.3036,0,2026-03-31T09:03:21.779066
788,788,0.7787,1,2026-03-31T09:03:21.779066
789,789,0.8677,1,2026-03-31T09:03:21.779066
790,790,0.2523,0,2026-03-31T09:03:21.779066
791,791,0.4882,0,2026-03-31T09:03:21.779066
792,792,0.5728,1,2026-03-31T09:03:21.779066
793,793,0.7266,1,2026-03-31T09:03:21.779066
794,794,0.3261,0,2026-03-31T09:03:21.779066
795,795,0.3129,0,2026-03-31T09:03:21.779066
796,796,0.799,1,2026-03-31T09:03:21.779066
797,797,0.4987,0,2026-03-31T09:03:21.779066
798,798,0.4317,0,2026-03-31T09:03:21.779066
799,799,0.2183,0,2026-03-31T09:03:21.779066
800,800,0.8622,1,2026-03-31T09:03:21.779066
801,801,0.4682,0,2026-03-31T09:03:21.779066
802,802,0.2774,0,2026-03-31T09:03:21.779066
803,803,0.2971,0,2026-03-31T09:03:21.779066
804,804,0.7391,1,2026-03-31T09:03:21.779066
805,805,0.5053,1,2026-03-31T09:03:21.779066
806,806,0.6004,1,2026-03-31T09:03:21.779066
807,807,0.3563,0,2026-03-31T09:03:21.779066
808,808,0.7439,1,2026-03-31T09:03:21.779066
809,809,0.7251,1,2026-03-31T09:03:21.779066
810,810,0.6028,1,2026-03-31T09:03:21.779066
811,811,0.4175,0,2026-03-31T09:03:21.779066
812,812,0.4838,0,2026-03-31T09:03:21.779066
813,813,0.4771,0,2026-03-31T09:03:21.779066
814,814,0.7971,1,2026-03-31T09:03:21.779066
815,815,0.6912,1,2026-03-31T09:03:21.779066
816,816,0.4122,0,2026-03-31T09:03:21.779066
817,817,0.3139,0,2026-03-31T09:03:21.779066
818,818,0.2759,0,2026-03-31T09:03:21.779066
819,819,0.8536,1,2026-03-31T09:03:21.779066
820,820,0.4268,0,2026-03-31T09:03:21.779066
821,821,0.4611,0,2026-03-31T09:03:21.779066
822,822,0.7288,1,2026-03-31T09:03:21.779066
823,823,0.7856,1,2026-03-31T09:03:21.779066
824,824,0.4923,0,2026-03-31T09:03:21.779066
825,825,0.5612,1,2026-03-31T09:03:21.779066
826,826,0.4782,0,2026-03-31T09:03:21.779066
827,827,0.7775,1,2026-03-31T09:03:21.779066
828,828,0.7251,1,2026-03-31T09:03:21.779066
829,829,0.6607,1,2026-03-31T09:03:21.779066
830,830,0.7684,1,2026-03-31T09:03:21.779066
831,831,0.4037,0,2026-03-31T09:03:21.779066
832,832,0.5299,1,2026-03-31T09:03:21.779066
833,833,0.7247,1,2026-03-31T09:03:21.779066
834,834,0.7281,1,2026-03-31T09:03:21.779066
835,835,0.7294,1,2026-03-31T09:03:21.779066
836,836,0.5417,1,2026-03-31T09:03:21.779066
837,837,0.4313,0,2026-03-31T09:03:21.779066
838,838,0.4991,0,2026-03-31T09:03:21.779066
839,839,0.6665,1,2026-03-31T09:03:21.779066
840,840,0.3738,0,2026-03-31T09:03:21.779066
841,841,0.8072,1,2026-03-31T09:03:21.779066
842,842,0.78,1,2026-03-31T09:03:21.779066
843,843,0.3094,0,2026-03-31T09:03:21.779066
844,844,0.4433,0,2026-03-31T09:03:21.779066
845,845,0.6472,1,2026-03-31T09:03:21.779066
846,846,0.3818,0,2026-03-31T09:03:21.779066
847,847,0.7999,1,2026-03-31T09:03:21.779066
848,848,0.9249,1,2026-03-31T09:03:21.779066
849,849,0.8547,1,2026-03-31T09:03:21.779066
850,850,0.5126,1,2026-03-31T09:03:21.779066
851,851,0.5007,1,2026-03-31T09:03:21.779066
852,852,0.5145,1,2026-03-31T09:03:21.779066
853,853,0.5541,1,2026-03-31T09:03:21.779066
854,854,0.8845,1,2026-03-31T09:03:21.779066
855,855,0.7895,1,2026-03-31T09:03:21.779066
856,856,0.4749,0,2026-03-31T09:03:21.779066
857,857,0.3962,0,2026-03-31T09:03:21.779066
858,858,0.6629,1,2026-03-31T09:03:21.779066
859,859,0.6773,1,2026-03-31T09:03:21.779066
860,860,0.7022,1,2026-03-31T09:03:21.779066
861,861,0.6239,1,2026-03-31T09:03:21.779066
862,862,0.7863,1,2026-03-31T09:03:21.779066
863,863,0.4545,0,2026-03-31T09:03:21.779066
864,864,0.4726,0,2026-03-31T09:03:21.779066
865,865,0.6021,1,2026-03-31T09:03:21.779066
866,866,0.4285,0,2026-03-31T09:03:21.779066
867,867,0.5742,1,2026-03-31T09:03:21.779066
868,868,0.432,0,2026-03-31T09:03:21.779066
869,869,0.4582,0,2026-03-31T09:03:21.779066
870,870,0.523,1,2026-03-31T09:03:21.779066
871,871,0.5276,1,2026-03-31T09:03:21.779066
872,872,0.3682,0,2026-03-31T09:03:21.779066
873,873,0.3568,0,2026-03-31T09:03:21.779066
874,874,0.8272,1,2026-03-31T09:03:21.779066
875,875,0.8214,1,2026-03-31T09:03:21.779066
876,876,0.3722,0,2026-03-31T09:03:21.779066
877,877,0.4207,0,2026-03-31T09:03:21.779066
878,878,0.79,1,2026-03-31T09:03:21.779066
879,879,0.4651,0,2026-03-31T09:03:21.779066
880,880,0.5321,1,2026-03-31T09:03:21.779066
881,881,0.6854,1,2026-03-31T09:03:21.779066
882,882,0.6543,1,2026-03-31T09:03:21.779066
883,883,0.4107,0,2026-03-31T09:03:21.779066
884,884,0.5985,1,2026-03-31T09:03:21.779066
885,885,0.2947,0,2026-03-31T09:03:21.779066
886,886,0.2733,0,2026-03-31T09:03:21.779066
887,887,0.7752,1,2026-03-31T09:03:21.779066
888,888,0.7157,1,2026-03-31T09:03:21.779066
889,889,0.8045,1,2026-03-31T09:03:21.779066
890,890,0.2747,0,2026-03-31T09:03:21.779066
891,891,0.4888,0,2026-03-31T09:03:21.779066
892,892,0.4347,0,2026-03-31T09:03:21.779066
893,893,0.5977,1,2026-03-31T09:03:21.779066
894,894,0.4982,0,2026-03-31T09:03:21.779066
895,895,0.7532,1,2026-03-31T09:03:21.779066
896,896,0.2248,0,2026-03-31T09:03:21.779066
897,897,0.839,1,2026-03-31T09:03:21.779066
898,898,0.2297,0,2026-03-31T09:03:21.779066
899,899,0.3993,0,2026-03-31T09:03:21.779066
900,900,0.8944,1,2026-03-31T09:03:21.779066
901,901,0.8787,1,2026-03-31T09:03:21.779066
902,902,0.2711,0,2026-03-31T09:03:21.779066
903,903,0.3166,0,2026-03-31T09:03:21.779066
904,904,0.5434,1,2026-03-31T09:03:21.779066
905,905,0.4363,0,2026-03-31T09:03:21.779066
906,906,0.9204,1,2026-03-31T09:03:21.779066
907,907,0.4578,0,2026-03-31T09:03:21.779066
908,908,0.661,1,2026-03-31T09:03:21.779066
909,909,0.7608,1,2026-03-31T09:03:21.779066
910,910,0.4465,0,2026-03-31T09:03:21.779066
911,911,0.695,1,2026-03-31T09:03:21.779066
912,912,0.3652,0,2026-03-31T09:03:21.779066
913,913,0.6924,1,2026-03-31T09:03:21.779066
914,914,0.5779,1,2026-03-31T09:03:21.779066
915,915,0.8322,1,2026-03-31T09:03:21.779066
916,916,0.3555,0,2026-03-31T09:03:21.779066
917,917,0.5932,1,2026-03-31T09:03:21.779066
918,918,0.4656,0,2026-03-31T09:03:21.779066
919,919,0.6717,1,2026-03-31T09:03:21.779066
920,920,0.6551,1,2026-03-31T09:03:21.779066
921,921,0.5832,1,2026-03-31T09:03:21.779066
922,922,0.4024,0,2026-03-31T09:03:21.779066
923,923,0.7188,1,2026-03-31T09:03:21.779066
924,924,0.5404,1,2026-03-31T09:03:21.779066
925,925,0.6938,1,2026-03-31T09:03:21.779066
926,926,0.4093,0,2026-03-31T09:03:21.779066
927,927,0.5639,1,2026-03-31T09:03:21.779066
928,928,0.7058,1,2026-03-31T09:03:21.779066
929,929,0.4874,0,2026-03-31T09:03:21.779066
930,930,0.4038,0,2026-03-31T09:03:21.779066
931,931,0.4309,0,2026-03-31T09:03:21.779066
932,932,0.5047,1,2026-03-31T09:03:21.779066
933,933,0.6658,1,2026-03-31T09:03:21.779066
934,934,0.705,1,2026-03-31T09:03:21.779066
935,935,0.5136,1,2026-03-31T09:03:21.779066
936,936,0.6576,1,2026-03-31T09:03:21.779066
937,937,0.5553,1,2026-03-31T09:03:21.779066
938,938,0.6032,1,2026-03-31T09:03:21.779066
939,939,0.8564,1,2026-03-31T09:03:21.779066
940,940,0.8468,1,2026-03-31T09:03:21.779066
941,941,0.6912,1,2026-03-31T09:03:21.779066
942,942,0.8407,1,2026-03-31T09:03:21.779066
943,943,0.3997,0,2026-03-31T09:03:21.779066
944,944,0.7594,1,2026-03-31T09:03:21.779066
945,945,0.878,1,2026-03-31T09:03:21.779066
946,946,0.4788,0,2026-03-31T09:03:21.779066
947,947,0.4089,0,2026-03-31T09:03:21.779066
948,948,0.7953,1,2026-03-31T09:03:21.779066
949,949,0.8301,1,2026-03-31T09:03:21.779066
950,950,0.744,1,2026-03-31T09:03:21.779066
951,951,0.3109,0,2026-03-31T09:03:21.779066
952,952,0.5187,1,2026-03-31T09:03:21.779066
953,953,0.7352,1,2026-03-31T09:03:21.779066
954,954,0.4853,0,2026-03-31T09:03:21.779066
955,955,0.5201,1,2026-03-31T09:03:21.779066
956,956,0.766,1,2026-03-31T09:03:21.779066
957,957,0.3477,0,2026-03-31T09:03:21.779066
958,958,0.8558,1,2026-03-31T09:03:21.779066
959,959,0.3662,0,2026-03-31T09:03:21.779066
960,960,0.2904,0,2026-03-31T09:03:21.779066
961,961,0.7442,1,2026-03-31T09:03:21.779066
962,962,0.5815,1,2026-03-31T09:03:21.779066
963,963,0.286,0,2026-03-31T09:03:21.779066
964,964,0.8337,1,2026-03-31T09:03:21.779066
965,965,0.7622,1,2026-03-31T09:03:21.779066
966,966,0.6821,1,2026-03-31T09:03:21.779066
967,967,0.7532,1,2026-03-31T09:03:21.779066
968,968,0.4523,0,2026-03-31T09:03:21.779066
969,969,0.5814,1,2026-03-31T09:03:21.779066
970,970,0.6308,1,2026-03-31T09:03:21.779066
971,971,0.7899,1,2026-03-31T09:03:21.779066
972,972,0.6562,1,2026-03-31T09:03:21.779066
973,973,0.7938,1,2026-03-31T09:03:21.779066
974,974,0.378,0,2026-03-31T09:03:21.779066
975,975,0.3497,0,2026-03-31T09:03:21.779066
976,976,0.4427,0,2026-03-31T09:03:21.779066
977,977,0.5288,1,2026-03-31T09:03:21.779066
978,978,0.7949,1,2026-03-31T09:03:21.779066
979,979,0.6572,1,2026-03-31T09:03:21.779066
980,980,0.7317,1,2026-03-31T09:03:21.779066
981,981,0.3796,0,2026-03-31T09:03:21.779066
982,982,0.4525,0,2026-03-31T09:03:21.779066
983,983,0.6753,1,2026-03-31T09:03:21.779066
984,984,0.506,1,2026-03-31T09:03:21.779066
985,985,0.4409,0,2026-03-31T09:03:21.779066
986,986,0.7338,1,2026-03-31T09:03:21.779066
987,987,0.8631,1,2026-03-31T09:03:21.779066
988,988,0.6623,1,2026-03-31T09:03:21.779066
989,989,0.7452,1,2026-03-31T09:03:21.779066
990,990,0.4605,0,2026-03-31T09:03:21.779066
991,991,0.6532,1,2026-03-31T09:03:21.779066
992,992,0.8598,1,2026-03-31T09:03:21.779066
993,993,0.2384,0,2026-03-31T09:03:21.779066
994,994,0.4126,0,2026-03-31T09:03:21.779066
995,995,0.6674,1,2026-03-31T09:03:21.779066
996,996,0.4269,0,2026-03-31T09:03:21.779066
997,997,0.606,1,2026-03-31T09:03:21.779066
998,998,0.4243,0,2026-03-31T09:03:21.779066
999,999,0.8375,1,2026-03-31T09:03:21.779066
1000,1000,0.3795,0,2026-03-31T09:03:21.779066
1001,1001,0.4449,0,2026-03-31T09:03:21.779066
1002,1002,0.5412,1,2026-03-31T09:03:21.779066
1003,1003,0.3675,0,2026-03-31T09:03:21.779066
1004,1004,0.5808,1,2026-03-31T09:03:21.779066
1005,1005,0.6897,1,2026-03-31T09:03:21.779066
1006,1006,0.6859,1,2026-03-31T09:03:21.779066
1007,1007,0.4433,0,2026-03-31T09:03:21.779066
1008,1008,0.4038,0,2026-03-31T09:03:21.779066
1009,1009,0.3823,0,2026-03-31T09:03:21.779066
1010,1010,0.6167,1,2026-03-31T09:03:21.779066
1011,1011,0.486,0,2026-03-31T09:03:21.779066
1012,1012,0.604,1,2026-03-31T09:03:21.779066
1013,1013,0.521,1,2026-03-31T09:03:21.779066
1014,1014,0.6163,1,2026-03-31T09:03:21.779066
1015,1015,0.3456,0,2026-03-31T09:03:21.779066
1016,1016,0.2822,0,2026-03-31T09:03:21.779066
1017,1017,0.6988,1,2026-03-31T09:03:21.779066
1018,1018,0.6056,1,2026-03-31T09:03:21.779066
1019,1019,0.4999,0,2026-03-31T09:03:21.779066
1020,1020,0.6436,1,2026-03-31T09:03:21.779066
1021,1021,0.5355,1,2026-03-31T09:03:21.779066
1022,1022,0.4659,0,2026-03-31T09:03:21.779066
1023,1023,0.5394,1,2026-03-31T09:03:21.779066
1024,1024,0.7488,1,2026-03-31T09:03:21.779066
1025,1025,0.7639,1,2026-03-31T09:03:21.779066
1026,1026,0.717,1,2026-03-31T09:03:21.779066
1027,1027,0.5135,1,2026-03-31T09:03:21.779066
1028,1028,0.2897,0,2026-03-31T09:03:21.779066
1029,1029,0.4003,0,2026-03-31T09:03:21.779066
1030,1030,0.3661,0,2026-03-31T09:03:21.779066
1031,1031,0.5334,1,2026-03-31T09:03:21.779066
1032,1032,0.3907,0,2026-03-31T09:03:21.779066
1033,1033,0.8543,1,2026-03-31T09:03:21.779066
1034,1034,0.8515,1,2026-03-31T09:03:21.779066
1035,1035,0.8611,1,2026-03-31T09:03:21.779066
1036,1036,0.4695,0,2026-03-31T09:03:21.779066
1037,1037,0.419,0,2026-03-31T09:03:21.779066
1038,1038,0.6648,1,2026-03-31T09:03:21.779066
1039,1039,0.7227,1,2026-03-31T09:03:21.779066
1040,1040,0.6436,1,2026-03-31T09:03:21.779066
1041,1041,0.363,0,2026-03-31T09:03:21.779066
1042,1042,0.7736,1,2026-03-31T09:03:21.779066
1043,1043,0.2505,0,2026-03-31T09:03:21.779066
1044,1044,0.5436,1,2026-03-31T09:03:21.779066
1045,1045,0.2427,0,2026-03-31T09:03:21.779066
1046,1046,0.8312,1,2026-03-31T09:03:21.779066
1047,1047,0.5464,1,2026-03-31T09:03:21.779066
1048,1048,0.7689,1,2026-03-31T09:03:21.779066
1049,1049,0.8248,1,2026-03-31T09:03:21.779066
1050,1050,0.5521,1,2026-03-31T09:03:21.779066
1051,1051,0.6826,1,2026-03-31T09:03:21.779066
1052,1052,0.4343,0,2026-03-31T09:03:21.779066
1053,1053,0.5666,1,2026-03-31T09:03:21.779066
1054,1054,0.7284,1,2026-03-31T09:03:21.779066
1055,1055,0.7216,1,2026-03-31T09:03:21.779066
1056,1056,0.5844,1,2026-03-31T09:03:21.779066
1057,1057,0.3767,0,2026-03-31T09:03:21.779066
1058,1058,0.4873,0,2026-03-31T09:03:21.779066
1059,1059,0.6675,1,2026-03-31T09:03:21.779066
1060,1060,0.5085,1,2026-03-31T09:03:21.779066
1061,1061,0.2132,0,2026-03-31T09:03:21.779066
1062,1062,0.5496,1,2026-03-31T09:03:21.779066
1063,1063,0.8218,1,2026-03-31T09:03:21.779066
1064,1064,0.8652,1,2026-03-31T09:03:21.779066
1065,1065,0.4054,0,2026-03-31T09:03:21.779066
1066,1066,0.4848,0,2026-03-31T09:03:21.779066
1067,1067,0.4922,0,2026-03-31T09:03:21.779066
1068,1068,0.5683,1,2026-03-31T09:03:21.779066
1069,1069,0.7536,1,2026-03-31T09:03:21.779066
1070,1070,0.714,1,2026-03-31T09:03:21.779066
1071,1071,0.7113,1,2026-03-31T09:03:21.779066
1072,1072,0.6833,1,2026-03-31T09:03:21.779066
1073,1073,0.5292,1,2026-03-31T09:03:21.779066
1074,1074,0.3798,0,2026-03-31T09:03:21.779066
1075,1075,0.7971,1,2026-03-31T09:03:21.779066
1076,1076,0.353,0,2026-03-31T09:03:21.779066
1077,1077,0.8159,1,2026-03-31T09:03:21.779066
1078,1078,0.726,1,2026-03-31T09:03:21.779066
1079,1079,0.7331,1,2026-03-31T09:03:21.779066
1080,1080,0.4657,0,2026-03-31T09:03:21.779066
1081,1081,0.4096,0,2026-03-31T09:03:21.779066
1082,1082,0.6714,1,2026-03-31T09:03:21.779066
1083,1083,0.4853,0,2026-03-31T09:03:21.779066
1084,1084,0.8815,1,2026-03-31T09:03:21.779066
1085,1085,0.6422,1,2026-03-31T09:03:21.779066
1086,1086,0.6429,1,2026-03-31T09:03:21.779066
1087,1087,0.6333,1,2026-03-31T09:03:21.779066
1088,1088,0.3654,0,2026-03-31T09:03:21.779066
1089,1089,0.3268,0,2026-03-31T09:03:21.779066
1090,1090,0.4436,0,2026-03-31T09:03:21.779066
1091,1091,0.6137,1,2026-03-31T09:03:21.779066
1092,1092,0.8742,1,2026-03-31T09:03:21.779066
1093,1093,0.4186,0,2026-03-31T09:03:21.779066
1094,1094,0.6563,1,2026-03-31T09:03:21.779066
1095,1095,0.8164,1,2026-03-31T09:03:21.779066
1096,1096,0.4935,0,2026-03-31T09:03:21.779066
1097,1097,0.6072,1,2026-03-31T09:03:21.779066
1098,1098,0.6597,1,2026-03-31T09:03:21.779066
1099,1099,0.6714,1,2026-03-31T09:03:21.779066
1100,1100,0.3843,0,2026-03-31T09:03:21.779066
1101,1101,0.8505,1,2026-03-31T09:03:21.779066
1102,1102,0.7594,1,2026-03-31T09:03:21.779066
1103,1103,0.4311,0,2026-03-31T09:03:21.779066
1104,1104,0.4191,0,2026-03-31T09:03:21.779066
1105,1105,0.3816,0,2026-03-31T09:03:21.779066
1106,1106,0.4809,0,2026-03-31T09:03:21.779066
1107,1107,0.8707,1,2026-03-31T09:03:21.779066
1108,1108,0.7121,1,2026-03-31T09:03:21.779066
1109,1109,0.8066,1,2026-03-31T09:03:21.779066
1110,1110,0.5624,1,2026-03-31T09:03:21.779066
1111,1111,0.4904,0,2026-03-31T09:03:21.779066
1112,1112,0.5191,1,2026-03-31T09:03:21.779066
1113,1113,0.8392,1,2026-03-31T09:03:21.779066
1114,1114,0.414,0,2026-03-31T09:03:21.779066
1115,1115,0.4715,0,2026-03-31T09:03:21.779066
1116,1116,0.604,1,2026-03-31T09:03:21.779066
1117,1117,0.4607,0,2026-03-31T09:03:21.779066
1118,1118,0.8211,1,2026-03-31T09:03:21.779066
1119,1119,0.5839,1,2026-03-31T09:03:21.779066
1120,1120,0.2712,0,2026-03-31T09:03:21.779066
1121,1121,0.5211,1,2026-03-31T09:03:21.779066
1122,1122,0.4346,0,2026-03-31T09:03:21.779066
1123,1123,0.5722,1,2026-03-31T09:03:21.779066
1124,1124,0.5583,1,2026-03-31T09:03:21.779066
1125,1125,0.3894,0,2026-03-31T09:03:21.779066
1126,1126,0.7805,1,2026-03-31T09:03:21.779066
1127,1127,0.5038,1,2026-03-31T09:03:21.779066
1128,1128,0.6433,1,2026-03-31T09:03:21.779066
1129,1129,0.4048,0,2026-03-31T09:03:21.779066
1130,1130,0.6991,1,2026-03-31T09:03:21.779066
1131,1131,0.2697,0,2026-03-31T09:03:21.779066
1132,1132,0.6345,1,2026-03-31T09:03:21.779066
1133,1133,0.418,0,2026-03-31T09:03:21.779066
1134,1134,0.7397,1,2026-03-31T09:03:21.779066
1135,1135,0.5341,1,2026-03-31T09:03:21.779066
1136,1136,0.5791,1,2026-03-31T09:03:21.779066
1137,1137,0.5759,1,2026-03-31T09:03:21.779066
1138,1138,0.4396,0,2026-03-31T09:03:21.779066
1139,1139,0.2615,0,2026-03-31T09:03:21.779066
1140,1140,0.523,1,2026-03-31T09:03:21.779066
1141,1141,0.3782,0,2026-03-31T09:03:21.779066
1142,1142,0.6064,1,2026-03-31T09:03:21.779066
1143,1143,0.8026,1,2026-03-31T09:03:21.779066
1144,1144,0.4984,0,2026-03-31T09:03:21.779066
1145,1145,0.537,1,2026-03-31T09:03:21.779066
1146,1146,0.511,1,2026-03-31T09:03:21.779066
1147,1147,0.56,1,2026-03-31T09:03:21.779066
1148,1148,0.7118,1,2026-03-31T09:03:21.779066
1149,1149,0.2645,0,2026-03-31T09:03:21.779066
1150,1150,0.5921,1,2026-03-31T09:03:21.779066
1151,1151,0.2773,0,2026-03-31T09:03:21.779066
1152,1152,0.5013,1,2026-03-31T09:03:21.779066
1153,1153,0.5223,1,2026-03-31T09:03:21.779066
1154,1154,0.7346,1,2026-03-31T09:03:21.779066
1155,1155,0.6218,1,2026-03-31T09:03:21.779066
1156,1156,0.7257,1,2026-03-31T09:03:21.779066
1157,1157,0.7983,1,2026-03-31T09:03:21.779066
1158,1158,0.8873,1,2026-03-31T09:03:21.779066
1159,1159,0.5975,1,2026-03-31T09:03:21.779066
1160,1160,0.7478,1,2026-03-31T09:03:21.779066
1161,1161,0.8914,1,2026-03-31T09:03:21.779066
1162,1162,0.7699,1,2026-03-31T09:03:21.779066
1163,1163,0.692,1,2026-03-31T09:03:21.779066
1164,1164,0.9242,1,2026-03-31T09:03:21.779066
1165,1165,0.7112,1,2026-03-31T09:03:21.779066
1166,1166,0.5497,1,2026-03-31T09:03:21.779066
1167,1167,0.7062,1,2026-03-31T09:03:21.779066
1168,1168,0.8143,1,2026-03-31T09:03:21.779066
1169,1169,0.6209,1,2026-03-31T09:03:21.779066
1170,1170,0.6928,1,2026-03-31T09:03:21.779066
1171,1171,0.8383,1,2026-03-31T09:03:21.779066
1172,1172,0.704,1,2026-03-31T09:03:21.779066
1173,1173,0.7668,1,2026-03-31T09:03:21.779066
1174,1174,0.5511,1,2026-03-31T09:03:21.779066
1175,1175,0.7912,1,2026-03-31T09:03:21.779066
1176,1176,0.6931,1,2026-03-31T09:03:21.779066
1177,1177,0.7986,1,2026-03-31T09:03:21.779066
1178,1178,0.8071,1,2026-03-31T09:03:21.779066
1179,1179,0.4033,0,2026-03-31T09:03:21.779066
1180,1180,0.6461,1,2026-03-31T09:03:21.779066
1181,1181,0.6188,1,2026-03-31T09:03:21.779066
1182,1182,0.914,1,2026-03-31T09:03:21.779066
1183,1183,0.7216,1,2026-03-31T09:03:21.779066
1184,1184,0.476,0,2026-03-31T09:03:21.779066
1185,1185,0.7604,1,2026-03-31T09:03:21.779066
1186,1186,0.5229,1,2026-03-31T09:03:21.779066
1187,1187,0.6594,1,2026-03-31T09:03:21.779066
1188,1188,0.5253,1,2026-03-31T09:03:21.779066
1189,1189,0.7525,1,2026-03-31T09:03:21.779066
1190,1190,0.7936,1,2026-03-31T09:03:21.779066
1191,1191,0.3957,0,2026-03-31T09:03:21.779066
1192,1192,0.5371,1,2026-03-31T09:03:21.779066
1193,1193,0.6777,1,2026-03-31T09:03:21.779066
1194,1194,0.6009,1,2026-03-31T09:03:21.779066
1195,1195,0.5753,1,2026-03-31T09:03:21.779066
1196,1196,0.6683,1,2026-03-31T09:03:21.779066
1197,1197,0.6192,1,2026-03-31T09:03:21.779066
1198,1198,0.79,1,2026-03-31T09:03:21.779066
1199,1199,0.633,1,2026-03-31T09:03:21.779066
1200,1200,0.8141,1,2026-03-31T09:03:21.779066
1201,1201,0.6949,1,2026-03-31T09:03:21.779066
1202,1202,0.7492,1,2026-03-31T09:03:21.779066
1203,1203,0.5234,1,2026-03-31T09:03:21.779066
1204,1204,0.6571,1,2026-03-31T09:03:21.779066
1205,1205,0.4509,0,2026-03-31T09:03:21.779066
1206,1206,0.787,1,2026-03-31T09:03:21.779066
1207,1207,0.7426,1,2026-03-31T09:03:21.779066
1208,1208,0.5811,1,2026-03-31T09:03:21.779066
1209,1209,0.3427,0,2026-03-31T09:03:21.779066
1210,1210,0.7104,1,2026-03-31T09:03:21.779066
1211,1211,0.6778,1,2026-03-31T09:03:21.779066
1212,1212,0.8298,1,2026-03-31T09:03:21.779066
1213,1213,0.8923,1,2026-03-31T09:03:21.779066
1214,1214,0.7647,1,2026-03-31T09:03:21.779066
1215,1215,0.7165,1,2026-03-31T09:03:21.779066
1216,1216,0.6598,1,2026-03-31T09:03:21.779066
1217,1217,0.7653,1,2026-03-31T09:03:21.779066
1218,1218,0.7144,1,2026-03-31T09:03:21.779066
1219,1219,0.8148,1,2026-03-31T09:03:21.779066
1220,1220,0.8498,1,2026-03-31T09:03:21.779066
1221,1221,0.8073,1,2026-03-31T09:03:21.779066
1222,1222,0.6505,1,2026-03-31T09:03:21.779066
1223,1223,0.704,1,2026-03-31T09:03:21.779066
1224,1224,0.6503,1,2026-03-31T09:03:21.779066
1225,1225,0.94,1,2026-03-31T09:03:21.779066
1226,1226,0.5127,1,2026-03-31T09:03:21.779066
1227,1227,0.6979,1,2026-03-31T09:03:21.779066
1228,1228,0.749,1,2026-03-31T09:03:21.779066
1229,1229,0.5183,1,2026-03-31T09:03:21.779066
1230,1230,0.7041,1,2026-03-31T09:03:21.779066
1231,1231,0.81,1,2026-03-31T09:03:21.779066
1232,1232,0.802,1,2026-03-31T09:03:21.779066
1233,1233,0.7824,1,2026-03-31T09:03:21.779066
1234,1234,0.7516,1,2026-03-31T09:03:21.779066
1235,1235,0.8447,1,2026-03-31T09:03:21.779066
1236,1236,0.6433,1,2026-03-31T09:03:21.779066
1237,1237,0.6311,1,2026-03-31T09:03:21.779066
1238,1238,0.671,1,2026-03-31T09:03:21.779066
1239,1239,0.6152,1,2026-03-31T09:03:21.779066
1240,1240,0.7706,1,2026-03-31T09:03:21.779066
1241,1241,0.6627,1,2026-03-31T09:03:21.779066
1242,1242,0.7295,1,2026-03-31T09:03:21.779066
1243,1243,0.332,0,2026-03-31T09:03:21.779066
1244,1244,0.9016,1,2026-03-31T09:03:21.779066
1245,1245,0.5509,1,2026-03-31T09:03:21.779066
1246,1246,0.6747,1,2026-03-31T09:03:21.779066
1247,1247,0.5143,1,2026-03-31T09:03:21.779066
1248,1248,0.5196,1,2026-03-31T09:03:21.779066
1249,1249,0.8244,1,2026-03-31T09:03:21.779066
1250,1250,0.7791,1,2026-03-31T09:03:21.779066
1251,1251,0.8465,1,2026-03-31T09:03:21.779066
1252,1252,0.4601,0,2026-03-31T09:03:21.779066
1253,1253,0.8351,1,2026-03-31T09:03:21.779066
1254,1254,0.5736,1,2026-03-31T09:03:21.779066
1255,1255,0.7534,1,2026-03-31T09:03:21.779066
1256,1256,0.7412,1,2026-03-31T09:03:21.779066
1257,1257,0.8285,1,2026-03-31T09:03:21.779066
1258,1258,0.8068,1,2026-03-31T09:03:21.779066
1259,1259,0.6555,1,2026-03-31T09:03:21.779066
1260,1260,0.7659,1,2026-03-31T09:03:21.779066
1261,1261,0.787,1,2026-03-31T09:03:21.779066
1262,1262,0.66,1,2026-03-31T09:03:21.779066
1263,1263,0.645,1,2026-03-31T09:03:21.779066
1264,1264,0.6221,1,2026-03-31T09:03:21.779066
1265,1265,0.8275,1,2026-03-31T09:03:21.779066
1266,1266,0.5443,1,2026-03-31T09:03:21.779066
1267,1267,0.6232,1,2026-03-31T09:03:21.779066
1268,1268,0.441,0,2026-03-31T09:03:21.779066
1269,1269,0.8169,1,2026-03-31T09:03:21.779066
1270,1270,0.9424,1,2026-03-31T09:03:21.779066
1271,1271,0.6777,1,2026-03-31T09:03:21.779066
1272,1272,0.5604,1,2026-03-31T09:03:21.779066
1273,1273,0.7186,1,2026-03-31T09:03:21.779066
1274,1274,0.5478,1,2026-03-31T09:03:21.779066
1275,1275,0.5979,1,2026-03-31T09:03:21.779066
1276,1276,0.8257,1,2026-03-31T09:03:21.779066
1277,1277,0.726,1,2026-03-31T09:03:21.779066
1278,1278,0.6364,1,2026-03-31T09:03:21.779066
1279,1279,0.6593,1,2026-03-31T09:03:21.779066
1280,1280,0.7832,1,2026-03-31T09:03:21.779066
1281,1281,0.7474,1,2026-03-31T09:03:21.779066
1282,1282,0.5009,1,2026-03-31T09:03:21.779066
1283,1283,0.7335,1,2026-03-31T09:03:21.779066
1284,1284,0.6835,1,2026-03-31T09:03:21.779066
1285,1285,0.6045,1,2026-03-31T09:03:21.779066
1286,1286,0.6155,1,2026-03-31T09:03:21.779066
1287,1287,0.6583,1,2026-03-31T09:03:21.779066
1288,1288,0.7277,1,2026-03-31T09:03:21.779066
1289,1289,0.6293,1,2026-03-31T09:03:21.779066
1290,1290,0.8407,1,2026-03-31T09:03:21.779066
1291,1291,0.8481,1,2026-03-31T09:03:21.779066
1292,1292,0.6357,1,2026-03-31T09:03:21.779066
1293,1293,0.7814,1,2026-03-31T09:03:21.779066
1294,1294,0.8971,1,2026-03-31T09:03:21.779066
1295,1295,0.5756,1,2026-03-31T09:03:21.779066
1296,1296,0.6456,1,2026-03-31T09:03:21.779066
1297,1297,0.7375,1,2026-03-31T09:03:21.779066
1298,1298,0.3974,0,2026-03-31T09:03:21.779066
1299,1299,0.73,1,2026-03-31T09:03:21.779066
1300,1300,0.4875,0,2026-03-31T09:03:21.779066
1301,1301,0.6453,1,2026-03-31T09:03:21.779066
1302,1302,0.8802,1,2026-03-31T09:03:21.779066
1303,1303,0.4095,0,2026-03-31T09:03:21.779066
1304,1304,0.8488,1,2026-03-31T09:03:21.779066
1305,1305,0.5414,1,2026-03-31T09:03:21.779066
1306,1306,0.6348,1,2026-03-31T09:03:21.779066
1307,1307,0.8282,1,2026-03-31T09:03:21.779066
1308,1308,0.5212,1,2026-03-31T09:03:21.779066
1309,1309,0.8914,1,2026-03-31T09:03:21.779066
1310,1310,0.7836,1,2026-03-31T09:03:21.779066
1311,1311,0.5232,1,2026-03-31T09:03:21.779066
1312,1312,0.6815,1,2026-03-31T09:03:21.779066
1313,1313,0.5138,1,2026-03-31T09:03:21.779066
1314,1314,0.535,1,2026-03-31T09:03:21.779066
1315,1315,0.7819,1,2026-03-31T09:03:21.779066
1316,1316,0.5852,1,2026-03-31T09:03:21.779066
1317,1317,0.651,1,2026-03-31T09:03:21.779066
1318,1318,0.7124,1,2026-03-31T09:03:21.779066
1319,1319,0.6887,1,2026-03-31T09:03:21.779066
1320,1320,0.6394,1,2026-03-31T09:03:21.779066
1321,1321,0.5605,1,2026-03-31T09:03:21.779066
1322,1322,0.8537,1,2026-03-31T09:03:21.779066
1323,1323,0.4584,0,2026-03-31T09:03:21.779066
1324,1324,0.8039,1,2026-03-31T09:03:21.779066
1325,1325,0.6174,1,2026-03-31T09:03:21.779066
1326,1326,0.3752,0,2026-03-31T09:03:21.779066
1327,1327,0.4799,0,2026-03-31T09:03:21.779066
1328,1328,0.6692,1,2026-03-31T09:03:21.779066
1329,1329,0.6623,1,2026-03-31T09:03:21.779066
1330,1330,0.6026,1,2026-03-31T09:03:21.779066
1331,1331,0.8469,1,2026-03-31T09:03:21.779066
1332,1332,0.8821,1,2026-03-31T09:03:21.779066
1333,1333,0.4698,0,2026-03-31T09:03:21.779066
1334,1334,0.7042,1,2026-03-31T09:03:21.779066
1335,1335,0.6582,1,2026-03-31T09:03:21.779066
1336,1336,0.7086,1,2026-03-31T09:03:21.779066
1337,1337,0.6548,1,2026-03-31T09:03:21.779066
1338,1338,0.72,1,2026-03-31T09:03:21.779066
1339,1339,0.499,0,2026-03-31T09:03:21.779066
1340,1340,0.7737,1,2026-03-31T09:03:21.779066
1341,1341,0.8187,1,2026-03-31T09:03:21.779066
1342,1342,0.7892,1,2026-03-31T09:03:21.779066
1343,1343,0.5512,1,2026-03-31T09:03:21.779066
1344,1344,0.5425,1,2026-03-31T09:03:21.779066
1345,1345,0.8785,1,2026-03-31T09:03:21.779066
1346,1346,0.7511,1,2026-03-31T09:03:21.779066
1347,1347,0.7303,1,2026-03-31T09:03:21.779066
1348,1348,0.5629,1,2026-03-31T09:03:21.779066
1349,1349,0.7163,1,2026-03-31T09:03:21.779066
1350,1350,0.7753,1,2026-03-31T09:03:21.779066
1351,1351,0.6911,1,2026-03-31T09:03:21.779066
1352,1352,0.6457,1,2026-03-31T09:03:21.779066
1353,1353,0.6871,1,2026-03-31T09:03:21.779066
1354,1354,0.6155,1,2026-03-31T09:03:21.779066
1355,1355,0.456,0,2026-03-31T09:03:21.779066
1356,1356,0.7889,1,2026-03-31T09:03:21.779066
1357,1357,0.4187,0,2026-03-31T09:03:21.779066
1358,1358,0.7517,1,2026-03-31T09:03:21.779066
1359,1359,0.5243,1,2026-03-31T09:03:21.779066
1360,1360,0.9544,1,2026-03-31T09:03:21.779066
1361,1361,0.4405,0,2026-03-31T09:03:21.779066
1362,1362,0.7775,1,2026-03-31T09:03:21.779066
1363,1363,0.8029,1,2026-03-31T09:03:21.779066
1364,1364,0.4249,0,2026-03-31T09:03:21.779066
1365,1365,0.9307,1,2026-03-31T09:03:21.779066
1366,1366,0.6643,1,2026-03-31T09:03:21.779066
1367,1367,0.8194,1,2026-03-31T09:03:21.779066
1368,1368,0.8975,1,2026-03-31T09:03:21.779066
1369,1369,0.6387,1,2026-03-31T09:03:21.779066
1370,1370,0.6071,1,2026-03-31T09:03:21.779066
1371,1371,0.6987,1,2026-03-31T09:03:21.779066
1372,1372,0.6255,1,2026-03-31T09:03:21.779066
1373,1373,0.7979,1,2026-03-31T09:03:21.779066
1374,1374,0.7974,1,2026-03-31T09:03:21.779066
1375,1375,0.7199,1,2026-03-31T09:03:21.779066
1376,1376,0.4735,0,2026-03-31T09:03:21.779066
1377,1377,0.6018,1,2026-03-31T09:03:21.779066
1378,1378,0.6083,1,2026-03-31T09:03:21.779066
1379,1379,0.4106,0,2026-03-31T09:03:21.779066
1380,1380,0.7688,1,2026-03-31T09:03:21.779066
1381,1381,0.593,1,2026-03-31T09:03:21.779066
1382,1382,0.5163,1,2026-03-31T09:03:21.779066
1383,1383,0.5821,1,2026-03-31T09:03:21.779066
1384,1384,0.9307,1,2026-03-31T09:03:21.779066
1385,1385,0.6781,1,2026-03-31T09:03:21.779066
1386,1386,0.4975,0,2026-03-31T09:03:21.779066
1387,1387,0.4331,0,2026-03-31T09:03:21.779066
1388,1388,0.7191,1,2026-03-31T09:03:21.779066
1389,1389,0.703,1,2026-03-31T09:03:21.779066
1390,1390,0.363,0,2026-03-31T09:03:21.779066
1391,1391,0.8556,1,2026-03-31T09:03:21.779066
1392,1392,0.6697,1,2026-03-31T09:03:21.779066
1393,1393,0.4324,0,2026-03-31T09:03:21.779066
1394,1394,0.8493,1,2026-03-31T09:03:21.779066
1395,1395,0.4216,0,2026-03-31T09:03:21.779066
1396,1396,0.8179,1,2026-03-31T09:03:21.779066
1397,1397,0.8656,1,2026-03-31T09:03:21.779066
1398,1398,0.7498,1,2026-03-31T09:03:21.779066
1399,1399,0.5907,1,2026-03-31T09:03:21.779066
1400,1400,0.7706,1,2026-03-31T09:03:21.779066
1401,1401,0.7045,1,2026-03-31T09:03:21.779066
1402,1402,0.4274,0,2026-03-31T09:03:21.779066
1403,1403,0.8249,1,2026-03-31T09:03:21.779066
1404,1404,0.5106,1,2026-03-31T09:03:21.779066
1405,1405,0.7504,1,2026-03-31T09:03:21.779066
1406,1406,0.6504,1,2026-03-31T09:03:21.779066
1407,1407,0.7488,1,2026-03-31T09:03:21.779066
1408,1408,0.6226,1,2026-03-31T09:03:21.779066
1409,1409,0.7466,1,2026-03-31T09:03:21.779066
1410,1410,0.855,1,2026-03-31T09:03:21.779066
1411,1411,0.5642,1,2026-03-31T09:03:21.779066
1412,1412,0.7909,1,2026-03-31T09:03:21.779066
1413,1413,0.7453,1,2026-03-31T09:03:21.779066
1414,1414,0.6863,1,2026-03-31T09:03:21.779066
1415,1415,0.6397,1,2026-03-31T09:03:21.779066
1416,1416,0.7757,1,2026-03-31T09:03:21.779066
1417,1417,0.9057,1,2026-03-31T09:03:21.779066
1418,1418,0.7146,1,2026-03-31T09:03:21.779066
1419,1419,0.7435,1,2026-03-31T09:03:21.779066
1420,1420,0.7674,1,2026-03-31T09:03:21.779066
1421,1421,0.9241,1,2026-03-31T09:03:21.779066
1422,1422,0.6223,1,2026-03-31T09:03:21.779066
1423,1423,0.772,1,2026-03-31T09:03:21.779066
1424,1424,0.7768,1,2026-03-31T09:03:21.779066
1425,1425,0.6816,1,2026-03-31T09:03:21.779066
1426,1426,0.8465,1,2026-03-31T09:03:21.779066
1427,1427,0.7532,1,2026-03-31T09:03:21.779066
1428,1428,0.4659,0,2026-03-31T09:03:21.779066
1429,1429,0.6438,1,2026-03-31T09:03:21.779066
1430,1430,0.7182,1,2026-03-31T09:03:21.779066
1431,1431,0.8819,1,2026-03-31T09:03:21.779066
1432,1432,0.7746,1,2026-03-31T09:03:21.779066
1433,1433,0.5785,1,2026-03-31T09:03:21.779066
1434,1434,0.705,1,2026-03-31T09:03:21.779066
1435,1435,0.4895,0,2026-03-31T09:03:21.779066
1436,1436,0.5811,1,2026-03-31T09:03:21.779066
1437,1437,0.6009,1,2026-03-31T09:03:21.779066
1438,1438,0.6658,1,2026-03-31T09:03:21.779066
1439,1439,0.7226,1,2026-03-31T09:03:21.779066
1440,1440,0.6206,1,2026-03-31T09:03:21.779066
1441,1441,0.5871,1,2026-03-31T09:03:21.779066
1442,1442,0.6824,1,2026-03-31T09:03:21.779066
1443,1443,0.6511,1,2026-03-31T09:03:21.779066
1444,1444,0.8651,1,2026-03-31T09:03:21.779066
1445,1445,0.6832,1,2026-03-31T09:03:21.779066
1446,1446,0.659,1,2026-03-31T09:03:21.779066
1447,1447,0.7721,1,2026-03-31T09:03:21.779066
1448,1448,0.7609,1,2026-03-31T09:03:21.779066
1449,1449,0.8012,1,2026-03-31T09:03:21.779066
1450,1450,0.7076,1,2026-03-31T09:03:21.779066
1451,1451,0.7454,1,2026-03-31T09:03:21.779066
1452,1452,0.5851,1,2026-03-31T09:03:21.779066
1453,1453,0.8678,1,2026-03-31T09:03:21.779066
1454,1454,0.5943,1,2026-03-31T09:03:21.779066
1455,1455,0.8312,1,2026-03-31T09:03:21.779066
1456,1456,0.8674,1,2026-03-31T09:03:21.779066
1457,1457,0.6771,1,2026-03-31T09:03:21.779066
1458,1458,0.8496,1,2026-03-31T09:03:21.779066
1459,1459,0.779,1,2026-03-31T09:03:21.779066
1460,1460,0.7381,1,2026-03-31T09:03:21.779066
1461,1461,0.6597,1,2026-03-31T09:03:21.779066
1462,1462,0.6777,1,2026-03-31T09:03:21.779066
1463,1463,0.9278,1,2026-03-31T09:03:21.779066
1464,1464,0.8292,1,2026-03-31T09:03:21.779066
1465,1465,0.7865,1,2026-03-31T09:03:21.779066
1466,1466,0.7039,1,2026-03-31T09:03:21.779066
1467,1467,0.6519,1,2026-03-31T09:03:21.779066
1468,1468,0.7734,1,2026-03-31T09:03:21.779066
1469,1469,0.5069,1,2026-03-31T09:03:21.779066
1470,1470,0.8022,1,2026-03-31T09:03:21.779066
1471,1471,0.6002,1,2026-03-31T09:03:21.779066
1472,1472,0.5454,1,2026-03-31T09:03:21.779066
1473,1473,0.6371,1,2026-03-31T09:03:21.779066
1474,1474,0.6753,1,2026-03-31T09:03:21.779066
1475,1475,0.6782,1,2026-03-31T09:03:21.779066
1476,1476,0.7928,1,2026-03-31T09:03:21.779066
1477,1477,0.5921,1,2026-03-31T09:03:21.779066
1478,1478,0.8423,1,2026-03-31T09:03:21.779066
1479,1479,0.813,1,2026-03-31T09:03:21.779066
1480,1480,0.457,0,2026-03-31T09:03:21.779066
1481,1481,0.8242,1,2026-03-31T09:03:21.779066
1482,1482,0.7253,1,2026-03-31T09:03:21.779066
1483,1483,0.7354,1,2026-03-31T09:03:21.779066
1484,1484,0.7683,1,2026-03-31T09:03:21.779066
1485,1485,0.7878,1,2026-03-31T09:03:21.779066
1486,1486,0.7099,1,2026-03-31T09:03:21.779066
1487,1487,0.6272,1,2026-03-31T09:03:21.779066
1488,1488,0.8732,1,2026-03-31T09:03:21.779066
1489,1489,0.7607,1,2026-03-31T09:03:21.779066
1490,1490,0.8352,1,2026-03-31T09:03:21.779066
1491,1491,0.8685,1,2026-03-31T09:03:21.779066
1492,1492,0.5909,1,2026-03-31T09:03:21.779066
1493,1493,0.4939,0,2026-03-31T09:03:21.779066
1494,1494,0.7478,1,2026-03-31T09:03:21.779066
1495,1495,0.6514,1,2026-03-31T09:03:21.779066
1496,1496,0.6526,1,2026-03-31T09:03:21.779066
1497,1497,0.5268,1,2026-03-31T09:03:21.779066
1498,1498,0.5433,1,2026-03-31T09:03:21.779066
1499,1499,0.6784,1,2026-03-31T09:03:21.779066
1500,1500,0.6979,1,2026-03-31T09:03:21.779066
1501,1501,0.6217,1,2026-03-31T09:03:21.779066
1502,1502,0.7887,1,2026-03-31T09:03:21.779066
1503,1503,0.6088,1,2026-03-31T09:03:21.779066
1504,1504,0.743,1,2026-03-31T09:03:21.779066
1505,1505,0.8466,1,2026-03-31T09:03:21.779066
1506,1506,0.7142,1,2026-03-31T09:03:21.779066
1507,1507,0.7677,1,2026-03-31T09:03:21.779066
1508,1508,0.823,1,2026-03-31T09:03:21.779066
1509,1509,0.8281,1,2026-03-31T09:03:21.779066
1510,1510,0.864,1,2026-03-31T09:03:21.779066
1511,1511,0.7747,1,2026-03-31T09:03:21.779066
1512,1512,0.7588,1,2026-03-31T09:03:21.779066
1513,1513,0.7645,1,2026-03-31T09:03:21.779066
1514,1514,0.8734,1,2026-03-31T09:03:21.779066
1515,1515,0.3879,0,2026-03-31T09:03:21.779066
1516,1516,0.4962,0,2026-03-31T09:03:21.779066
1517,1517,0.6918,1,2026-03-31T09:03:21.779066
1518,1518,0.8463,1,2026-03-31T09:03:21.779066
1519,1519,0.4766,0,2026-03-31T09:03:21.779066
1520,1520,0.8177,1,2026-03-31T09:03:21.779066
1521,1521,0.6402,1,2026-03-31T09:03:21.779066
1522,1522,0.6652,1,2026-03-31T09:03:21.779066
1523,1523,0.7686,1,2026-03-31T09:03:21.779066
1524,1524,0.7115,1,2026-03-31T09:03:21.779066
1525,1525,0.6107,1,2026-03-31T09:03:21.779066
1526,1526,0.7093,1,2026-03-31T09:03:21.779066
1527,1527,0.7692,1,2026-03-31T09:03:21.779066
1528,1528,0.7185,1,2026-03-31T09:03:21.779066
1529,1529,0.7629,1,2026-03-31T09:03:21.779066
1530,1530,0.7482,1,2026-03-31T09:03:21.779066
1531,1531,0.7048,1,2026-03-31T09:03:21.779066
1532,1532,0.7003,1,2026-03-31T09:03:21.779066
1533,1533,0.5277,1,2026-03-31T09:03:21.779066
1534,1534,0.7513,1,2026-03-31T09:03:21.779066
1535,1535,0.6101,1,2026-03-31T09:03:21.779066
1536,1536,0.6669,1,2026-03-31T09:03:21.779066
1537,1537,0.8746,1,2026-03-31T09:03:21.779066
1538,1538,0.7461,1,2026-03-31T09:03:21.779066
1539,1539,0.8714,1,2026-03-31T09:03:21.779066
1540,1540,0.722,1,2026-03-31T09:03:21.779066
1541,1541,0.8387,1,2026-03-31T09:03:21.779066
1542,1542,0.7053,1,2026-03-31T09:03:21.779066
1543,1543,0.6274,1,2026-03-31T09:03:21.779066
1544,1544,0.6924,1,2026-03-31T09:03:21.779066
1545,1545,0.6192,1,2026-03-31T09:03:21.779066
1546,1546,0.5817,1,2026-03-31T09:03:21.779066
1547,1547,0.6229,1,2026-03-31T09:03:21.779066
1548,1548,0.6659,1,2026-03-31T09:03:21.779066
1549,1549,0.928,1,2026-03-31T09:03:21.779066
1550,1550,0.8222,1,2026-03-31T09:03:21.779066
1551,1551,0.5547,1,2026-03-31T09:03:21.779066
1552,1552,0.5347,1,2026-03-31T09:03:21.779066
1553,1553,0.5758,1,2026-03-31T09:03:21.779066
1554,1554,0.8801,1,2026-03-31T09:03:21.779066
1555,1555,0.658,1,2026-03-31T09:03:21.779066
1556,1556,0.8565,1,2026-03-31T09:03:21.779066
1557,1557,0.8686,1,2026-03-31T09:03:21.779066
1558,1558,0.8348,1,2026-03-31T09:03:21.779066
1559,1559,0.6866,1,2026-03-31T09:03:21.779066
1560,1560,0.6866,1,2026-03-31T09:03:21.779066
1561,1561,0.79,1,2026-03-31T09:03:21.779066
1562,1562,0.8261,1,2026-03-31T09:03:21.779066
1563,1563,0.6742,1,2026-03-31T09:03:21.779066
1564,1564,0.5787,1,2026-03-31T09:03:21.779066
1565,1565,0.8089,1,2026-03-31T09:03:21.779066
1566,1566,0.8469,1,2026-03-31T09:03:21.779066
1567,1567,0.8581,1,2026-03-31T09:03:21.779066
1568,1568,0.5242,1,2026-03-31T09:03:21.779066
1569,1569,0.6268,1,2026-03-31T09:03:21.779066
1570,1570,0.5389,1,2026-03-31T09:03:21.779066
1571,1571,0.7821,1,2026-03-31T09:03:21.779066
1572,1572,0.8924,1,2026-03-31T09:03:21.779066
1573,1573,0.8188,1,2026-03-31T09:03:21.779066
1574,1574,0.7004,1,2026-03-31T09:03:21.779066
1575,1575,0.8398,1,2026-03-31T09:03:21.779066
1576,1576,0.5622,1,2026-03-31T09:03:21.779066
1577,1577,0.5172,1,2026-03-31T09:03:21.779066
1578,1578,0.8248,1,2026-03-31T09:03:21.779066
1579,1579,0.7703,1,2026-03-31T09:03:21.779066
1580,1580,0.5795,1,2026-03-31T09:03:21.779066
1581,1581,0.7923,1,2026-03-31T09:03:21.779066
1582,1582,0.8037,1,2026-03-31T09:03:21.779066
1583,1583,0.8288,1,2026-03-31T09:03:21.779066
1584,1584,0.7807,1,2026-03-31T09:03:21.779066
1585,1585,0.581,1,2026-03-31T09:03:21.779066
1586,1586,0.6991,1,2026-03-31T09:03:21.779066
1587,1587,0.6695,1,2026-03-31T09:03:21.779066
1588,1588,0.4191,0,2026-03-31T09:03:21.779066
1589,1589,0.7574,1,2026-03-31T09:03:21.779066
1590,1590,0.6274,1,2026-03-31T09:03:21.779066
1591,1591,0.5198,1,2026-03-31T09:03:21.779066
1592,1592,0.8276,1,2026-03-31T09:03:21.779066
1593,1593,0.563,1,2026-03-31T09:03:21.779066
1594,1594,0.6238,1,2026-03-31T09:03:21.779066
1595,1595,0.838,1,2026-03-31T09:03:21.779066
1596,1596,0.739,1,2026-03-31T09:03:21.779066
1597,1597,0.7102,1,2026-03-31T09:03:21.779066
1598,1598,0.7905,1,2026-03-31T09:03:21.779066
1599,1599,0.6024,1,2026-03-31T09:03:21.779066
1600,1600,0.7101,1,2026-03-31T09:03:21.779066
1601,1601,0.8308,1,2026-03-31T09:03:21.779066
1602,1602,0.4179,0,2026-03-31T09:03:21.779066
1603,1603,0.7375,1,2026-03-31T09:03:21.779066
1604,1604,0.6684,1,2026-03-31T09:03:21.779066
1605,1605,0.7869,1,2026-03-31T09:03:21.779066
1606,1606,0.5862,1,2026-03-31T09:03:21.779066
1607,1607,0.8106,1,2026-03-31T09:03:21.779066
1608,1608,0.6859,1,2026-03-31T09:03:21.779066
1609,1609,0.7224,1,2026-03-31T09:03:21.779066
1610,1610,0.8189,1,2026-03-31T09:03:21.779066
1611,1611,0.5904,1,2026-03-31T09:03:21.779066
1612,1612,0.8037,1,2026-03-31T09:03:21.779066
1613,1613,0.7388,1,2026-03-31T09:03:21.779066
1614,1614,0.3998,0,2026-03-31T09:03:21.779066
1615,1615,0.7392,1,2026-03-31T09:03:21.779066
1616,1616,0.7026,1,2026-03-31T09:03:21.779066
1617,1617,0.945,1,2026-03-31T09:03:21.779066
1618,1618,0.6406,1,2026-03-31T09:03:21.779066
1619,1619,0.589,1,2026-03-31T09:03:21.779066
1620,1620,0.9443,1,2026-03-31T09:03:21.779066
1621,1621,0.6477,1,2026-03-31T09:03:21.779066
1622,1622,0.7656,1,2026-03-31T09:03:21.779066
1623,1623,0.3546,0,2026-03-31T09:03:21.779066
1624,1624,0.6738,1,2026-03-31T09:03:21.779066
1625,1625,0.7594,1,2026-03-31T09:03:21.779066
1626,1626,0.8758,1,2026-03-31T09:03:21.779066
1627,1627,0.6968,1,2026-03-31T09:03:21.779066
1628,1628,0.6176,1,2026-03-31T09:03:21.779066
1629,1629,0.7099,1,2026-03-31T09:03:21.779066
1630,1630,0.4775,0,2026-03-31T09:03:21.779066
1631,1631,0.405,0,2026-03-31T09:03:21.779066
1632,1632,0.6447,1,2026-03-31T09:03:21.779066
1633,1633,0.3987,0,2026-03-31T09:03:21.779066
1634,1634,0.6294,1,2026-03-31T09:03:21.779066
1635,1635,0.6244,1,2026-03-31T09:03:21.779066
1636,1636,0.8428,1,2026-03-31T09:03:21.779066
1637,1637,0.3697,0,2026-03-31T09:03:21.779066
1638,1638,0.4288,0,2026-03-31T09:03:21.779066
1639,1639,0.4071,0,2026-03-31T09:03:21.779066
1640,1640,0.5198,1,2026-03-31T09:03:21.779066
1641,1641,0.4784,0,2026-03-31T09:03:21.779066
1642,1642,0.823,1,2026-03-31T09:03:21.779066
1643,1643,0.4383,0,2026-03-31T09:03:21.779066
1644,1644,0.8048,1,2026-03-31T09:03:21.779066
1645,1645,0.6887,1,2026-03-31T09:03:21.779066
1646,1646,0.8469,1,2026-03-31T09:03:21.779066
1647,1647,0.4629,0,2026-03-31T09:03:21.779066
1648,1648,0.341,0,2026-03-31T09:03:21.779066
1649,1649,0.2823,0,2026-03-31T09:03:21.779066
1650,1650,0.7646,1,2026-03-31T09:03:21.779066
1651,1651,0.612,1,2026-03-31T09:03:21.779066
1652,1652,0.8709,1,2026-03-31T09:03:21.779066
1653,1653,0.7656,1,2026-03-31T09:03:21.779066
1654,1654,0.7053,1,2026-03-31T09:03:21.779066
1655,1655,0.8576,1,2026-03-31T09:03:21.779066
1656,1656,0.7984,1,2026-03-31T09:03:21.779066
1657,1657,0.6026,1,2026-03-31T09:03:21.779066
1658,1658,0.3154,0,2026-03-31T09:03:21.779066
1659,1659,0.5393,1,2026-03-31T09:03:21.779066
1660,1660,0.454,0,2026-03-31T09:03:21.779066
1661,1661,0.5538,1,2026-03-31T09:03:21.779066
1662,1662,0.5151,1,2026-03-31T09:03:21.779066
1663,1663,0.4028,0,2026-03-31T09:03:21.779066
1664,1664,0.187,0,2026-03-31T09:03:21.779066
1665,1665,0.6412,1,2026-03-31T09:03:21.779066
1666,1666,0.3627,0,2026-03-31T09:03:21.779066
1667,1667,0.4064,0,2026-03-31T09:03:21.779066
1668,1668,0.3504,0,2026-03-31T09:03:21.779066
1669,1669,0.3309,0,2026-03-31T09:03:21.779066
1670,1670,0.4972,0,2026-03-31T09:03:21.779066
1671,1671,0.6507,1,2026-03-31T09:03:21.779066
1672,1672,0.7518,1,2026-03-31T09:03:21.779066
1673,1673,0.8485,1,2026-03-31T09:03:21.779066
1674,1674,0.7349,1,2026-03-31T09:03:21.779066
1675,1675,0.8723,1,2026-03-31T09:03:21.779066
1676,1676,0.4063,0,2026-03-31T09:03:21.779066
1677,1677,0.6526,1,2026-03-31T09:03:21.779066
1678,1678,0.4926,0,2026-03-31T09:03:21.779066
1679,1679,0.3703,0,2026-03-31T09:03:21.779066
1680,1680,0.436,0,2026-03-31T09:03:21.779066
1681,1681,0.3118,0,2026-03-31T09:03:21.779066
1682,1682,0.3483,0,2026-03-31T09:03:21.779066
1683,1683,0.7252,1,2026-03-31T09:03:21.779066
1684,1684,0.5786,1,2026-03-31T09:03:21.779066
1685,1685,0.7052,1,2026-03-31T09:03:21.779066
1686,1686,0.5934,1,2026-03-31T09:03:21.779066
1687,1687,0.5585,1,2026-03-31T09:03:21.779066
1688,1688,0.6516,1,2026-03-31T09:03:21.779066
1689,1689,0.4933,0,2026-03-31T09:03:21.779066
1690,1690,0.6838,1,2026-03-31T09:03:21.779066
1691,1691,0.3249,0,2026-03-31T09:03:21.779066
1692,1692,0.814,1,2026-03-31T09:03:21.779066
1693,1693,0.7107,1,2026-03-31T09:03:21.779066
1694,1694,0.2197,0,2026-03-31T09:03:21.779066
1695,1695,0.5943,1,2026-03-31T09:03:21.779066
1696,1696,0.8212,1,2026-03-31T09:03:21.779066
1697,1697,0.8397,1,2026-03-31T09:03:21.779066
1698,1698,0.5282,1,2026-03-31T09:03:21.779066
1699,1699,0.639,1,2026-03-31T09:03:21.779066
1700,1700,0.2685,0,2026-03-31T09:03:21.779066
1701,1701,0.4524,0,2026-03-31T09:03:21.779066
1702,1702,0.266,0,2026-03-31T09:03:21.779066
1703,1703,0.3861,0,2026-03-31T09:03:21.779066
1704,1704,0.5039,1,2026-03-31T09:03:21.779066
1705,1705,0.7533,1,2026-03-31T09:03:21.779066
1706,1706,0.4925,0,2026-03-31T09:03:21.779066
1707,1707,0.4418,0,2026-03-31T09:03:21.779066
1708,1708,0.5501,1,2026-03-31T09:03:21.779066
1709,1709,0.4028,0,2026-03-31T09:03:21.779066
1710,1710,0.3922,0,2026-03-31T09:03:21.779066
1711,1711,0.6521,1,2026-03-31T09:03:21.779066
1712,1712,0.5327,1,2026-03-31T09:03:21.779066
1713,1713,0.6029,1,2026-03-31T09:03:21.779066
1714,1714,0.3785,0,2026-03-31T09:03:21.779066
1715,1715,0.8888,1,2026-03-31T09:03:21.779066
1716,1716,0.5138,1,2026-03-31T09:03:21.779066
1717,1717,0.3871,0,2026-03-31T09:03:21.779066
1718,1718,0.5173,1,2026-03-31T09:03:21.779066
1719,1719,0.4662,0,2026-03-31T09:03:21.779066
1720,1720,0.2653,0,2026-03-31T09:03:21.779066
1721,1721,0.3412,0,2026-03-31T09:03:21.779066
1722,1722,0.8764,1,2026-03-31T09:03:21.779066
1723,1723,0.7368,1,2026-03-31T09:03:21.779066
1724,1724,0.4918,0,2026-03-31T09:03:21.779066
1725,1725,0.4437,0,2026-03-31T09:03:21.779066
1726,1726,0.8474,1,2026-03-31T09:03:21.779066
1727,1727,0.3127,0,2026-03-31T09:03:21.779066
1728,1728,0.6872,1,2026-03-31T09:03:21.779066
1729,1729,0.4536,0,2026-03-31T09:03:21.779066
1730,1730,0.1958,0,2026-03-31T09:03:21.779066
1731,1731,0.4293,0,2026-03-31T09:03:21.779066
1732,1732,0.5654,1,2026-03-31T09:03:21.779066
1733,1733,0.4161,0,2026-03-31T09:03:21.779066
1734,1734,0.1584,0,2026-03-31T09:03:21.779066
1735,1735,0.7547,1,2026-03-31T09:03:21.779066
1736,1736,0.7318,1,2026-03-31T09:03:21.779066
1737,1737,0.6793,1,2026-03-31T09:03:21.779066
1738,1738,0.3351,0,2026-03-31T09:03:21.779066
1739,1739,0.5328,1,2026-03-31T09:03:21.779066
1740,1740,0.6311,1,2026-03-31T09:03:21.779066
1741,1741,0.7357,1,2026-03-31T09:03:21.779066
1742,1742,0.5568,1,2026-03-31T09:03:21.779066
1743,1743,0.3357,0,2026-03-31T09:03:21.779066
1744,1744,0.3667,0,2026-03-31T09:03:21.779066
1745,1745,0.7755,1,2026-03-31T09:03:21.779066
1746,1746,0.3585,0,2026-03-31T09:03:21.779066
1747,1747,0.5191,1,2026-03-31T09:03:21.779066
1748,1748,0.2702,0,2026-03-31T09:03:21.779066
1749,1749,0.3471,0,2026-03-31T09:03:21.779066
1750,1750,0.7421,1,2026-03-31T09:03:21.779066
1751,1751,0.5853,1,2026-03-31T09:03:21.779066
1752,1752,0.4781,0,2026-03-31T09:03:21.779066
1753,1753,0.713,1,2026-03-31T09:03:21.779066
1754,1754,0.3734,0,2026-03-31T09:03:21.779066
1755,1755,0.8597,1,2026-03-31T09:03:21.779066
1756,1756,0.3893,0,2026-03-31T09:03:21.779066
1757,1757,0.8351,1,2026-03-31T09:03:21.779066
1758,1758,0.3692,0,2026-03-31T09:03:21.779066
1759,1759,0.3766,0,2026-03-31T09:03:21.779066
1760,1760,0.5496,1,2026-03-31T09:03:21.779066
1761,1761,0.6595,1,2026-03-31T09:03:21.779066
1762,1762,0.4672,0,2026-03-31T09:03:21.779066
1763,1763,0.6886,1,2026-03-31T09:03:21.779066
1764,1764,0.3778,0,2026-03-31T09:03:21.779066
1765,1765,0.7313,1,2026-03-31T09:03:21.779066
1766,1766,0.3469,0,2026-03-31T09:03:21.779066
1767,1767,0.2911,0,2026-03-31T09:03:21.779066
1768,1768,0.6942,1,2026-03-31T09:03:21.779066
1769,1769,0.556,1,2026-03-31T09:03:21.779066
1770,1770,0.3622,0,2026-03-31T09:03:21.779066
1771,1771,0.4518,0,2026-03-31T09:03:21.779066
1772,1772,0.6577,1,2026-03-31T09:03:21.779066
1773,1773,0.6348,1,2026-03-31T09:03:21.779066
1774,1774,0.1945,0,2026-03-31T09:03:21.779066
1775,1775,0.3165,0,2026-03-31T09:03:21.779066
1776,1776,0.3832,0,2026-03-31T09:03:21.779066
1777,1777,0.2964,0,2026-03-31T09:03:21.779066
1778,1778,0.7076,1,2026-03-31T09:03:21.779066
1779,1779,0.592,1,2026-03-31T09:03:21.779066
1780,1780,0.297,0,2026-03-31T09:03:21.779066
1781,1781,0.7041,1,2026-03-31T09:03:21.779066
1782,1782,0.2452,0,2026-03-31T09:03:21.779066
1783,1783,0.382,0,2026-03-31T09:03:21.779066
1784,1784,0.4563,0,2026-03-31T09:03:21.779066
1785,1785,0.457,0,2026-03-31T09:03:21.779066
1786,1786,0.5916,1,2026-03-31T09:03:21.779066
1787,1787,0.2131,0,2026-03-31T09:03:21.779066
1788,1788,0.5141,1,2026-03-31T09:03:21.779066
1789,1789,0.7737,1,2026-03-31T09:03:21.779066
1790,1790,0.4596,0,2026-03-31T09:03:21.779066
1791,1791,0.8512,1,2026-03-31T09:03:21.779066
1792,1792,0.6261,1,2026-03-31T09:03:21.779066
1793,1793,0.4737,0,2026-03-31T09:03:21.779066
1794,1794,0.543,1,2026-03-31T09:03:21.779066
1795,1795,0.4093,0,2026-03-31T09:03:21.779066
1796,1796,0.683,1,2026-03-31T09:03:21.779066
1797,1797,0.3461,0,2026-03-31T09:03:21.779066
1798,1798,0.6317,1,2026-03-31T09:03:21.779066
1799,1799,0.4267,0,2026-03-31T09:03:21.779066
1800,1800,0.771,1,2026-03-31T09:03:21.779066
1801,1801,0.4537,0,2026-03-31T09:03:21.779066
1802,1802,0.7418,1,2026-03-31T09:03:21.779066
1803,1803,0.4223,0,2026-03-31T09:03:21.779066
1804,1804,0.3143,0,2026-03-31T09:03:21.779066
1805,1805,0.4395,0,2026-03-31T09:03:21.779066
1806,1806,0.2072,0,2026-03-31T09:03:21.779066
1807,1807,0.4661,0,2026-03-31T09:03:21.779066
1808,1808,0.5896,1,2026-03-31T09:03:21.779066
1809,1809,0.463,0,2026-03-31T09:03:21.779066
1810,1810,0.8045,1,2026-03-31T09:03:21.779066
1811,1811,0.5476,1,2026-03-31T09:03:21.779066
1812,1812,0.8546,1,2026-03-31T09:03:21.779066
1813,1813,0.4045,0,2026-03-31T09:03:21.779066
1814,1814,0.5584,1,2026-03-31T09:03:21.779066
1815,1815,0.627,1,2026-03-31T09:03:21.779066
1816,1816,0.6327,1,2026-03-31T09:03:21.779066
1817,1817,0.375,0,2026-03-31T09:03:21.779066
1818,1818,0.6994,1,2026-03-31T09:03:21.779066
1819,1819,0.2412,0,2026-03-31T09:03:21.779066
1820,1820,0.6062,1,2026-03-31T09:03:21.779066
1821,1821,0.6368,1,2026-03-31T09:03:21.779066
1822,1822,0.4265,0,2026-03-31T09:03:21.779066
1823,1823,0.7605,1,2026-03-31T09:03:21.779066
1824,1824,0.7684,1,2026-03-31T09:03:21.779066
1825,1825,0.722,1,2026-03-31T09:03:21.779066
1826,1826,0.3973,0,2026-03-31T09:03:21.779066
1827,1827,0.6307,1,2026-03-31T09:03:21.779066
1828,1828,0.3121,0,2026-03-31T09:03:21.779066
1829,1829,0.2198,0,2026-03-31T09:03:21.779066
1830,1830,0.6436,1,2026-03-31T09:03:21.779066
1831,1831,0.8413,1,2026-03-31T09:03:21.779066
1832,1832,0.3262,0,2026-03-31T09:03:21.779066
1833,1833,0.504,1,2026-03-31T09:03:21.779066
1834,1834,0.4266,0,2026-03-31T09:03:21.779066
1835,1835,0.5411,1,2026-03-31T09:03:21.779066
1836,1836,0.7647,1,2026-03-31T09:03:21.779066
1837,1837,0.7886,1,2026-03-31T09:03:21.779066
1838,1838,0.7687,1,2026-03-31T09:03:21.779066
1839,1839,0.4502,0,2026-03-31T09:03:21.779066
1840,1840,0.4062,0,2026-03-31T09:03:21.779066
1841,1841,0.5414,1,2026-03-31T09:03:21.779066
1842,1842,0.4844,0,2026-03-31T09:03:21.779066
1843,1843,0.6984,1,2026-03-31T09:03:21.779066
1844,1844,0.5605,1,2026-03-31T09:03:21.779066
1845,1845,0.5903,1,2026-03-31T09:03:21.779066
1846,1846,0.8005,1,2026-03-31T09:03:21.779066
1847,1847,0.6757,1,2026-03-31T09:03:21.779066
1848,1848,0.2918,0,2026-03-31T09:03:21.779066
1849,1849,0.787,1,2026-03-31T09:03:21.779066
1850,1850,0.2981,0,2026-03-31T09:03:21.779066
1851,1851,0.4552,0,2026-03-31T09:03:21.779066
1852,1852,0.6401,1,2026-03-31T09:03:21.779066
1853,1853,0.415,0,2026-03-31T09:03:21.779066
1854,1854,0.5268,1,2026-03-31T09:03:21.779066
1855,1855,0.3249,0,2026-03-31T09:03:21.779066
1856,1856,0.7429,1,2026-03-31T09:03:21.779066
1857,1857,0.3532,0,2026-03-31T09:03:21.779066
1858,1858,0.4652,0,2026-03-31T09:03:21.779066
1859,1859,0.4681,0,2026-03-31T09:03:21.779066
1860,1860,0.3573,0,2026-03-31T09:03:21.779066
1861,1861,0.4882,0,2026-03-31T09:03:21.779066
1862,1862,0.6864,1,2026-03-31T09:03:21.779066
1863,1863,0.232,0,2026-03-31T09:03:21.779066
1864,1864,0.2922,0,2026-03-31T09:03:21.779066
1865,1865,0.3371,0,2026-03-31T09:03:21.779066
1866,1866,0.875,1,2026-03-31T09:03:21.779066
1867,1867,0.8337,1,2026-03-31T09:03:21.779066
1868,1868,0.2162,0,2026-03-31T09:03:21.779066
1869,1869,0.6985,1,2026-03-31T09:03:21.779066
1870,1870,0.6983,1,2026-03-31T09:03:21.779066
1871,1871,0.826,1,2026-03-31T09:03:21.779066
1872,1872,0.2532,0,2026-03-31T09:03:21.779066
1873,1873,0.7453,1,2026-03-31T09:03:21.779066
1874,1874,0.5088,1,2026-03-31T09:03:21.779066
1875,1875,0.4846,0,2026-03-31T09:03:21.779066
1876,1876,0.2541,0,2026-03-31T09:03:21.779066
1877,1877,0.6301,1,2026-03-31T09:03:21.779066
1878,1878,0.8384,1,2026-03-31T09:03:21.779066
1879,1879,0.3633,0,2026-03-31T09:03:21.779066
1880,1880,0.378,0,2026-03-31T09:03:21.779066
1881,1881,0.6272,1,2026-03-31T09:03:21.779066
1882,1882,0.3989,0,2026-03-31T09:03:21.779066
1883,1883,0.2102,0,2026-03-31T09:03:21.779066
1884,1884,0.7804,1,2026-03-31T09:03:21.779066
1885,1885,0.7857,1,2026-03-31T09:03:21.779066
1886,1886,0.6589,1,2026-03-31T09:03:21.779066
1887,1887,0.2454,0,2026-03-31T09:03:21.779066
1888,1888,0.2136,0,2026-03-31T09:03:21.779066
1889,1889,0.6673,1,2026-03-31T09:03:21.779066
1890,1890,0.3688,0,2026-03-31T09:03:21.779066
1891,1891,0.6837,1,2026-03-31T09:03:21.779066
1892,1892,0.4263,0,2026-03-31T09:03:21.779066
1893,1893,0.5454,1,2026-03-31T09:03:21.779066
1894,1894,0.796,1,2026-03-31T09:03:21.779066
1895,1895,0.5401,1,2026-03-31T09:03:21.779066
1896,1896,0.5833,1,2026-03-31T09:03:21.779066
1897,1897,0.7015,1,2026-03-31T09:03:21.779066
1898,1898,0.1902,0,2026-03-31T09:03:21.779066
1899,1899,0.4051,0,2026-03-31T09:03:21.779066
1900,1900,0.3567,0,2026-03-31T09:03:21.779066
1901,1901,0.4536,0,2026-03-31T09:03:21.779066
1902,1902,0.5086,1,2026-03-31T09:03:21.779066
1903,1903,0.3596,0,2026-03-31T09:03:21.779066
1904,1904,0.8112,1,2026-03-31T09:03:21.779066
1905,1905,0.4354,0,2026-03-31T09:03:21.779066
1906,1906,0.6518,1,2026-03-31T09:03:21.779066
1907,1907,0.3305,0,2026-03-31T09:03:21.779066
1908,1908,0.5756,1,2026-03-31T09:03:21.779066
1909,1909,0.1542,0,2026-03-31T09:03:21.779066
1910,1910,0.5626,1,2026-03-31T09:03:21.779066
1911,1911,0.2981,0,2026-03-31T09:03:21.779066
1912,1912,0.3765,0,2026-03-31T09:03:21.779066
1913,1913,0.5875,1,2026-03-31T09:03:21.779066
1914,1914,0.8588,1,2026-03-31T09:03:21.779066
1915,1915,0.3367,0,2026-03-31T09:03:21.779066
1916,1916,0.1978,0,2026-03-31T09:03:21.779066
1917,1917,0.6969,1,2026-03-31T09:03:21.779066
1918,1918,0.1838,0,2026-03-31T09:03:21.779066
1919,1919,0.8518,1,2026-03-31T09:03:21.779066
1920,1920,0.6532,1,2026-03-31T09:03:21.779066
1921,1921,0.2725,0,2026-03-31T09:03:21.779066
1922,1922,0.8698,1,2026-03-31T09:03:21.779066
1923,1923,0.753,1,2026-03-31T09:03:21.779066
1924,1924,0.7724,1,2026-03-31T09:03:21.779066
1925,1925,0.4076,0,2026-03-31T09:03:21.779066
1926,1926,0.5528,1,2026-03-31T09:03:21.779066
1927,1927,0.6435,1,2026-03-31T09:03:21.779066
1928,1928,0.3583,0,2026-03-31T09:03:21.779066
1929,1929,0.5109,1,2026-03-31T09:03:21.779066
1930,1930,0.219,0,2026-03-31T09:03:21.779066
1931,1931,0.3402,0,2026-03-31T09:03:21.779066
1932,1932,0.3683,0,2026-03-31T09:03:21.779066
1933,1933,0.5239,1,2026-03-31T09:03:21.779066
1934,1934,0.7188,1,2026-03-31T09:03:21.779066
1935,1935,0.5844,1,2026-03-31T09:03:21.779066
1936,1936,0.8351,1,2026-03-31T09:03:21.779066
1937,1937,0.3522,0,2026-03-31T09:03:21.779066
1938,1938,0.4256,0,2026-03-31T09:03:21.779066
1939,1939,0.4915,0,2026-03-31T09:03:21.779066
1940,1940,0.4126,0,2026-03-31T09:03:21.779066
1941,1941,0.1913,0,2026-03-31T09:03:21.779066
1942,1942,0.3884,0,2026-03-31T09:03:21.779066
1943,1943,0.3849,0,2026-03-31T09:03:21.779066
1944,1944,0.7613,1,2026-03-31T09:03:21.779066
1945,1945,0.6487,1,2026-03-31T09:03:21.779066
1946,1946,0.5606,1,2026-03-31T09:03:21.779066
1947,1947,0.3505,0,2026-03-31T09:03:21.779066
1948,1948,0.3592,0,2026-03-31T09:03:21.779066
1949,1949,0.7914,1,2026-03-31T09:03:21.779066
1950,1950,0.3846,0,2026-03-31T09:03:21.779066
1951,1951,0.4283,0,2026-03-31T09:03:21.779066
1952,1952,0.3524,0,2026-03-31T09:03:21.779066
1953,1953,0.5092,1,2026-03-31T09:03:21.779066
1954,1954,0.4303,0,2026-03-31T09:03:21.779066
1955,1955,0.3625,0,2026-03-31T09:03:21.779066
1956,1956,0.1929,0,2026-03-31T09:03:21.779066
1957,1957,0.7614,1,2026-03-31T09:03:21.779066
1958,1958,0.4634,0,2026-03-31T09:03:21.779066
1959,1959,0.6,1,2026-03-31T09:03:21.779066
1960,1960,0.2645,0,2026-03-31T09:03:21.779066
1961,1961,0.3649,0,2026-03-31T09:03:21.779066
1962,1962,0.3525,0,2026-03-31T09:03:21.779066
1963,1963,0.333,0,2026-03-31T09:03:21.779066
1964,1964,0.295,0,2026-03-31T09:03:21.779066
1965,1965,0.3755,0,2026-03-31T09:03:21.779066
1966,1966,0.3803,0,2026-03-31T09:03:21.779066
1967,1967,0.7082,1,2026-03-31T09:03:21.779066
1968,1968,0.5601,1,2026-03-31T09:03:21.779066
1969,1969,0.3297,0,2026-03-31T09:03:21.779066
1970,1970,0.3508,0,2026-03-31T09:03:21.779066
1971,1971,0.4086,0,2026-03-31T09:03:21.779066
1972,1972,0.3286,0,2026-03-31T09:03:21.779066
1973,1973,0.6539,1,2026-03-31T09:03:21.779066
1974,1974,0.4106,0,2026-03-31T09:03:21.779066
1975,1975,0.2551,0,2026-03-31T09:03:21.779066
1976,1976,0.2271,0,2026-03-31T09:03:21.779066
1977,1977,0.4379,0,2026-03-31T09:03:21.779066
1978,1978,0.6188,1,2026-03-31T09:03:21.779066
1979,1979,0.5061,1,2026-03-31T09:03:21.779066
1980,1980,0.5322,1,2026-03-31T09:03:21.779066
1981,1981,0.525,1,2026-03-31T09:03:21.779066
1982,1982,0.6896,1,2026-03-31T09:03:21.779066
1983,1983,0.43,0,2026-03-31T09:03:21.779066
1984,1984,0.6749,1,2026-03-31T09:03:21.779066
1985,1985,0.292,0,2026-03-31T09:03:21.779066
1986,1986,0.2044,0,2026-03-31T09:03:21.779066
1987,1987,0.6237,1,2026-03-31T09:03:21.779066
1988,1988,0.71,1,2026-03-31T09:03:21.779066
1989,1989,0.3397,0,2026-03-31T09:03:21.779066
1990,1990,0.3699,0,2026-03-31T09:03:21.779066
1991,1991,0.4222,0,2026-03-31T09:03:21.779066
1992,1992,0.3158,0,2026-03-31T09:03:21.779066
1993,1993,0.3664,0,2026-03-31T09:03:21.779066
1994,1994,0.5845,1,2026-03-31T09:03:21.779066
1995,1995,0.6691,1,2026-03-31T09:03:21.779066
1996,1996,0.7634,1,2026-03-31T09:03:21.779066
1997,1997,0.301,0,2026-03-31T09:03:21.779066
1998,1998,0.4107,0,2026-03-31T09:03:21.779066
1999,1999,0.4773,0,2026-03-31T09:03:21.779066
2000,2000,0.2421,0,2026-03-31T09:03:21.779066
2001,2001,0.2489,0,2026-03-31T09:03:21.779066
2002,2002,0.27,0,2026-03-31T09:03:21.779066
2003,2003,0.7472,1,2026-03-31T09:03:21.779066
2004,2004,0.6729,1,2026-03-31T09:03:21.779066
2005,2005,0.3126,0,2026-03-31T09:03:21.779066
2006,2006,0.5726,1,2026-03-31T09:03:21.779066
2007,2007,0.6102,1,2026-03-31T09:03:21.779066
2008,2008,0.5676,1,2026-03-31T09:03:21.779066
2009,2009,0.5596,1,2026-03-31T09:03:21.779066
2010,2010,0.5974,1,2026-03-31T09:03:21.779066
2011,2011,0.5093,1,2026-03-31T09:03:21.779066
2012,2012,0.6778,1,2026-03-31T09:03:21.779066
2013,2013,0.4273,0,2026-03-31T09:03:21.779066
2014,2014,0.5983,1,2026-03-31T09:03:21.779066
2015,2015,0.4112,0,2026-03-31T09:03:21.779066
2016,2016,0.4555,0,2026-03-31T09:03:21.779066
2017,2017,0.5876,1,2026-03-31T09:03:21.779066
2018,2018,0.4915,0,2026-03-31T09:03:21.779066
2019,2019,0.2816,0,2026-03-31T09:03:21.779066
2020,2020,0.1982,0,2026-03-31T09:03:21.779066
2021,2021,0.7901,1,2026-03-31T09:03:21.779066
2022,2022,0.346,0,2026-03-31T09:03:21.779066
2023,2023,0.4809,0,2026-03-31T09:03:21.779066
2024,2024,0.3305,0,2026-03-31T09:03:21.779066
2025,2025,0.6848,1,2026-03-31T09:03:21.779066
2026,2026,0.7383,1,2026-03-31T09:03:21.779066
2027,2027,0.3897,0,2026-03-31T09:03:21.779066
2028,2028,0.5039,1,2026-03-31T09:03:21.779066
2029,2029,0.3677,0,2026-03-31T09:03:21.779066
2030,2030,0.531,1,2026-03-31T09:03:21.779066
2031,2031,0.593,1,2026-03-31T09:03:21.779066
2032,2032,0.6826,1,2026-03-31T09:03:21.779066
2033,2033,0.7736,1,2026-03-31T09:03:21.779066
2034,2034,0.5828,1,2026-03-31T09:03:21.779066
2035,2035,0.6949,1,2026-03-31T09:03:21.779066
2036,2036,0.3654,0,2026-03-31T09:03:21.779066
2037,2037,0.8675,1,2026-03-31T09:03:21.779066
2038,2038,0.4,0,2026-03-31T09:03:21.779066
2039,2039,0.32,0,2026-03-31T09:03:21.779066
2040,2040,0.3042,0,2026-03-31T09:03:21.779066
2041,2041,0.3899,0,2026-03-31T09:03:21.779066
2042,2042,0.4008,0,2026-03-31T09:03:21.779066
2043,2043,0.7873,1,2026-03-31T09:03:21.779066
2044,2044,0.6082,1,2026-03-31T09:03:21.779066
2045,2045,0.1942,0,2026-03-31T09:03:21.779066
2046,2046,0.6163,1,2026-03-31T09:03:21.779066
2047,2047,0.2921,0,2026-03-31T09:03:21.779066
2048,2048,0.2806,0,2026-03-31T09:03:21.779066
2049,2049,0.636,1,2026-03-31T09:03:21.779066
2050,2050,0.6817,1,2026-03-31T09:03:21.779066
2051,2051,0.5288,1,2026-03-31T09:03:21.779066
2052,2052,0.4527,0,2026-03-31T09:03:21.779066
2053,2053,0.2157,0,2026-03-31T09:03:21.779066
2054,2054,0.3621,0,2026-03-31T09:03:21.779066
2055,2055,0.2495,0,2026-03-31T09:03:21.779066
2056,2056,0.4901,0,2026-03-31T09:03:21.779066
2057,2057,0.4488,0,2026-03-31T09:03:21.779066
2058,2058,0.5229,1,2026-03-31T09:03:21.779066
2059,2059,0.3929,0,2026-03-31T09:03:21.779066
2060,2060,0.639,1,2026-03-31T09:03:21.779066
2061,2061,0.4285,0,2026-03-31T09:03:21.779066
2062,2062,0.5834,1,2026-03-31T09:03:21.779066
2063,2063,0.7222,1,2026-03-31T09:03:21.779066
2064,2064,0.362,0,2026-03-31T09:03:21.779066
2065,2065,0.7005,1,2026-03-31T09:03:21.779066
2066,2066,0.7666,1,2026-03-31T09:03:21.779066
2067,2067,0.4146,0,2026-03-31T09:03:21.779066
2068,2068,0.3653,0,2026-03-31T09:03:21.779066
2069,2069,0.31,0,2026-03-31T09:03:21.779066
2070,2070,0.3444,0,2026-03-31T09:03:21.779066
2071,2071,0.7256,1,2026-03-31T09:03:21.779066
2072,2072,0.3978,0,2026-03-31T09:03:21.779066
2073,2073,0.3816,0,2026-03-31T09:03:21.779066
2074,2074,0.529,1,2026-03-31T09:03:21.779066
2075,2075,0.6941,1,2026-03-31T09:03:21.779066
2076,2076,0.7997,1,2026-03-31T09:03:21.779066
2077,2077,0.3326,0,2026-03-31T09:03:21.779066
2078,2078,0.4149,0,2026-03-31T09:03:21.779066
2079,2079,0.8448,1,2026-03-31T09:03:21.779066
2080,2080,0.7597,1,2026-03-31T09:03:21.779066
2081,2081,0.4484,0,2026-03-31T09:03:21.779066
2082,2082,0.6135,1,2026-03-31T09:03:21.779066
2083,2083,0.4243,0,2026-03-31T09:03:21.779066
2084,2084,0.86,1,2026-03-31T09:03:21.779066
2085,2085,0.7383,1,2026-03-31T09:03:21.779066
2086,2086,0.485,0,2026-03-31T09:03:21.779066
2087,2087,0.7112,1,2026-03-31T09:03:21.779066
2088,2088,0.7674,1,2026-03-31T09:03:21.779066
2089,2089,0.3423,0,2026-03-31T09:03:21.779066
2090,2090,0.6504,1,2026-03-31T09:03:21.779066
2091,2091,0.3251,0,2026-03-31T09:03:21.779066
2092,2092,0.6929,1,2026-03-31T09:03:21.779066
2093,2093,0.6054,1,2026-03-31T09:03:21.779066
2094,2094,0.3237,0,2026-03-31T09:03:21.779066
2095,2095,0.3227,0,2026-03-31T09:03:21.779066
2096,2096,0.6334,1,2026-03-31T09:03:21.779066
2097,2097,0.3222,0,2026-03-31T09:03:21.779066
2098,2098,0.2223,0,2026-03-31T09:03:21.779066
2099,2099,0.6888,1,2026-03-31T09:03:21.779066
2100,2100,0.3961,0,2026-03-31T09:03:21.779066
2101,2101,0.7343,1,2026-03-31T09:03:21.779066
2102,2102,0.6659,1,2026-03-31T09:03:21.779066
2103,2103,0.4913,0,2026-03-31T09:03:21.779066
2104,2104,0.7691,1,2026-03-31T09:03:21.779066
2105,2105,0.4078,0,2026-03-31T09:03:21.779066
2106,2106,0.2663,0,2026-03-31T09:03:21.779066
2107,2107,0.6956,1,2026-03-31T09:03:21.779066
2108,2108,0.4752,0,2026-03-31T09:03:21.779066
2109,2109,0.3586,0,2026-03-31T09:03:21.779066
2110,2110,0.7249,1,2026-03-31T09:03:21.779066
2111,2111,0.7316,1,2026-03-31T09:03:21.779066
2112,2112,0.8109,1,2026-03-31T09:03:21.779066
2113,2113,0.2003,0,2026-03-31T09:03:21.779066
2114,2114,0.5295,1,2026-03-31T09:03:21.779066
2115,2115,0.3233,0,2026-03-31T09:03:21.779066
2116,2116,0.6979,1,2026-03-31T09:03:21.779066
2117,2117,0.6434,1,2026-03-31T09:03:21.779066
2118,2118,0.6045,1,2026-03-31T09:03:21.779066
2119,2119,0.7673,1,2026-03-31T09:03:21.779066
2120,2120,0.3676,0,2026-03-31T09:03:21.779066
2121,2121,0.3665,0,2026-03-31T09:03:21.779066
2122,2122,0.2788,0,2026-03-31T09:03:21.779066
2123,2123,0.2541,0,2026-03-31T09:03:21.779066
2124,2124,0.3861,0,2026-03-31T09:03:21.779066
2125,2125,0.6769,1,2026-03-31T09:03:21.779066
2126,2126,0.6705,1,2026-03-31T09:03:21.779066
2127,2127,0.3413,0,2026-03-31T09:03:21.779066
2128,2128,0.5427,1,2026-03-31T09:03:21.779066
2129,2129,0.4642,0,2026-03-31T09:03:21.779066
2130,2130,0.6294,1,2026-03-31T09:03:21.779066
2131,2131,0.3125,0,2026-03-31T09:03:21.779066
2132,2132,0.378,0,2026-03-31T09:03:21.779066
2133,2133,0.3819,0,2026-03-31T09:03:21.779066
2134,2134,0.3699,0,2026-03-31T09:03:21.779066
2135,2135,0.2161,0,2026-03-31T09:03:21.779066
2136,2136,0.8114,1,2026-03-31T09:03:21.779066
2137,2137,0.5514,1,2026-03-31T09:03:21.779066
2138,2138,0.49,0,2026-03-31T09:03:21.779066
2139,2139,0.5357,1,2026-03-31T09:03:21.779066
2140,2140,0.3712,0,2026-03-31T09:03:21.779066
2141,2141,0.6113,1,2026-03-31T09:03:21.779066
2142,2142,0.7468,1,2026-03-31T09:03:21.779066
2143,2143,0.4914,0,2026-03-31T09:03:21.779066
2144,2144,0.4242,0,2026-03-31T09:03:21.779066
2145,2145,0.825,1,2026-03-31T09:03:21.779066
2146,2146,0.3793,0,2026-03-31T09:03:21.779066
2147,2147,0.3422,0,2026-03-31T09:03:21.779066
2148,2148,0.7069,1,2026-03-31T09:03:21.779066
2149,2149,0.1954,0,2026-03-31T09:03:21.779066
2150,2150,0.2756,0,2026-03-31T09:03:21.779066
2151,2151,0.7532,1,2026-03-31T09:03:21.779066
2152,2152,0.4907,0,2026-03-31T09:03:21.779066
2153,2153,0.4749,0,2026-03-31T09:03:21.779066
2154,2154,0.7648,1,2026-03-31T09:03:21.779066
2155,2155,0.7365,1,2026-03-31T09:03:21.779066
2156,2156,0.702,1,2026-03-31T09:03:21.779066
2157,2157,0.6919,1,2026-03-31T09:03:21.779066
2158,2158,0.453,0,2026-03-31T09:03:21.779066
2159,2159,0.5268,1,2026-03-31T09:03:21.779066
2160,2160,0.482,0,2026-03-31T09:03:21.779066
2161,2161,0.7915,1,2026-03-31T09:03:21.779066
2162,2162,0.7611,1,2026-03-31T09:03:21.779066
2163,2163,0.3289,0,2026-03-31T09:03:21.779066
2164,2164,0.5199,1,2026-03-31T09:03:21.779066
2165,2165,0.758,1,2026-03-31T09:03:21.779066
2166,2166,0.3508,0,2026-03-31T09:03:21.779066
2167,2167,0.247,0,2026-03-31T09:03:21.779066
2168,2168,0.78,1,2026-03-31T09:03:21.779066
2169,2169,0.34,0,2026-03-31T09:03:21.779066
2170,2170,0.8117,1,2026-03-31T09:03:21.779066
2171,2171,0.3298,0,2026-03-31T09:03:21.779066
2172,2172,0.6758,1,2026-03-31T09:03:21.779066
2173,2173,0.3636,0,2026-03-31T09:03:21.779066
2174,2174,0.2983,0,2026-03-31T09:03:21.779066
2175,2175,0.3788,0,2026-03-31T09:03:21.779066
2176,2176,0.4242,0,2026-03-31T09:03:21.779066
2177,2177,0.5195,1,2026-03-31T09:03:21.779066
2178,2178,0.8433,1,2026-03-31T09:03:21.779066
2179,2179,0.7356,1,2026-03-31T09:03:21.779066
2180,2180,0.2908,0,2026-03-31T09:03:21.779066
2181,2181,0.2528,0,2026-03-31T09:03:21.779066
2182,2182,0.6721,1,2026-03-31T09:03:21.779066
2183,2183,0.7474,1,2026-03-31T09:03:21.779066
2184,2184,0.6739,1,2026-03-31T09:03:21.779066
2185,2185,0.3552,0,2026-03-31T09:03:21.779066
2186,2186,0.2479,0,2026-03-31T09:03:21.779066
2187,2187,0.3738,0,2026-03-31T09:03:21.779066
2188,2188,0.2411,0,2026-03-31T09:03:21.779066
2189,2189,0.688,1,2026-03-31T09:03:21.779066
2190,2190,0.4472,0,2026-03-31T09:03:21.779066
2191,2191,0.7629,1,2026-03-31T09:03:21.779066
2192,2192,0.4006,0,2026-03-31T09:03:21.779066
2193,2193,0.8069,1,2026-03-31T09:03:21.779066
2194,2194,0.5131,1,2026-03-31T09:03:21.779066
2195,2195,0.5669,1,2026-03-31T09:03:21.779066
2196,2196,0.6948,1,2026-03-31T09:03:21.779066
2197,2197,0.8211,1,2026-03-31T09:03:21.779066
2198,2198,0.4357,0,2026-03-31T09:03:21.779066
2199,2199,0.8154,1,2026-03-31T09:03:21.779066
2200,2200,0.7364,1,2026-03-31T09:03:21.779066
2201,2201,0.648,1,2026-03-31T09:03:21.779066
2202,2202,0.6248,1,2026-03-31T09:03:21.779066
2203,2203,0.5611,1,2026-03-31T09:03:21.779066
2204,2204,0.2136,0,2026-03-31T09:03:21.779066
2205,2205,0.3348,0,2026-03-31T09:03:21.779066
2206,2206,0.675,1,2026-03-31T09:03:21.779066
2207,2207,0.4925,0,2026-03-31T09:03:21.779066
2208,2208,0.564,1,2026-03-31T09:03:21.779066
2209,2209,0.4669,0,2026-03-31T09:03:21.779066
2210,2210,0.366,0,2026-03-31T09:03:21.779066
2211,2211,0.51,1,2026-03-31T09:03:21.779066
2212,2212,0.7479,1,2026-03-31T09:03:21.779066
2213,2213,0.3399,0,2026-03-31T09:03:21.779066
2214,2214,0.3178,0,2026-03-31T09:03:21.779066
2215,2215,0.4757,0,2026-03-31T09:03:21.779066
2216,2216,0.877,1,2026-03-31T09:03:21.779066
2217,2217,0.5111,1,2026-03-31T09:03:21.779066
2218,2218,0.6946,1,2026-03-31T09:03:21.779066
2219,2219,0.67,1,2026-03-31T09:03:21.779066
2220,2220,0.3794,0,2026-03-31T09:03:21.779066
2221,2221,0.6345,1,2026-03-31T09:03:21.779066
2222,2222,0.7077,1,2026-03-31T09:03:21.779066
2223,2223,0.536,1,2026-03-31T09:03:21.779066
2224,2224,0.3357,0,2026-03-31T09:03:21.779066
2225,2225,0.4464,0,2026-03-31T09:03:21.779066
2226,2226,0.5463,1,2026-03-31T09:03:21.779066
2227,2227,0.4363,0,2026-03-31T09:03:21.779066
2228,2228,0.4745,0,2026-03-31T09:03:21.779066
2229,2229,0.4483,0,2026-03-31T09:03:21.779066
2230,2230,0.349,0,2026-03-31T09:03:21.779066
2231,2231,0.5563,1,2026-03-31T09:03:21.779066
2232,2232,0.7687,1,2026-03-31T09:03:21.779066
2233,2233,0.8394,1,2026-03-31T09:03:21.779066
2234,2234,0.6284,1,2026-03-31T09:03:21.779066
2235,2235,0.4136,0,2026-03-31T09:03:21.779066
2236,2236,0.9059,1,2026-03-31T09:03:21.779066
2237,2237,0.4028,0,2026-03-31T09:03:21.779066
2238,2238,0.4597,0,2026-03-31T09:03:21.779066
2239,2239,0.6123,1,2026-03-31T09:03:21.779066
2240,2240,0.6092,1,2026-03-31T09:03:21.779066
2241,2241,0.7763,1,2026-03-31T09:03:21.779066
2242,2242,0.5565,1,2026-03-31T09:03:21.779066
2243,2243,0.8087,1,2026-03-31T09:03:21.779066
2244,2244,0.3941,0,2026-03-31T09:03:21.779066
2245,2245,0.3936,0,2026-03-31T09:03:21.779066
2246,2246,0.5524,1,2026-03-31T09:03:21.779066
2247,2247,0.2127,0,2026-03-31T09:03:21.779066
2248,2248,0.4482,0,2026-03-31T09:03:21.779066
2249,2249,0.8035,1,2026-03-31T09:03:21.779066
2250,2250,0.3508,0,2026-03-31T09:03:21.779066
2251,2251,0.2783,0,2026-03-31T09:03:21.779066
2252,2252,0.4672,0,2026-03-31T09:03:21.779066
2253,2253,0.8182,1,2026-03-31T09:03:21.779066
2254,2254,0.5017,1,2026-03-31T09:03:21.779066
2255,2255,0.7076,1,2026-03-31T09:03:21.779066
2256,2256,0.5081,1,2026-03-31T09:03:21.779066
2257,2257,0.3423,0,2026-03-31T09:03:21.779066
2258,2258,0.6288,1,2026-03-31T09:03:21.779066
2259,2259,0.8589,1,2026-03-31T09:03:21.779066
2260,2260,0.6357,1,2026-03-31T09:03:21.779066
2261,2261,0.5303,1,2026-03-31T09:03:21.779066
2262,2262,0.8104,1,2026-03-31T09:03:21.779066
2263,2263,0.6973,1,2026-03-31T09:03:21.779066
2264,2264,0.7097,1,2026-03-31T09:03:21.779066
2265,2265,0.4136,0,2026-03-31T09:03:21.779066
2266,2266,0.4434,0,2026-03-31T09:03:21.779066
2267,2267,0.4851,0,2026-03-31T09:03:21.779066
2268,2268,0.4826,0,2026-03-31T09:03:21.779066
2269,2269,0.8633,1,2026-03-31T09:03:21.779066
2270,2270,0.6611,1,2026-03-31T09:03:21.779066
2271,2271,0.4278,0,2026-03-31T09:03:21.779066
2272,2272,0.8536,1,2026-03-31T09:03:21.779066
2273,2273,0.5472,1,2026-03-31T09:03:21.779066
2274,2274,0.4155,0,2026-03-31T09:03:21.779066
2275,2275,0.3758,0,2026-03-31T09:03:21.779066
2276,2276,0.4305,0,2026-03-31T09:03:21.779066
2277,2277,0.7225,1,2026-03-31T09:03:21.779066
2278,2278,0.2313,0,2026-03-31T09:03:21.779066
2279,2279,0.7019,1,2026-03-31T09:03:21.779066
2280,2280,0.7017,1,2026-03-31T09:03:21.779066
2281,2281,0.4238,0,2026-03-31T09:03:21.779066
2282,2282,0.3311,0,2026-03-31T09:03:21.779066
2283,2283,0.7933,1,2026-03-31T09:03:21.779066
2284,2284,0.8957,1,2026-03-31T09:03:21.779066
2285,2285,0.3903,0,2026-03-31T09:03:21.779066
2286,2286,0.3477,0,2026-03-31T09:03:21.779066
2287,2287,0.4898,0,2026-03-31T09:03:21.779066
2288,2288,0.3465,0,2026-03-31T09:03:21.779066
2289,2289,0.8217,1,2026-03-31T09:03:21.779066
2290,2290,0.8776,1,2026-03-31T09:03:21.779066
2291,2291,0.5606,1,2026-03-31T09:03:21.779066
2292,2292,0.7603,1,2026-03-31T09:03:21.779066
2293,2293,0.4763,0,2026-03-31T09:03:21.779066
2294,2294,0.4833,0,2026-03-31T09:03:21.779066
2295,2295,0.7591,1,2026-03-31T09:03:21.779066
2296,2296,0.4221,0,2026-03-31T09:03:21.779066
2297,2297,0.7,1,2026-03-31T09:03:21.779066
2298,2298,0.7997,1,2026-03-31T09:03:21.779066
2299,2299,0.8306,1,2026-03-31T09:03:21.779066
2300,2300,0.7564,1,2026-03-31T09:03:21.779066
2301,2301,0.4454,0,2026-03-31T09:03:21.779066
2302,2302,0.4309,0,2026-03-31T09:03:21.779066
2303,2303,0.734,1,2026-03-31T09:03:21.779066
2304,2304,0.7644,1,2026-03-31T09:03:21.779066
2305,2305,0.6746,1,2026-03-31T09:03:21.779066
2306,2306,0.4144,0,2026-03-31T09:03:21.779066
2307,2307,0.5473,1,2026-03-31T09:03:21.779066
2308,2308,0.766,1,2026-03-31T09:03:21.779066
2309,2309,0.8832,1,2026-03-31T09:03:21.779066
2310,2310,0.7252,1,2026-03-31T09:03:21.779066
2311,2311,0.4036,0,2026-03-31T09:03:21.779066
2312,2312,0.2621,0,2026-03-31T09:03:21.779066
2313,2313,0.6817,1,2026-03-31T09:03:21.779066
2314,2314,0.5374,1,2026-03-31T09:03:21.779066
2315,2315,0.4454,0,2026-03-31T09:03:21.779066
2316,2316,0.4348,0,2026-03-31T09:03:21.779066
2317,2317,0.8855,1,2026-03-31T09:03:21.779066
2318,2318,0.7239,1,2026-03-31T09:03:21.779066
2319,2319,0.8085,1,2026-03-31T09:03:21.779066
2320,2320,0.695,1,2026-03-31T09:03:21.779066
2321,2321,0.2634,0,2026-03-31T09:03:21.779066
2322,2322,0.4465,0,2026-03-31T09:03:21.779066
2323,2323,0.6399,1,2026-03-31T09:03:21.779066
2324,2324,0.6323,1,2026-03-31T09:03:21.779066
2325,2325,0.8329,1,2026-03-31T09:03:21.779066
2326,2326,0.4485,0,2026-03-31T09:03:21.779066
2327,2327,0.5237,1,2026-03-31T09:03:21.779066
2328,2328,0.7846,1,2026-03-31T09:03:21.779066
2329,2329,0.8292,1,2026-03-31T09:03:21.779066
2330,2330,0.4157,0,2026-03-31T09:03:21.779066
2331,2331,0.824,1,2026-03-31T09:03:21.779066
2332,2332,0.6723,1,2026-03-31T09:03:21.779066
2333,2333,0.8467,1,2026-03-31T09:03:21.779066
2334,2334,0.674,1,2026-03-31T09:03:21.779066
2335,2335,0.8272,1,2026-03-31T09:03:21.779066
2336,2336,0.5744,1,2026-03-31T09:03:21.779066
2337,2337,0.5758,1,2026-03-31T09:03:21.779066
2338,2338,0.7351,1,2026-03-31T09:03:21.779066
2339,2339,0.4476,0,2026-03-31T09:03:21.779066
2340,2340,0.7218,1,2026-03-31T09:03:21.779066
2341,2341,0.6065,1,2026-03-31T09:03:21.779066
2342,2342,0.5251,1,2026-03-31T09:03:21.779066
2343,2343,0.8318,1,2026-03-31T09:03:21.779066
2344,2344,0.7143,1,2026-03-31T09:03:21.779066
2345,2345,0.6931,1,2026-03-31T09:03:21.779066
2346,2346,0.5114,1,2026-03-31T09:03:21.779066
2347,2347,0.2562,0,2026-03-31T09:03:21.779066
2348,2348,0.7348,1,2026-03-31T09:03:21.779066
2349,2349,0.8054,1,2026-03-31T09:03:21.779066
2350,2350,0.4264,0,2026-03-31T09:03:21.779066
2351,2351,0.4374,0,2026-03-31T09:03:21.779066
2352,2352,0.4853,0,2026-03-31T09:03:21.779066
2353,2353,0.4428,0,2026-03-31T09:03:21.779066
2354,2354,0.6481,1,2026-03-31T09:03:21.779066
2355,2355,0.8195,1,2026-03-31T09:03:21.779066
2356,2356,0.7306,1,2026-03-31T09:03:21.779066
2357,2357,0.4515,0,2026-03-31T09:03:21.779066
2358,2358,0.8254,1,2026-03-31T09:03:21.779066
2359,2359,0.7171,1,2026-03-31T09:03:21.779066
2360,2360,0.7502,1,2026-03-31T09:03:21.779066
2361,2361,0.7777,1,2026-03-31T09:03:21.779066
2362,2362,0.6592,1,2026-03-31T09:03:21.779066
2363,2363,0.5815,1,2026-03-31T09:03:21.779066
2364,2364,0.7093,1,2026-03-31T09:03:21.779066
2365,2365,0.4189,0,2026-03-31T09:03:21.779066
2366,2366,0.3113,0,2026-03-31T09:03:21.779066
2367,2367,0.3514,0,2026-03-31T09:03:21.779066
2368,2368,0.4806,0,2026-03-31T09:03:21.779066
2369,2369,0.5424,1,2026-03-31T09:03:21.779066
2370,2370,0.6502,1,2026-03-31T09:03:21.779066
2371,2371,0.465,0,2026-03-31T09:03:21.779066
2372,2372,0.4289,0,2026-03-31T09:03:21.779066
2373,2373,0.2994,0,2026-03-31T09:03:21.779066
2374,2374,0.9028,1,2026-03-31T09:03:21.779066
2375,2375,0.6683,1,2026-03-31T09:03:21.779066
2376,2376,0.365,0,2026-03-31T09:03:21.779066
2377,2377,0.7051,1,2026-03-31T09:03:21.779066
2378,2378,0.5166,1,2026-03-31T09:03:21.779066
2379,2379,0.5806,1,2026-03-31T09:03:21.779066
2380,2380,0.736,1,2026-03-31T09:03:21.779066
2381,2381,0.5001,1,2026-03-31T09:03:21.779066
2382,2382,0.8611,1,2026-03-31T09:03:21.779066
2383,2383,0.4921,0,2026-03-31T09:03:21.779066
2384,2384,0.8735,1,2026-03-31T09:03:21.779066
2385,2385,0.3847,0,2026-03-31T09:03:21.779066
2386,2386,0.6908,1,2026-03-31T09:03:21.779066
2387,2387,0.8722,1,2026-03-31T09:03:21.779066
2388,2388,0.7311,1,2026-03-31T09:03:21.779066
2389,2389,0.406,0,2026-03-31T09:03:21.779066
2390,2390,0.8502,1,2026-03-31T09:03:21.779066
2391,2391,0.5963,1,2026-03-31T09:03:21.779066
2392,2392,0.4614,0,2026-03-31T09:03:21.779066
2393,2393,0.6852,1,2026-03-31T09:03:21.779066
2394,2394,0.6333,1,2026-03-31T09:03:21.779066
2395,2395,0.6226,1,2026-03-31T09:03:21.779066
2396,2396,0.7158,1,2026-03-31T09:03:21.779066
2397,2397,0.6821,1,2026-03-31T09:03:21.779066
2398,2398,0.8338,1,2026-03-31T09:03:21.779066
2399,2399,0.3554,0,2026-03-31T09:03:21.779066
2400,2400,0.6624,1,2026-03-31T09:03:21.779066
2401,2401,0.5354,1,2026-03-31T09:03:21.779066
2402,2402,0.5888,1,2026-03-31T09:03:21.779066
2403,2403,0.8822,1,2026-03-31T09:03:21.779066
2404,2404,0.6876,1,2026-03-31T09:03:21.779066
2405,2405,0.5832,1,2026-03-31T09:03:21.779066
2406,2406,0.5391,1,2026-03-31T09:03:21.779066
2407,2407,0.7651,1,2026-03-31T09:03:21.779066
2408,2408,0.6474,1,2026-03-31T09:03:21.779066
2409,2409,0.6288,1,2026-03-31T09:03:21.779066
2410,2410,0.5632,1,2026-03-31T09:03:21.779066
2411,2411,0.595,1,2026-03-31T09:03:21.779066
2412,2412,0.8654,1,2026-03-31T09:03:21.779066
2413,2413,0.7785,1,2026-03-31T09:03:21.779066
2414,2414,0.4815,0,2026-03-31T09:03:21.779066
2415,2415,0.7018,1,2026-03-31T09:03:21.779066
2416,2416,0.744,1,2026-03-31T09:03:21.779066
2417,2417,0.3547,0,2026-03-31T09:03:21.779066
2418,2418,0.8288,1,2026-03-31T09:03:21.779066
2419,2419,0.8153,1,2026-03-31T09:03:21.779066
2420,2420,0.7014,1,2026-03-31T09:03:21.779066
2421,2421,0.5163,1,2026-03-31T09:03:21.779066
2422,2422,0.7134,1,2026-03-31T09:03:21.779066
2423,2423,0.6594,1,2026-03-31T09:03:21.779066
2424,2424,0.703,1,2026-03-31T09:03:21.779066
2425,2425,0.5153,1,2026-03-31T09:03:21.779066
2426,2426,0.7759,1,2026-03-31T09:03:21.779066
2427,2427,0.6417,1,2026-03-31T09:03:21.779066
2428,2428,0.6503,1,2026-03-31T09:03:21.779066
2429,2429,0.6616,1,2026-03-31T09:03:21.779066
2430,2430,0.4592,0,2026-03-31T09:03:21.779066
2431,2431,0.8906,1,2026-03-31T09:03:21.779066
2432,2432,0.4208,0,2026-03-31T09:03:21.779066
2433,2433,0.6347,1,2026-03-31T09:03:21.779066
2434,2434,0.7587,1,2026-03-31T09:03:21.779066
2435,2435,0.8705,1,2026-03-31T09:03:21.779066
2436,2436,0.7638,1,2026-03-31T09:03:21.779066
2437,2437,0.5365,1,2026-03-31T09:03:21.779066
2438,2438,0.789,1,2026-03-31T09:03:21.779066
2439,2439,0.7092,1,2026-03-31T09:03:21.779066
2440,2440,0.6727,1,2026-03-31T09:03:21.779066
2441,2441,0.7877,1,2026-03-31T09:03:21.779066
2442,2442,0.5068,1,2026-03-31T09:03:21.779066
2443,2443,0.4457,0,2026-03-31T09:03:21.779066
2444,2444,0.4628,0,2026-03-31T09:03:21.779066
2445,2445,0.9161,1,2026-03-31T09:03:21.779066
2446,2446,0.8619,1,2026-03-31T09:03:21.779066
2447,2447,0.6819,1,2026-03-31T09:03:21.779066
2448,2448,0.8227,1,2026-03-31T09:03:21.779066
2449,2449,0.5806,1,2026-03-31T09:03:21.779066
2450,2450,0.5512,1,2026-03-31T09:03:21.779066
2451,2451,0.4499,0,2026-03-31T09:03:21.779066
2452,2452,0.7817,1,2026-03-31T09:03:21.779066
2453,2453,0.6171,1,2026-03-31T09:03:21.779066
2454,2454,0.7947,1,2026-03-31T09:03:21.779066
2455,2455,0.7867,1,2026-03-31T09:03:21.779066
2456,2456,0.5156,1,2026-03-31T09:03:21.779066
2457,2457,0.6534,1,2026-03-31T09:03:21.779066
2458,2458,0.8484,1,2026-03-31T09:03:21.779066
2459,2459,0.6604,1,2026-03-31T09:03:21.779066
2460,2460,0.44,0,2026-03-31T09:03:21.779066
2461,2461,0.4788,0,2026-03-31T09:03:21.779066
2462,2462,0.711,1,2026-03-31T09:03:21.779066
2463,2463,0.7355,1,2026-03-31T09:03:21.779066
2464,2464,0.7985,1,2026-03-31T09:03:21.779066
2465,2465,0.4875,0,2026-03-31T09:03:21.779066
2466,2466,0.7345,1,2026-03-31T09:03:21.779066
2467,2467,0.5194,1,2026-03-31T09:03:21.779066
2468,2468,0.7206,1,2026-03-31T09:03:21.779066
2469,2469,0.8489,1,2026-03-31T09:03:21.779066
2470,2470,0.4681,0,2026-03-31T09:03:21.779066
2471,2471,0.6759,1,2026-03-31T09:03:21.779066
2472,2472,0.6484,1,2026-03-31T09:03:21.779066
2473,2473,0.7162,1,2026-03-31T09:03:21.779066
2474,2474,0.5934,1,2026-03-31T09:03:21.779066
2475,2475,0.9301,1,2026-03-31T09:03:21.779066
2476,2476,0.7914,1,2026-03-31T09:03:21.779066
2477,2477,0.7128,1,2026-03-31T09:03:21.779066
2478,2478,0.3259,0,2026-03-31T09:03:21.779066
2479,2479,0.7707,1,2026-03-31T09:03:21.779066
2480,2480,0.6748,1,2026-03-31T09:03:21.779066
2481,2481,0.8523,1,2026-03-31T09:03:21.779066
2482,2482,0.7605,1,2026-03-31T09:03:21.779066
2483,2483,0.68,1,2026-03-31T09:03:21.779066
2484,2484,0.5721,1,2026-03-31T09:03:21.779066
2485,2485,0.6846,1,2026-03-31T09:03:21.779066
2486,2486,0.6275,1,2026-03-31T09:03:21.779066
2487,2487,0.7877,1,2026-03-31T09:03:21.779066
2488,2488,0.7081,1,2026-03-31T09:03:21.779066
2489,2489,0.7834,1,2026-03-31T09:03:21.779066
2490,2490,0.7376,1,2026-03-31T09:03:21.779066
2491,2491,0.5567,1,2026-03-31T09:03:21.779066
2492,2492,0.6514,1,2026-03-31T09:03:21.779066
2493,2493,0.5886,1,2026-03-31T09:03:21.779066
2494,2494,0.6039,1,2026-03-31T09:03:21.779066
2495,2495,0.3276,0,2026-03-31T09:03:21.779066
2496,2496,0.8906,1,2026-03-31T09:03:21.779066
2497,2497,0.6389,1,2026-03-31T09:03:21.779066
2498,2498,0.8156,1,2026-03-31T09:03:21.779066
2499,2499,0.8097,1,2026-03-31T09:03:21.779066
2500,2500,0.5249,1,2026-03-31T09:03:21.779066
2501,2501,0.6328,1,2026-03-31T09:03:21.779066
2502,2502,0.5333,1,2026-03-31T09:03:21.779066
2503,2503,0.4771,0,2026-03-31T09:03:21.779066
2504,2504,0.8037,1,2026-03-31T09:03:21.779066
2505,2505,0.5318,1,2026-03-31T09:03:21.779066
2506,2506,0.5783,1,2026-03-31T09:03:21.779066
2507,2507,0.8691,1,2026-03-31T09:03:21.779066
2508,2508,0.8285,1,2026-03-31T09:03:21.779066
2509,2509,0.7719,1,2026-03-31T09:03:21.779066
2510,2510,0.7114,1,2026-03-31T09:03:21.779066
2511,2511,0.4822,0,2026-03-31T09:03:21.779066
2512,2512,0.6619,1,2026-03-31T09:03:21.779066
2513,2513,0.5577,1,2026-03-31T09:03:21.779066
2514,2514,0.4187,0,2026-03-31T09:03:21.779066
2515,2515,0.3481,0,2026-03-31T09:03:21.779066
2516,2516,0.7422,1,2026-03-31T09:03:21.779066
2517,2517,0.9489,1,2026-03-31T09:03:21.779066
2518,2518,0.6593,1,2026-03-31T09:03:21.779066
2519,2519,0.5905,1,2026-03-31T09:03:21.779066
2520,2520,0.7227,1,2026-03-31T09:03:21.779066
2521,2521,0.772,1,2026-03-31T09:03:21.779066
2522,2522,0.8827,1,2026-03-31T09:03:21.779066
2523,2523,0.5431,1,2026-03-31T09:03:21.779066
2524,2524,0.6659,1,2026-03-31T09:03:21.779066
2525,2525,0.8828,1,2026-03-31T09:03:21.779066
2526,2526,0.8144,1,2026-03-31T09:03:21.779066
2527,2527,0.8958,1,2026-03-31T09:03:21.779066
2528,2528,0.5127,1,2026-03-31T09:03:21.779066
2529,2529,0.927,1,2026-03-31T09:03:21.779066
2530,2530,0.3817,0,2026-03-31T09:03:21.779066
2531,2531,0.6166,1,2026-03-31T09:03:21.779066
2532,2532,0.6271,1,2026-03-31T09:03:21.779066
2533,2533,0.803,1,2026-03-31T09:03:21.779066
2534,2534,0.7092,1,2026-03-31T09:03:21.779066
2535,2535,0.3009,0,2026-03-31T09:03:21.779066
2536,2536,0.7539,1,2026-03-31T09:03:21.779066
2537,2537,0.1827,0,2026-03-31T09:03:21.779066
2538,2538,0.321,0,2026-03-31T09:03:21.779066
2539,2539,0.4892,0,2026-03-31T09:03:21.779066
2540,2540,0.2337,0,2026-03-31T09:03:21.779066
2541,2541,0.7354,1,2026-03-31T09:03:21.779066
2542,2542,0.3333,0,2026-03-31T09:03:21.779066
2543,2543,0.7162,1,2026-03-31T09:03:21.779066
2544,2544,0.253,0,2026-03-31T09:03:21.779066
2545,2545,0.1931,0,2026-03-31T09:03:21.779066
2546,2546,0.8739,1,2026-03-31T09:03:21.779066
2547,2547,0.4008,0,2026-03-31T09:03:21.779066
2548,2548,0.7599,1,2026-03-31T09:03:21.779066
2549,2549,0.553,1,2026-03-31T09:03:21.779066
2550,2550,0.1866,0,2026-03-31T09:03:21.779066
2551,2551,0.7131,1,2026-03-31T09:03:21.779066
2552,2552,0.7682,1,2026-03-31T09:03:21.779066
2553,2553,0.762,1,2026-03-31T09:03:21.779066
2554,2554,0.2683,0,2026-03-31T09:03:21.779066
2555,2555,0.6862,1,2026-03-31T09:03:21.779066
2556,2556,0.2246,0,2026-03-31T09:03:21.779066
2557,2557,0.2253,0,2026-03-31T09:03:21.779066
2558,2558,0.5885,1,2026-03-31T09:03:21.779066
2559,2559,0.2549,0,2026-03-31T09:03:21.779066
2560,2560,0.4111,0,2026-03-31T09:03:21.779066
2561,2561,0.5269,1,2026-03-31T09:03:21.779066
2562,2562,0.3272,0,2026-03-31T09:03:21.779066
2563,2563,0.8654,1,2026-03-31T09:03:21.779066
2564,2564,0.5681,1,2026-03-31T09:03:21.779066
2565,2565,0.6577,1,2026-03-31T09:03:21.779066
2566,2566,0.7194,1,2026-03-31T09:03:21.779066
2567,2567,0.2256,0,2026-03-31T09:03:21.779066
2568,2568,0.209,0,2026-03-31T09:03:21.779066
2569,2569,0.3147,0,2026-03-31T09:03:21.779066
2570,2570,0.5038,1,2026-03-31T09:03:21.779066
2571,2571,0.2202,0,2026-03-31T09:03:21.779066
2572,2572,0.7608,1,2026-03-31T09:03:21.779066
2573,2573,0.5185,1,2026-03-31T09:03:21.779066
2574,2574,0.2771,0,2026-03-31T09:03:21.779066
2575,2575,0.358,0,2026-03-31T09:03:21.779066
2576,2576,0.4521,0,2026-03-31T09:03:21.779066
2577,2577,0.8174,1,2026-03-31T09:03:21.779066
2578,2578,0.2213,0,2026-03-31T09:03:21.779066
2579,2579,0.7365,1,2026-03-31T09:03:21.779066
2580,2580,0.8347,1,2026-03-31T09:03:21.779066
2581,2581,0.6395,1,2026-03-31T09:03:21.779066
2582,2582,0.209,0,2026-03-31T09:03:21.779066
2583,2583,0.308,0,2026-03-31T09:03:21.779066
2584,2584,0.4278,0,2026-03-31T09:03:21.779066
2585,2585,0.2503,0,2026-03-31T09:03:21.779066
2586,2586,0.1981,0,2026-03-31T09:03:21.779066
2587,2587,0.3091,0,2026-03-31T09:03:21.779066
2588,2588,0.1873,0,2026-03-31T09:03:21.779066
2589,2589,0.7843,1,2026-03-31T09:03:21.779066
2590,2590,0.5791,1,2026-03-31T09:03:21.779066
2591,2591,0.5499,1,2026-03-31T09:03:21.779066
2592,2592,0.6044,1,2026-03-31T09:03:21.779066
2593,2593,0.8266,1,2026-03-31T09:03:21.779066
2594,2594,0.6951,1,2026-03-31T09:03:21.779066
2595,2595,0.7089,1,2026-03-31T09:03:21.779066
2596,2596,0.3425,0,2026-03-31T09:03:21.779066
2597,2597,0.7572,1,2026-03-31T09:03:21.779066
2598,2598,0.5143,1,2026-03-31T09:03:21.779066
2599,2599,0.7637,1,2026-03-31T09:03:21.779066
2600,2600,0.7007,1,2026-03-31T09:03:21.779066
2601,2601,0.5488,1,2026-03-31T09:03:21.779066
2602,2602,0.7753,1,2026-03-31T09:03:21.779066
2603,2603,0.8079,1,2026-03-31T09:03:21.779066
2604,2604,0.4127,0,2026-03-31T09:03:21.779066
2605,2605,0.7814,1,2026-03-31T09:03:21.779066
2606,2606,0.5826,1,2026-03-31T09:03:21.779066
2607,2607,0.2502,0,2026-03-31T09:03:21.779066
2608,2608,0.2407,0,2026-03-31T09:03:21.779066
2609,2609,0.6277,1,2026-03-31T09:03:21.779066
2610,2610,0.2149,0,2026-03-31T09:03:21.779066
2611,2611,0.1852,0,2026-03-31T09:03:21.779066
2612,2612,0.3679,0,2026-03-31T09:03:21.779066
2613,2613,0.2238,0,2026-03-31T09:03:21.779066
2614,2614,0.8332,1,2026-03-31T09:03:21.779066
2615,2615,0.2169,0,2026-03-31T09:03:21.779066
2616,2616,0.7038,1,2026-03-31T09:03:21.779066
2617,2617,0.3374,0,2026-03-31T09:03:21.779066
2618,2618,0.7279,1,2026-03-31T09:03:21.779066
2619,2619,0.4387,0,2026-03-31T09:03:21.779066
2620,2620,0.5116,1,2026-03-31T09:03:21.779066
2621,2621,0.8128,1,2026-03-31T09:03:21.779066
2622,2622,0.7374,1,2026-03-31T09:03:21.779066
2623,2623,0.5508,1,2026-03-31T09:03:21.779066
2624,2624,0.2667,0,2026-03-31T09:03:21.779066
2625,2625,0.6154,1,2026-03-31T09:03:21.779066
2626,2626,0.4492,0,2026-03-31T09:03:21.779066
2627,2627,0.2775,0,2026-03-31T09:03:21.779066
2628,2628,0.5956,1,2026-03-31T09:03:21.779066
2629,2629,0.8074,1,2026-03-31T09:03:21.779066
2630,2630,0.4491,0,2026-03-31T09:03:21.779066
2631,2631,0.8819,1,2026-03-31T09:03:21.779066
2632,2632,0.2833,0,2026-03-31T09:03:21.779066
2633,2633,0.2193,0,2026-03-31T09:03:21.779066
2634,2634,0.1626,0,2026-03-31T09:03:21.779066
2635,2635,0.3293,0,2026-03-31T09:03:21.779066
2636,2636,0.5921,1,2026-03-31T09:03:21.779066
2637,2637,0.1965,0,2026-03-31T09:03:21.779066
2638,2638,0.6552,1,2026-03-31T09:03:21.779066
2639,2639,0.288,0,2026-03-31T09:03:21.779066
2640,2640,0.6766,1,2026-03-31T09:03:21.779066
2641,2641,0.5857,1,2026-03-31T09:03:21.779066
2642,2642,0.3958,0,2026-03-31T09:03:21.779066
2643,2643,0.1855,0,2026-03-31T09:03:21.779066
2644,2644,0.1541,0,2026-03-31T09:03:21.779066
2645,2645,0.1984,0,2026-03-31T09:03:21.779066
2646,2646,0.1965,0,2026-03-31T09:03:21.779066
2647,2647,0.428,0,2026-03-31T09:03:21.779066
2648,2648,0.3522,0,2026-03-31T09:03:21.779066
2649,2649,0.1587,0,2026-03-31T09:03:21.779066
2650,2650,0.3985,0,2026-03-31T09:03:21.779066
2651,2651,0.3689,0,2026-03-31T09:03:21.779066
2652,2652,0.5148,1,2026-03-31T09:03:21.779066
2653,2653,0.287,0,2026-03-31T09:03:21.779066
2654,2654,0.3059,0,2026-03-31T09:03:21.779066
2655,2655,0.6822,1,2026-03-31T09:03:21.779066
2656,2656,0.2788,0,2026-03-31T09:03:21.779066
2657,2657,0.1565,0,2026-03-31T09:03:21.779066
2658,2658,0.665,1,2026-03-31T09:03:21.779066
2659,2659,0.2121,0,2026-03-31T09:03:21.779066
2660,2660,0.7255,1,2026-03-31T09:03:21.779066
2661,2661,0.7329,1,2026-03-31T09:03:21.779066
2662,2662,0.6242,1,2026-03-31T09:03:21.779066
2663,2663,0.7905,1,2026-03-31T09:03:21.779066
2664,2664,0.6681,1,2026-03-31T09:03:21.779066
2665,2665,0.748,1,2026-03-31T09:03:21.779066
2666,2666,0.7507,1,2026-03-31T09:03:21.779066
2667,2667,0.5724,1,2026-03-31T09:03:21.779066
2668,2668,0.6502,1,2026-03-31T09:03:21.779066
2669,2669,0.6636,1,2026-03-31T09:03:21.779066
2670,2670,0.2297,0,2026-03-31T09:03:21.779066
2671,2671,0.2151,0,2026-03-31T09:03:21.779066
2672,2672,0.7049,1,2026-03-31T09:03:21.779066
2673,2673,0.7912,1,2026-03-31T09:03:21.779066
2674,2674,0.4551,0,2026-03-31T09:03:21.779066
2675,2675,0.6164,1,2026-03-31T09:03:21.779066
2676,2676,0.8321,1,2026-03-31T09:03:21.779066
2677,2677,0.8115,1,2026-03-31T09:03:21.779066
2678,2678,0.7947,1,2026-03-31T09:03:21.779066
2679,2679,0.5727,1,2026-03-31T09:03:21.779066
2680,2680,0.6357,1,2026-03-31T09:03:21.779066
2681,2681,0.7796,1,2026-03-31T09:03:21.779066
2682,2682,0.6178,1,2026-03-31T09:03:21.779066
2683,2683,0.71,1,2026-03-31T09:03:21.779066
2684,2684,0.6842,1,2026-03-31T09:03:21.779066
2685,2685,0.4789,0,2026-03-31T09:03:21.779066
2686,2686,0.7372,1,2026-03-31T09:03:21.779066
2687,2687,0.7538,1,2026-03-31T09:03:21.779066
2688,2688,0.3447,0,2026-03-31T09:03:21.779066
2689,2689,0.8367,1,2026-03-31T09:03:21.779066
2690,2690,0.5866,1,2026-03-31T09:03:21.779066
2691,2691,0.68,1,2026-03-31T09:03:21.779066
2692,2692,0.661,1,2026-03-31T09:03:21.779066
2693,2693,0.796,1,2026-03-31T09:03:21.779066
2694,2694,0.772,1,2026-03-31T09:03:21.779066
2695,2695,0.4992,0,2026-03-31T09:03:21.779066
2696,2696,0.6132,1,2026-03-31T09:03:21.779066
2697,2697,0.5652,1,2026-03-31T09:03:21.779066
2698,2698,0.7947,1,2026-03-31T09:03:21.779066
2699,2699,0.5862,1,2026-03-31T09:03:21.779066
2700,2700,0.8088,1,2026-03-31T09:03:21.779066
2701,2701,0.4324,0,2026-03-31T09:03:21.779066
2702,2702,0.7375,1,2026-03-31T09:03:21.779066
2703,2703,0.593,1,2026-03-31T09:03:21.779066
2704,2704,0.4631,0,2026-03-31T09:03:21.779066
2705,2705,0.7832,1,2026-03-31T09:03:21.779066
2706,2706,0.7037,1,2026-03-31T09:03:21.779066
2707,2707,0.8009,1,2026-03-31T09:03:21.779066
2708,2708,0.8268,1,2026-03-31T09:03:21.779066
2709,2709,0.4983,0,2026-03-31T09:03:21.779066
2710,2710,0.6801,1,2026-03-31T09:03:21.779066
2711,2711,0.7686,1,2026-03-31T09:03:21.779066
2712,2712,0.639,1,2026-03-31T09:03:21.779066
2713,2713,0.5121,1,2026-03-31T09:03:21.779066
2714,2714,0.7395,1,2026-03-31T09:03:21.779066
2715,2715,0.3762,0,2026-03-31T09:03:21.779066
2716,2716,0.633,1,2026-03-31T09:03:21.779066
2717,2717,0.4134,0,2026-03-31T09:03:21.779066
2718,2718,0.6086,1,2026-03-31T09:03:21.779066
2719,2719,0.695,1,2026-03-31T09:03:21.779066
2720,2720,0.4886,0,2026-03-31T09:03:21.779066
2721,2721,0.8435,1,2026-03-31T09:03:21.779066
2722,2722,0.4513,0,2026-03-31T09:03:21.779066
2723,2723,0.8296,1,2026-03-31T09:03:21.779066
2724,2724,0.7282,1,2026-03-31T09:03:21.779066
2725,2725,0.341,0,2026-03-31T09:03:21.779066
2726,2726,0.7076,1,2026-03-31T09:03:21.779066
2727,2727,0.7901,1,2026-03-31T09:03:21.779066
2728,2728,0.6771,1,2026-03-31T09:03:21.779066
2729,2729,0.8039,1,2026-03-31T09:03:21.779066
2730,2730,0.6409,1,2026-03-31T09:03:21.779066
2731,2731,0.9524,1,2026-03-31T09:03:21.779066
2732,2732,0.625,1,2026-03-31T09:03:21.779066
2733,2733,0.7478,1,2026-03-31T09:03:21.779066
2734,2734,0.5799,1,2026-03-31T09:03:21.779066
2735,2735,0.9288,1,2026-03-31T09:03:21.779066
2736,2736,0.6901,1,2026-03-31T09:03:21.779066
2737,2737,0.7952,1,2026-03-31T09:03:21.779066
2738,2738,0.6392,1,2026-03-31T09:03:21.779066
2739,2739,0.5363,1,2026-03-31T09:03:21.779066
2740,2740,0.5686,1,2026-03-31T09:03:21.779066
2741,2741,0.905,1,2026-03-31T09:03:21.779066
2742,2742,0.609,1,2026-03-31T09:03:21.779066
2743,2743,0.5899,1,2026-03-31T09:03:21.779066
2744,2744,0.5392,1,2026-03-31T09:03:21.779066
2745,2745,0.6639,1,2026-03-31T09:03:21.779066
2746,2746,0.6881,1,2026-03-31T09:03:21.779066
2747,2747,0.654,1,2026-03-31T09:03:21.779066
2748,2748,0.6899,1,2026-03-31T09:03:21.779066
2749,2749,0.4538,0,2026-03-31T09:03:21.779066
2750,2750,0.7677,1,2026-03-31T09:03:21.779066
2751,2751,0.6277,1,2026-03-31T09:03:21.779066
2752,2752,0.6399,1,2026-03-31T09:03:21.779066
2753,2753,0.8018,1,2026-03-31T09:03:21.779066
2754,2754,0.7611,1,2026-03-31T09:03:21.779066
2755,2755,0.6655,1,2026-03-31T09:03:21.779066
2756,2756,0.7542,1,2026-03-31T09:03:21.779066
2757,2757,0.5903,1,2026-03-31T09:03:21.779066
2758,2758,0.6592,1,2026-03-31T09:03:21.779066
2759,2759,0.702,1,2026-03-31T09:03:21.779066
2760,2760,0.7292,1,2026-03-31T09:03:21.779066
2761,2761,0.7538,1,2026-03-31T09:03:21.779066
2762,2762,0.8589,1,2026-03-31T09:03:21.779066
2763,2763,0.4724,0,2026-03-31T09:03:21.779066
2764,2764,0.4301,0,2026-03-31T09:03:21.779066
2765,2765,0.3041,0,2026-03-31T09:03:21.779066
2766,2766,0.9356,1,2026-03-31T09:03:21.779066
2767,2767,0.5713,1,2026-03-31T09:03:21.779066
2768,2768,0.5161,1,2026-03-31T09:03:21.779066
2769,2769,0.7766,1,2026-03-31T09:03:21.779066
2770,2770,0.7283,1,2026-03-31T09:03:21.779066
2771,2771,0.7968,1,2026-03-31T09:03:21.779066
2772,2772,0.8254,1,2026-03-31T09:03:21.779066
2773,2773,0.5532,1,2026-03-31T09:03:21.779066
2774,2774,0.5481,1,2026-03-31T09:03:21.779066
2775,2775,0.8278,1,2026-03-31T09:03:21.779066
2776,2776,0.6797,1,2026-03-31T09:03:21.779066
2777,2777,0.5389,1,2026-03-31T09:03:21.779066
2778,2778,0.7968,1,2026-03-31T09:03:21.779066
2779,2779,0.7201,1,2026-03-31T09:03:21.779066
2780,2780,0.3937,0,2026-03-31T09:03:21.779066
2781,2781,0.444,0,2026-03-31T09:03:21.779066
2782,2782,0.7465,1,2026-03-31T09:03:21.779066
2783,2783,0.6861,1,2026-03-31T09:03:21.779066
2784,2784,0.4236,0,2026-03-31T09:03:21.779066
2785,2785,0.8591,1,2026-03-31T09:03:21.779066
2786,2786,0.8883,1,2026-03-31T09:03:21.779066
2787,2787,0.4168,0,2026-03-31T09:03:21.779066
2788,2788,0.8496,1,2026-03-31T09:03:21.779066
2789,2789,0.5423,1,2026-03-31T09:03:21.779066
2790,2790,0.618,1,2026-03-31T09:03:21.779066
2791,2791,0.7296,1,2026-03-31T09:03:21.779066
2792,2792,0.641,1,2026-03-31T09:03:21.779066
2793,2793,0.59,1,2026-03-31T09:03:21.779066
2794,2794,0.7447,1,2026-03-31T09:03:21.779066
2795,2795,0.4367,0,2026-03-31T09:03:21.779066
2796,2796,0.4952,0,2026-03-31T09:03:21.779066
2797,2797,0.7065,1,2026-03-31T09:03:21.779066
2798,2798,0.7021,1,2026-03-31T09:03:21.779066
2799,2799,0.64,1,2026-03-31T09:03:21.779066
2800,2800,0.3123,0,2026-03-31T09:03:21.779066
2801,2801,0.4184,0,2026-03-31T09:03:21.779066
2802,2802,0.6565,1,2026-03-31T09:03:21.779066
2803,2803,0.644,1,2026-03-31T09:03:21.779066
2804,2804,0.778,1,2026-03-31T09:03:21.779066
2805,2805,0.7854,1,2026-03-31T09:03:21.779066
2806,2806,0.7839,1,2026-03-31T09:03:21.779066
2807,2807,0.5346,1,2026-03-31T09:03:21.779066
2808,2808,0.6634,1,2026-03-31T09:03:21.779066
2809,2809,0.4862,0,2026-03-31T09:03:21.779066
2810,2810,0.6305,1,2026-03-31T09:03:21.779066
2811,2811,0.895,1,2026-03-31T09:03:21.779066
2812,2812,0.7548,1,2026-03-31T09:03:21.779066
2813,2813,0.525,1,2026-03-31T09:03:21.779066
2814,2814,0.3009,0,2026-03-31T09:03:21.779066
2815,2815,0.7745,1,2026-03-31T09:03:21.779066
2816,2816,0.7067,1,2026-03-31T09:03:21.779066
2817,2817,0.7861,1,2026-03-31T09:03:21.779066
2818,2818,0.5315,1,2026-03-31T09:03:21.779066
2819,2819,0.6899,1,2026-03-31T09:03:21.779066
2820,2820,0.6807,1,2026-03-31T09:03:21.779066
2821,2821,0.9364,1,2026-03-31T09:03:21.779066
2822,2822,0.7533,1,2026-03-31T09:03:21.779066
2823,2823,0.794,1,2026-03-31T09:03:21.779066
2824,2824,0.7926,1,2026-03-31T09:03:21.779066
2825,2825,0.7579,1,2026-03-31T09:03:21.779066
2826,2826,0.7658,1,2026-03-31T09:03:21.779066
2827,2827,0.7396,1,2026-03-31T09:03:21.779066
2828,2828,0.7939,1,2026-03-31T09:03:21.779066
2829,2829,0.5024,1,2026-03-31T09:03:21.779066
2830,2830,0.6605,1,2026-03-31T09:03:21.779066
2831,2831,0.557,1,2026-03-31T09:03:21.779066
2832,2832,0.4818,0,2026-03-31T09:03:21.779066
2833,2833,0.8445,1,2026-03-31T09:03:21.779066
2834,2834,0.6823,1,2026-03-31T09:03:21.779066
2835,2835,0.7757,1,2026-03-31T09:03:21.779066
2836,2836,0.5844,1,2026-03-31T09:03:21.779066
2837,2837,0.8424,1,2026-03-31T09:03:21.779066
2838,2838,0.3642,0,2026-03-31T09:03:21.779066
2839,2839,0.8044,1,2026-03-31T09:03:21.779066
2840,2840,0.5765,1,2026-03-31T09:03:21.779066
2841,2841,0.4542,0,2026-03-31T09:03:21.779066
2842,2842,0.4746,0,2026-03-31T09:03:21.779066
2843,2843,0.5068,1,2026-03-31T09:03:21.779066
2844,2844,0.5111,1,2026-03-31T09:03:21.779066
2845,2845,0.5188,1,2026-03-31T09:03:21.779066
2846,2846,0.515,1,2026-03-31T09:03:21.779066
2847,2847,0.5787,1,2026-03-31T09:03:21.779066
2848,2848,0.7199,1,2026-03-31T09:03:21.779066
2849,2849,0.8091,1,2026-03-31T09:03:21.779066
2850,2850,0.6262,1,2026-03-31T09:03:21.779066
2851,2851,0.8219,1,2026-03-31T09:03:21.779066
2852,2852,0.5848,1,2026-03-31T09:03:21.779066
2853,2853,0.6511,1,2026-03-31T09:03:21.779066
2854,2854,0.4111,0,2026-03-31T09:03:21.779066
2855,2855,0.633,1,2026-03-31T09:03:21.779066
2856,2856,0.5078,1,2026-03-31T09:03:21.779066
2857,2857,0.6753,1,2026-03-31T09:03:21.779066
2858,2858,0.4678,0,2026-03-31T09:03:21.779066
2859,2859,0.4957,0,2026-03-31T09:03:21.779066
2860,2860,0.3305,0,2026-03-31T09:03:21.779066
2861,2861,0.6806,1,2026-03-31T09:03:21.779066
2862,2862,0.6229,1,2026-03-31T09:03:21.779066
2863,2863,0.7842,1,2026-03-31T09:03:21.779066
2864,2864,0.42,0,2026-03-31T09:03:21.779066
2865,2865,0.607,1,2026-03-31T09:03:21.779066
2866,2866,0.4065,0,2026-03-31T09:03:21.779066
2867,2867,0.5063,1,2026-03-31T09:03:21.779066
2868,2868,0.4347,0,2026-03-31T09:03:21.779066
2869,2869,0.7966,1,2026-03-31T09:03:21.779066
2870,2870,0.8195,1,2026-03-31T09:03:21.779066
2871,2871,0.5993,1,2026-03-31T09:03:21.779066
2872,2872,0.4736,0,2026-03-31T09:03:21.779066
2873,2873,0.5369,1,2026-03-31T09:03:21.779066
2874,2874,0.342,0,2026-03-31T09:03:21.779066
2875,2875,0.573,1,2026-03-31T09:03:21.779066
2876,2876,0.4748,0,2026-03-31T09:03:21.779066
2877,2877,0.4308,0,2026-03-31T09:03:21.779066
2878,2878,0.7995,1,2026-03-31T09:03:21.779066
2879,2879,0.7282,1,2026-03-31T09:03:21.779066
2880,2880,0.5111,1,2026-03-31T09:03:21.779066
2881,2881,0.4863,0,2026-03-31T09:03:21.779066
2882,2882,0.675,1,2026-03-31T09:03:21.779066
2883,2883,0.8388,1,2026-03-31T09:03:21.779066
2884,2884,0.6292,1,2026-03-31T09:03:21.779066
2885,2885,0.4936,0,2026-03-31T09:03:21.779066
2886,2886,0.5761,1,2026-03-31T09:03:21.779066
2887,2887,0.5279,1,2026-03-31T09:03:21.779066
2888,2888,0.3804,0,2026-03-31T09:03:21.779066
2889,2889,0.6287,1,2026-03-31T09:03:21.779066
2890,2890,0.4547,0,2026-03-31T09:03:21.779066
2891,2891,0.7202,1,2026-03-31T09:03:21.779066
2892,2892,0.8249,1,2026-03-31T09:03:21.779066
2893,2893,0.7575,1,2026-03-31T09:03:21.779066
2894,2894,0.7878,1,2026-03-31T09:03:21.779066
2895,2895,0.7691,1,2026-03-31T09:03:21.779066
2896,2896,0.7712,1,2026-03-31T09:03:21.779066
2897,2897,0.6077,1,2026-03-31T09:03:21.779066
2898,2898,0.7196,1,2026-03-31T09:03:21.779066
2899,2899,0.3731,0,2026-03-31T09:03:21.779066
2900,2900,0.6344,1,2026-03-31T09:03:21.779066
2901,2901,0.4961,0,2026-03-31T09:03:21.779066
2902,2902,0.439,0,2026-03-31T09:03:21.779066
2903,2903,0.6718,1,2026-03-31T09:03:21.779066
2904,2904,0.7691,1,2026-03-31T09:03:21.779066
2905,2905,0.4758,0,2026-03-31T09:03:21.779066
2906,2906,0.7352,1,2026-03-31T09:03:21.779066
2907,2907,0.7789,1,2026-03-31T09:03:21.779066
2908,2908,0.8538,1,2026-03-31T09:03:21.779066
2909,2909,0.5489,1,2026-03-31T09:03:21.779066
2910,2910,0.5405,1,2026-03-31T09:03:21.779066
2911,2911,0.4918,0,2026-03-31T09:03:21.779066
2912,2912,0.4693,0,2026-03-31T09:03:21.779066
2913,2913,0.3861,0,2026-03-31T09:03:21.779066
2914,2914,0.3745,0,2026-03-31T09:03:21.779066
2915,2915,0.6386,1,2026-03-31T09:03:21.779066
2916,2916,0.6453,1,2026-03-31T09:03:21.779066
2917,2917,0.7982,1,2026-03-31T09:03:21.779066
2918,2918,0.7819,1,2026-03-31T09:03:21.779066
2919,2919,0.6687,1,2026-03-31T09:03:21.779066
2920,2920,0.3418,0,2026-03-31T09:03:21.779066
2921,2921,0.7234,1,2026-03-31T09:03:21.779066
2922,2922,0.3825,0,2026-03-31T09:03:21.779066
2923,2923,0.3513,0,2026-03-31T09:03:21.779066
2924,2924,0.6697,1,2026-03-31T09:03:21.779066
2925,2925,0.6243,1,2026-03-31T09:03:21.779066
2926,2926,0.3766,0,2026-03-31T09:03:21.779066
2927,2927,0.5731,1,2026-03-31T09:03:21.779066
2928,2928,0.6118,1,2026-03-31T09:03:21.779066
2929,2929,0.7994,1,2026-03-31T09:03:21.779066
2930,2930,0.6051,1,2026-03-31T09:03:21.779066
2931,2931,0.7038,1,2026-03-31T09:03:21.779066
2932,2932,0.4928,0,2026-03-31T09:03:21.779066
2933,2933,0.4195,0,2026-03-31T09:03:21.779066
2934,2934,0.6994,1,2026-03-31T09:03:21.779066
2935,2935,0.4524,0,2026-03-31T09:03:21.779066
2936,2936,0.7109,1,2026-03-31T09:03:21.779066
2937,2937,0.3642,0,2026-03-31T09:03:21.779066
2938,2938,0.7128,1,2026-03-31T09:03:21.779066
2939,2939,0.6661,1,2026-03-31T09:03:21.779066
2940,2940,0.759,1,2026-03-31T09:03:21.779066
2941,2941,0.8622,1,2026-03-31T09:03:21.779066
2942,2942,0.6091,1,2026-03-31T09:03:21.779066
2943,2943,0.3971,0,2026-03-31T09:03:21.779066
2944,2944,0.477,0,2026-03-31T09:03:21.779066
2945,2945,0.3604,0,2026-03-31T09:03:21.779066
2946,2946,0.7091,1,2026-03-31T09:03:21.779066
2947,2947,0.5048,1,2026-03-31T09:03:21.779066
2948,2948,0.668,1,2026-03-31T09:03:21.779066
2949,2949,0.6678,1,2026-03-31T09:03:21.779066
2950,2950,0.7179,1,2026-03-31T09:03:21.779066
2951,2951,0.6788,1,2026-03-31T09:03:21.779066
2952,2952,0.7344,1,2026-03-31T09:03:21.779066
2953,2953,0.6528,1,2026-03-31T09:03:21.779066
2954,2954,0.4879,0,2026-03-31T09:03:21.779066
2955,2955,0.7944,1,2026-03-31T09:03:21.779066
2956,2956,0.566,1,2026-03-31T09:03:21.779066
2957,2957,0.6058,1,2026-03-31T09:03:21.779066
2958,2958,0.5684,1,2026-03-31T09:03:21.779066
2959,2959,0.8192,1,2026-03-31T09:03:21.779066
2960,2960,0.517,1,2026-03-31T09:03:21.779066
2961,2961,0.6726,1,2026-03-31T09:03:21.779066
2962,2962,0.7342,1,2026-03-31T09:03:21.779066
2963,2963,0.8048,1,2026-03-31T09:03:21.779066
2964,2964,0.4043,0,2026-03-31T09:03:21.779066
2965,2965,0.5176,1,2026-03-31T09:03:21.779066
2966,2966,0.569,1,2026-03-31T09:03:21.779066
2967,2967,0.9098,1,2026-03-31T09:03:21.779066
2968,2968,0.5902,1,2026-03-31T09:03:21.779066
2969,2969,0.812,1,2026-03-31T09:03:21.779066
2970,2970,0.7312,1,2026-03-31T09:03:21.779066
2971,2971,0.8872,1,2026-03-31T09:03:21.779066
2972,2972,0.5139,1,2026-03-31T09:03:21.779066
2973,2973,0.4538,0,2026-03-31T09:03:21.779066
2974,2974,0.8597,1,2026-03-31T09:03:21.779066
2975,2975,0.8162,1,2026-03-31T09:03:21.779066
2976,2976,0.6931,1,2026-03-31T09:03:21.779066
2977,2977,0.8521,1,2026-03-31T09:03:21.779066
2978,2978,0.5973,1,2026-03-31T09:03:21.779066
2979,2979,0.8698,1,2026-03-31T09:03:21.779066
2980,2980,0.4729,0,2026-03-31T09:03:21.779066
2981,2981,0.382,0,2026-03-31T09:03:21.779066
2982,2982,0.437,0,2026-03-31T09:03:21.779066
2983,2983,0.8721,1,2026-03-31T09:03:21.779066
2984,2984,0.7335,1,2026-03-31T09:03:21.779066
2985,2985,0.5554,1,2026-03-31T09:03:21.779066
2986,2986,0.2831,0,2026-03-31T09:03:21.779066
2987,2987,0.4927,0,2026-03-31T09:03:21.779066
2988,2988,0.732,1,2026-03-31T09:03:21.779066
2989,2989,0.4749,0,2026-03-31T09:03:21.779066
2990,2990,0.8358,1,2026-03-31T09:03:21.779066
2991,2991,0.7576,1,2026-03-31T09:03:21.779066
2992,2992,0.5978,1,2026-03-31T09:03:21.779066
2993,2993,0.5895,1,2026-03-31T09:03:21.779066
2994,2994,0.5078,1,2026-03-31T09:03:21.779066
2995,2995,0.4645,0,2026-03-31T09:03:21.779066
2996,2996,0.3833,0,2026-03-31T09:03:21.779066
2997,2997,0.3801,0,2026-03-31T09:03:21.779066
2998,2998,0.7206,1,2026-03-31T09:03:21.779066
2999,2999,0.6548,1,2026-03-31T09:03:21.779066
3000,3000,0.6294,1,2026-03-31T09:03:21.779066
3001,3001,0.7789,1,2026-03-31T09:03:21.779066
3002,3002,0.344,0,2026-03-31T09:03:21.779066
3003,3003,0.8702,1,2026-03-31T09:03:21.779066
3004,3004,0.8457,1,2026-03-31T09:03:21.779066
3005,3005,0.7266,1,2026-03-31T09:03:21.779066
3006,3006,0.4641,0,2026-03-31T09:03:21.779066
3007,3007,0.5944,1,2026-03-31T09:03:21.779066
3008,3008,0.8563,1,2026-03-31T09:03:21.779066
3009,3009,0.835,1,2026-03-31T09:03:21.779066
3010,3010,0.3815,0,2026-03-31T09:03:21.779066
3011,3011,0.6903,1,2026-03-31T09:03:21.779066
3012,3012,0.3807,0,2026-03-31T09:03:21.779066
3013,3013,0.4328,0,2026-03-31T09:03:21.779066
3014,3014,0.5282,1,2026-03-31T09:03:21.779066
3015,3015,0.568,1,2026-03-31T09:03:21.779066
3016,3016,0.7079,1,2026-03-31T09:03:21.779066
3017,3017,0.3414,0,2026-03-31T09:03:21.779066
3018,3018,0.7126,1,2026-03-31T09:03:21.779066
3019,3019,0.9097,1,2026-03-31T09:03:21.779066
3020,3020,0.7554,1,2026-03-31T09:03:21.779066
3021,3021,0.4432,0,2026-03-31T09:03:21.779066
3022,3022,0.4176,0,2026-03-31T09:03:21.779066
3023,3023,0.617,1,2026-03-31T09:03:21.779066
3024,3024,0.9456,1,2026-03-31T09:03:21.779066
3025,3025,0.7463,1,2026-03-31T09:03:21.779066
3026,3026,0.7188,1,2026-03-31T09:03:21.779066
3027,3027,0.711,1,2026-03-31T09:03:21.779066
3028,3028,0.3995,0,2026-03-31T09:03:21.779066
3029,3029,0.6561,1,2026-03-31T09:03:21.779066
3030,3030,0.473,0,2026-03-31T09:03:21.779066
3031,3031,0.7252,1,2026-03-31T09:03:21.779066
3032,3032,0.7919,1,2026-03-31T09:03:21.779066
3033,3033,0.3526,0,2026-03-31T09:03:21.779066
3034,3034,0.8462,1,2026-03-31T09:03:21.779066
3035,3035,0.7963,1,2026-03-31T09:03:21.779066
3036,3036,0.3503,0,2026-03-31T09:03:21.779066
3037,3037,0.8542,1,2026-03-31T09:03:21.779066
3038,3038,0.4623,0,2026-03-31T09:03:21.779066
3039,3039,0.8129,1,2026-03-31T09:03:21.779066
3040,3040,0.5516,1,2026-03-31T09:03:21.779066
3041,3041,0.88,1,2026-03-31T09:03:21.779066
3042,3042,0.612,1,2026-03-31T09:03:21.779066
3043,3043,0.6089,1,2026-03-31T09:03:21.779066
3044,3044,0.6834,1,2026-03-31T09:03:21.779066
3045,3045,0.7646,1,2026-03-31T09:03:21.779066
3046,3046,0.3454,0,2026-03-31T09:03:21.779066
3047,3047,0.7142,1,2026-03-31T09:03:21.779066
3048,3048,0.4843,0,2026-03-31T09:03:21.779066
3049,3049,0.4474,0,2026-03-31T09:03:21.779066
3050,3050,0.3868,0,2026-03-31T09:03:21.779066
3051,3051,0.6634,1,2026-03-31T09:03:21.779066
3052,3052,0.6322,1,2026-03-31T09:03:21.779066
3053,3053,0.5827,1,2026-03-31T09:03:21.779066
3054,3054,0.6858,1,2026-03-31T09:03:21.779066
3055,3055,0.6748,1,2026-03-31T09:03:21.779066
3056,3056,0.8314,1,2026-03-31T09:03:21.779066
3057,3057,0.8758,1,2026-03-31T09:03:21.779066
3058,3058,0.8186,1,2026-03-31T09:03:21.779066
3059,3059,0.4305,0,2026-03-31T09:03:21.779066
3060,3060,0.7788,1,2026-03-31T09:03:21.779066
3061,3061,0.6614,1,2026-03-31T09:03:21.779066
3062,3062,0.5657,1,2026-03-31T09:03:21.779066
3063,3063,0.462,0,2026-03-31T09:03:21.779066
3064,3064,0.6778,1,2026-03-31T09:03:21.779066
3065,3065,0.8245,1,2026-03-31T09:03:21.779066
3066,3066,0.8627,1,2026-03-31T09:03:21.779066
3067,3067,0.7998,1,2026-03-31T09:03:21.779066
3068,3068,0.8309,1,2026-03-31T09:03:21.779066
3069,3069,0.4741,0,2026-03-31T09:03:21.779066
3070,3070,0.6738,1,2026-03-31T09:03:21.779066
3071,3071,0.8611,1,2026-03-31T09:03:21.779066
3072,3072,0.6811,1,2026-03-31T09:03:21.779066
3073,3073,0.5727,1,2026-03-31T09:03:21.779066
3074,3074,0.7721,1,2026-03-31T09:03:21.779066
3075,3075,0.4224,0,2026-03-31T09:03:21.779066
3076,3076,0.5273,1,2026-03-31T09:03:21.779066
3077,3077,0.7234,1,2026-03-31T09:03:21.779066
3078,3078,0.6931,1,2026-03-31T09:03:21.779066
3079,3079,0.6444,1,2026-03-31T09:03:21.779066
3080,3080,0.7606,1,2026-03-31T09:03:21.779066
3081,3081,0.4845,0,2026-03-31T09:03:21.779066
3082,3082,0.8042,1,2026-03-31T09:03:21.779066
3083,3083,0.6875,1,2026-03-31T09:03:21.779066
3084,3084,0.5248,1,2026-03-31T09:03:21.779066
3085,3085,0.4234,0,2026-03-31T09:03:21.779066
3086,3086,0.8562,1,2026-03-31T09:03:21.779066
3087,3087,0.7426,1,2026-03-31T09:03:21.779066
3088,3088,0.5552,1,2026-03-31T09:03:21.779066
3089,3089,0.7705,1,2026-03-31T09:03:21.779066
3090,3090,0.6968,1,2026-03-31T09:03:21.779066
3091,3091,0.7878,1,2026-03-31T09:03:21.779066
3092,3092,0.8568,1,2026-03-31T09:03:21.779066
3093,3093,0.69,1,2026-03-31T09:03:21.779066
3094,3094,0.5983,1,2026-03-31T09:03:21.779066
3095,3095,0.4273,0,2026-03-31T09:03:21.779066
3096,3096,0.4193,0,2026-03-31T09:03:21.779066
3097,3097,0.9174,1,2026-03-31T09:03:21.779066
3098,3098,0.5903,1,2026-03-31T09:03:21.779066
3099,3099,0.7871,1,2026-03-31T09:03:21.779066
3100,3100,0.7916,1,2026-03-31T09:03:21.779066
3101,3101,0.8982,1,2026-03-31T09:03:21.779066
3102,3102,0.6666,1,2026-03-31T09:03:21.779066
3103,3103,0.8212,1,2026-03-31T09:03:21.779066
3104,3104,0.7041,1,2026-03-31T09:03:21.779066
3105,3105,0.6433,1,2026-03-31T09:03:21.779066
3106,3106,0.3477,0,2026-03-31T09:03:21.779066
3107,3107,0.5966,1,2026-03-31T09:03:21.779066
3108,3108,0.6943,1,2026-03-31T09:03:21.779066
3109,3109,0.6294,1,2026-03-31T09:03:21.779066
3110,3110,0.6142,1,2026-03-31T09:03:21.779066
3111,3111,0.5667,1,2026-03-31T09:03:21.779066
3112,3112,0.6784,1,2026-03-31T09:03:21.779066
3113,3113,0.2788,0,2026-03-31T09:03:21.779066
3114,3114,0.5316,1,2026-03-31T09:03:21.779066
3115,3115,0.504,1,2026-03-31T09:03:21.779066
3116,3116,0.6395,1,2026-03-31T09:03:21.779066
3117,3117,0.6895,1,2026-03-31T09:03:21.779066
3118,3118,0.4869,0,2026-03-31T09:03:21.779066
3119,3119,0.8807,1,2026-03-31T09:03:21.779066
3120,3120,0.4012,0,2026-03-31T09:03:21.779066
3121,3121,0.7378,1,2026-03-31T09:03:21.779066
3122,3122,0.6765,1,2026-03-31T09:03:21.779066
3123,3123,0.6526,1,2026-03-31T09:03:21.779066
3124,3124,0.9205,1,2026-03-31T09:03:21.779066
3125,3125,0.9421,1,2026-03-31T09:03:21.779066
3126,3126,0.3208,0,2026-03-31T09:03:21.779066
3127,3127,0.8887,1,2026-03-31T09:03:21.779066
3128,3128,0.4428,0,2026-03-31T09:03:21.779066
3129,3129,0.5979,1,2026-03-31T09:03:21.779066
3130,3130,0.6653,1,2026-03-31T09:03:21.779066
3131,3131,0.6328,1,2026-03-31T09:03:21.779066
3132,3132,0.8275,1,2026-03-31T09:03:21.779066
3133,3133,0.4527,0,2026-03-31T09:03:21.779066
3134,3134,0.8918,1,2026-03-31T09:03:21.779066
3135,3135,0.5004,1,2026-03-31T09:03:21.779066
3136,3136,0.5503,1,2026-03-31T09:03:21.779066
3137,3137,0.7843,1,2026-03-31T09:03:21.779066
3138,3138,0.5622,1,2026-03-31T09:03:21.779066
3139,3139,0.7261,1,2026-03-31T09:03:21.779066
3140,3140,0.6316,1,2026-03-31T09:03:21.779066
3141,3141,0.8001,1,2026-03-31T09:03:21.779066
3142,3142,0.8013,1,2026-03-31T09:03:21.779066
3143,3143,0.3352,0,2026-03-31T09:03:21.779066
3144,3144,0.9049,1,2026-03-31T09:03:21.779066
3145,3145,0.3971,0,2026-03-31T09:03:21.779066
3146,3146,0.5645,1,2026-03-31T09:03:21.779066
3147,3147,0.855,1,2026-03-31T09:03:21.779066
3148,3148,0.457,0,2026-03-31T09:03:21.779066
3149,3149,0.4227,0,2026-03-31T09:03:21.779066
3150,3150,0.9291,1,2026-03-31T09:03:21.779066
3151,3151,0.8832,1,2026-03-31T09:03:21.779066
3152,3152,0.5511,1,2026-03-31T09:03:21.779066
3153,3153,0.7195,1,2026-03-31T09:03:21.779066
3154,3154,0.8573,1,2026-03-31T09:03:21.779066
3155,3155,0.4174,0,2026-03-31T09:03:21.779066
3156,3156,0.4922,0,2026-03-31T09:03:21.779066
3157,3157,0.8698,1,2026-03-31T09:03:21.779066
3158,3158,0.7935,1,2026-03-31T09:03:21.779066
3159,3159,0.6094,1,2026-03-31T09:03:21.779066
3160,3160,0.4113,0,2026-03-31T09:03:21.779066
3161,3161,0.7796,1,2026-03-31T09:03:21.779066
3162,3162,0.4617,0,2026-03-31T09:03:21.779066
3163,3163,0.5049,1,2026-03-31T09:03:21.779066
3164,3164,0.6542,1,2026-03-31T09:03:21.779066
3165,3165,0.6845,1,2026-03-31T09:03:21.779066
3166,3166,0.7771,1,2026-03-31T09:03:21.779066
3167,3167,0.88,1,2026-03-31T09:03:21.779066
3168,3168,0.4874,0,2026-03-31T09:03:21.779066
3169,3169,0.6265,1,2026-03-31T09:03:21.779066
3170,3170,0.7112,1,2026-03-31T09:03:21.779066
3171,3171,0.4869,0,2026-03-31T09:03:21.779066
3172,3172,0.7444,1,2026-03-31T09:03:21.779066
3173,3173,0.3817,0,2026-03-31T09:03:21.779066
3174,3174,0.8296,1,2026-03-31T09:03:21.779066
3175,3175,0.5353,1,2026-03-31T09:03:21.779066
3176,3176,0.8125,1,2026-03-31T09:03:21.779066
3177,3177,0.7502,1,2026-03-31T09:03:21.779066
3178,3178,0.6495,1,2026-03-31T09:03:21.779066
3179,3179,0.3856,0,2026-03-31T09:03:21.779066
3180,3180,0.764,1,2026-03-31T09:03:21.779066
3181,3181,0.8036,1,2026-03-31T09:03:21.779066
3182,3182,0.3241,0,2026-03-31T09:03:21.779066
3183,3183,0.7544,1,2026-03-31T09:03:21.779066
3184,3184,0.9045,1,2026-03-31T09:03:21.779066
3185,3185,0.5357,1,2026-03-31T09:03:21.779066
3186,3186,0.6534,1,2026-03-31T09:03:21.779066
3187,3187,0.6031,1,2026-03-31T09:03:21.779066
3188,3188,0.788,1,2026-03-31T09:03:21.779066
3189,3189,0.6321,1,2026-03-31T09:03:21.779066
3190,3190,0.5499,1,2026-03-31T09:03:21.779066
3191,3191,0.7525,1,2026-03-31T09:03:21.779066
3192,3192,0.6169,1,2026-03-31T09:03:21.779066
3193,3193,0.461,0,2026-03-31T09:03:21.779066
3194,3194,0.7098,1,2026-03-31T09:03:21.779066
3195,3195,0.7874,1,2026-03-31T09:03:21.779066
3196,3196,0.8201,1,2026-03-31T09:03:21.779066
3197,3197,0.7515,1,2026-03-31T09:03:21.779066
3198,3198,0.559,1,2026-03-31T09:03:21.779066
3199,3199,0.7531,1,2026-03-31T09:03:21.779066
3200,3200,0.7061,1,2026-03-31T09:03:21.779066
3201,3201,0.3365,0,2026-03-31T09:03:21.779066
3202,3202,0.6416,1,2026-03-31T09:03:21.779066
3203,3203,0.803,1,2026-03-31T09:03:21.779066
3204,3204,0.5096,1,2026-03-31T09:03:21.779066
3205,3205,0.8578,1,2026-03-31T09:03:21.779066
3206,3206,0.9213,1,2026-03-31T09:03:21.779066
3207,3207,0.7093,1,2026-03-31T09:03:21.779066
3208,3208,0.6187,1,2026-03-31T09:03:21.779066
3209,3209,0.5919,1,2026-03-31T09:03:21.779066
3210,3210,0.7162,1,2026-03-31T09:03:21.779066
3211,3211,0.8252,1,2026-03-31T09:03:21.779066
3212,3212,0.6195,1,2026-03-31T09:03:21.779066
3213,3213,0.6034,1,2026-03-31T09:03:21.779066
3214,3214,0.8263,1,2026-03-31T09:03:21.779066
3215,3215,0.8538,1,2026-03-31T09:03:21.779066
3216,3216,0.7213,1,2026-03-31T09:03:21.779066
3217,3217,0.8841,1,2026-03-31T09:03:21.779066
3218,3218,0.7425,1,2026-03-31T09:03:21.779066
3219,3219,0.3917,0,2026-03-31T09:03:21.779066
3220,3220,0.6692,1,2026-03-31T09:03:21.779066
3221,3221,0.5143,1,2026-03-31T09:03:21.779066
3222,3222,0.8379,1,2026-03-31T09:03:21.779066
3223,3223,0.3981,0,2026-03-31T09:03:21.779066
3224,3224,0.4521,0,2026-03-31T09:03:21.779066
3225,3225,0.9298,1,2026-03-31T09:03:21.779066
3226,3226,0.7587,1,2026-03-31T09:03:21.779066
3227,3227,0.5596,1,2026-03-31T09:03:21.779066
3228,3228,0.6194,1,2026-03-31T09:03:21.779066
3229,3229,0.43,0,2026-03-31T09:03:21.779066
3230,3230,0.5089,1,2026-03-31T09:03:21.779066
3231,3231,0.7974,1,2026-03-31T09:03:21.779066
3232,3232,0.8207,1,2026-03-31T09:03:21.779066
3233,3233,0.6292,1,2026-03-31T09:03:21.779066
3234,3234,0.5196,1,2026-03-31T09:03:21.779066
3235,3235,0.8577,1,2026-03-31T09:03:21.779066
3236,3236,0.3974,0,2026-03-31T09:03:21.779066
3237,3237,0.4244,0,2026-03-31T09:03:21.779066
3238,3238,0.6061,1,2026-03-31T09:03:21.779066
3239,3239,0.3366,0,2026-03-31T09:03:21.779066
3240,3240,0.4955,0,2026-03-31T09:03:21.779066
3241,3241,0.6226,1,2026-03-31T09:03:21.779066
3242,3242,0.4709,0,2026-03-31T09:03:21.779066
3243,3243,0.6036,1,2026-03-31T09:03:21.779066
3244,3244,0.8496,1,2026-03-31T09:03:21.779066
3245,3245,0.7124,1,2026-03-31T09:03:21.779066
3246,3246,0.714,1,2026-03-31T09:03:21.779066
3247,3247,0.5371,1,2026-03-31T09:03:21.779066
3248,3248,0.6529,1,2026-03-31T09:03:21.779066
3249,3249,0.8375,1,2026-03-31T09:03:21.779066
3250,3250,0.3462,0,2026-03-31T09:03:21.779066
3251,3251,0.8837,1,2026-03-31T09:03:21.779066
3252,3252,0.8275,1,2026-03-31T09:03:21.779066
3253,3253,0.5509,1,2026-03-31T09:03:21.779066
3254,3254,0.4737,0,2026-03-31T09:03:21.779066
3255,3255,0.5607,1,2026-03-31T09:03:21.779066
3256,3256,0.4405,0,2026-03-31T09:03:21.779066
3257,3257,0.7045,1,2026-03-31T09:03:21.779066
3258,3258,0.2803,0,2026-03-31T09:03:21.779066
3259,3259,0.819,1,2026-03-31T09:03:21.779066
3260,3260,0.6655,1,2026-03-31T09:03:21.779066
3261,3261,0.6451,1,2026-03-31T09:03:21.779066
3262,3262,0.8068,1,2026-03-31T09:03:21.779066
3263,3263,0.8787,1,2026-03-31T09:03:21.779066
3264,3264,0.4894,0,2026-03-31T09:03:21.779066
3265,3265,0.3707,0,2026-03-31T09:03:21.779066
3266,3266,0.6691,1,2026-03-31T09:03:21.779066
3267,3267,0.7058,1,2026-03-31T09:03:21.779066
3268,3268,0.7359,1,2026-03-31T09:03:21.779066
3269,3269,0.8539,1,2026-03-31T09:03:21.779066
3270,3270,0.6161,1,2026-03-31T09:03:21.779066
3271,3271,0.5863,1,2026-03-31T09:03:21.779066
3272,3272,0.4718,0,2026-03-31T09:03:21.779066
3273,3273,0.7467,1,2026-03-31T09:03:21.779066
3274,3274,0.8195,1,2026-03-31T09:03:21.779066
3275,3275,0.5223,1,2026-03-31T09:03:21.779066
3276,3276,0.3769,0,2026-03-31T09:03:21.779066
3277,3277,0.4166,0,2026-03-31T09:03:21.779066
3278,3278,0.3178,0,2026-03-31T09:03:21.779066
3279,3279,0.3192,0,2026-03-31T09:03:21.779066
3280,3280,0.7502,1,2026-03-31T09:03:21.779066
3281,3281,0.7242,1,2026-03-31T09:03:21.779066
3282,3282,0.6793,1,2026-03-31T09:03:21.779066
3283,3283,0.7279,1,2026-03-31T09:03:21.779066
3284,3284,0.8195,1,2026-03-31T09:03:21.779066
3285,3285,0.6893,1,2026-03-31T09:03:21.779066
3286,3286,0.5858,1,2026-03-31T09:03:21.779066
3287,3287,0.4979,0,2026-03-31T09:03:21.779066
3288,3288,0.7989,1,2026-03-31T09:03:21.779066
3289,3289,0.5497,1,2026-03-31T09:03:21.779066
3290,3290,0.8042,1,2026-03-31T09:03:21.779066
3291,3291,0.5374,1,2026-03-31T09:03:21.779066
3292,3292,0.4058,0,2026-03-31T09:03:21.779066
3293,3293,0.561,1,2026-03-31T09:03:21.779066
3294,3294,0.4777,0,2026-03-31T09:03:21.779066
3295,3295,0.4929,0,2026-03-31T09:03:21.779066
3296,3296,0.7512,1,2026-03-31T09:03:21.779066
3297,3297,0.2951,0,2026-03-31T09:03:21.779066
3298,3298,0.9221,1,2026-03-31T09:03:21.779066
3299,3299,0.5861,1,2026-03-31T09:03:21.779066
3300,3300,0.7687,1,2026-03-31T09:03:21.779066
3301,3301,0.6706,1,2026-03-31T09:03:21.779066
3302,3302,0.4706,0,2026-03-31T09:03:21.779066
3303,3303,0.4709,0,2026-03-31T09:03:21.779066
3304,3304,0.4801,0,2026-03-31T09:03:21.779066
3305,3305,0.4725,0,2026-03-31T09:03:21.779066
3306,3306,0.8266,1,2026-03-31T09:03:21.779066
3307,3307,0.6166,1,2026-03-31T09:03:21.779066
3308,3308,0.8258,1,2026-03-31T09:03:21.779066
3309,3309,0.7796,1,2026-03-31T09:03:21.779066
3310,3310,0.8505,1,2026-03-31T09:03:21.779066
3311,3311,0.4568,0,2026-03-31T09:03:21.779066
3312,3312,0.4323,0,2026-03-31T09:03:21.779066
3313,3313,0.3306,0,2026-03-31T09:03:21.779066
3314,3314,0.4352,0,2026-03-31T09:03:21.779066
3315,3315,0.492,0,2026-03-31T09:03:21.779066
3316,3316,0.5432,1,2026-03-31T09:03:21.779066
3317,3317,0.4574,0,2026-03-31T09:03:21.779066
3318,3318,0.4161,0,2026-03-31T09:03:21.779066
3319,3319,0.7407,1,2026-03-31T09:03:21.779066
3320,3320,0.4114,0,2026-03-31T09:03:21.779066
3321,3321,0.628,1,2026-03-31T09:03:21.779066
3322,3322,0.7774,1,2026-03-31T09:03:21.779066
3323,3323,0.8007,1,2026-03-31T09:03:21.779066
3324,3324,0.4354,0,2026-03-31T09:03:21.779066
3325,3325,0.7059,1,2026-03-31T09:03:21.779066
3326,3326,0.4858,0,2026-03-31T09:03:21.779066
3327,3327,0.4174,0,2026-03-31T09:03:21.779066
3328,3328,0.4835,0,2026-03-31T09:03:21.779066
3329,3329,0.7754,1,2026-03-31T09:03:21.779066
3330,3330,0.6107,1,2026-03-31T09:03:21.779066
3331,3331,0.7999,1,2026-03-31T09:03:21.779066
3332,3332,0.6044,1,2026-03-31T09:03:21.779066
3333,3333,0.4434,0,2026-03-31T09:03:21.779066
3334,3334,0.3933,0,2026-03-31T09:03:21.779066
3335,3335,0.421,0,2026-03-31T09:03:21.779066
3336,3336,0.8951,1,2026-03-31T09:03:21.779066
3337,3337,0.858,1,2026-03-31T09:03:21.779066
3338,3338,0.8123,1,2026-03-31T09:03:21.779066
3339,3339,0.6102,1,2026-03-31T09:03:21.779066
3340,3340,0.4478,0,2026-03-31T09:03:21.779066
3341,3341,0.4802,0,2026-03-31T09:03:21.779066
3342,3342,0.5683,1,2026-03-31T09:03:21.779066
3343,3343,0.5528,1,2026-03-31T09:03:21.779066
3344,3344,0.4949,0,2026-03-31T09:03:21.779066
3345,3345,0.5149,1,2026-03-31T09:03:21.779066
3346,3346,0.4335,0,2026-03-31T09:03:21.779066
3347,3347,0.5345,1,2026-03-31T09:03:21.779066
3348,3348,0.7306,1,2026-03-31T09:03:21.779066
3349,3349,0.4568,0,2026-03-31T09:03:21.779066
3350,3350,0.6673,1,2026-03-31T09:03:21.779066
3351,3351,0.6348,1,2026-03-31T09:03:21.779066
3352,3352,0.4125,0,2026-03-31T09:03:21.779066
3353,3353,0.5327,1,2026-03-31T09:03:21.779066
3354,3354,0.7731,1,2026-03-31T09:03:21.779066
3355,3355,0.4905,0,2026-03-31T09:03:21.779066
3356,3356,0.5356,1,2026-03-31T09:03:21.779066
3357,3357,0.5759,1,2026-03-31T09:03:21.779066
3358,3358,0.4683,0,2026-03-31T09:03:21.779066
3359,3359,0.795,1,2026-03-31T09:03:21.779066
3360,3360,0.779,1,2026-03-31T09:03:21.779066
3361,3361,0.4744,0,2026-03-31T09:03:21.779066
3362,3362,0.6493,1,2026-03-31T09:03:21.779066
3363,3363,0.7355,1,2026-03-31T09:03:21.779066
3364,3364,0.2327,0,2026-03-31T09:03:21.779066
3365,3365,0.363,0,2026-03-31T09:03:21.779066
3366,3366,0.8052,1,2026-03-31T09:03:21.779066
3367,3367,0.4756,0,2026-03-31T09:03:21.779066
3368,3368,0.7339,1,2026-03-31T09:03:21.779066
3369,3369,0.6954,1,2026-03-31T09:03:21.779066
3370,3370,0.7991,1,2026-03-31T09:03:21.779066
3371,3371,0.7976,1,2026-03-31T09:03:21.779066
3372,3372,0.5238,1,2026-03-31T09:03:21.779066
3373,3373,0.8757,1,2026-03-31T09:03:21.779066
3374,3374,0.2551,0,2026-03-31T09:03:21.779066
3375,3375,0.406,0,2026-03-31T09:03:21.779066
3376,3376,0.4571,0,2026-03-31T09:03:21.779066
3377,3377,0.519,1,2026-03-31T09:03:21.779066
3378,3378,0.4678,0,2026-03-31T09:03:21.779066
3379,3379,0.9073,1,2026-03-31T09:03:21.779066
3380,3380,0.7051,1,2026-03-31T09:03:21.779066
3381,3381,0.4206,0,2026-03-31T09:03:21.779066
3382,3382,0.8181,1,2026-03-31T09:03:21.779066
3383,3383,0.4435,0,2026-03-31T09:03:21.779066
3384,3384,0.5195,1,2026-03-31T09:03:21.779066
3385,3385,0.5133,1,2026-03-31T09:03:21.779066
3386,3386,0.9299,1,2026-03-31T09:03:21.779066
3387,3387,0.491,0,2026-03-31T09:03:21.779066
3388,3388,0.7054,1,2026-03-31T09:03:21.779066
3389,3389,0.9379,1,2026-03-31T09:03:21.779066
3390,3390,0.627,1,2026-03-31T09:03:21.779066
3391,3391,0.6422,1,2026-03-31T09:03:21.779066
3392,3392,0.8203,1,2026-03-31T09:03:21.779066
3393,3393,0.6029,1,2026-03-31T09:03:21.779066
3394,3394,0.6135,1,2026-03-31T09:03:21.779066
3395,3395,0.7563,1,2026-03-31T09:03:21.779066
3396,3396,0.4975,0,2026-03-31T09:03:21.779066
3397,3397,0.5924,1,2026-03-31T09:03:21.779066
3398,3398,0.8774,1,2026-03-31T09:03:21.779066
3399,3399,0.8119,1,2026-03-31T09:03:21.779066
3400,3400,0.85,1,2026-03-31T09:03:21.779066
3401,3401,0.5172,1,2026-03-31T09:03:21.779066
3402,3402,0.6957,1,2026-03-31T09:03:21.779066
3403,3403,0.9597,1,2026-03-31T09:03:21.779066
3404,3404,0.3969,0,2026-03-31T09:03:21.779066
3405,3405,0.8974,1,2026-03-31T09:03:21.779066
3406,3406,0.8184,1,2026-03-31T09:03:21.779066
3407,3407,0.5695,1,2026-03-31T09:03:21.779066
3408,3408,0.5107,1,2026-03-31T09:03:21.779066
3409,3409,0.2635,0,2026-03-31T09:03:21.779066
3410,3410,0.7398,1,2026-03-31T09:03:21.779066
3411,3411,0.4685,0,2026-03-31T09:03:21.779066
3412,3412,0.9116,1,2026-03-31T09:03:21.779066
3413,3413,0.6058,1,2026-03-31T09:03:21.779066
3414,3414,0.6989,1,2026-03-31T09:03:21.779066
3415,3415,0.5551,1,2026-03-31T09:03:21.779066
3416,3416,0.6238,1,2026-03-31T09:03:21.779066
3417,3417,0.5114,1,2026-03-31T09:03:21.779066
3418,3418,0.7102,1,2026-03-31T09:03:21.779066
3419,3419,0.8039,1,2026-03-31T09:03:21.779066
3420,3420,0.6503,1,2026-03-31T09:03:21.779066
3421,3421,0.5789,1,2026-03-31T09:03:21.779066
3422,3422,0.8197,1,2026-03-31T09:03:21.779066
3423,3423,0.6733,1,2026-03-31T09:03:21.779066
3424,3424,0.4957,0,2026-03-31T09:03:21.779066
3425,3425,0.6246,1,2026-03-31T09:03:21.779066
3426,3426,0.7193,1,2026-03-31T09:03:21.779066
3427,3427,0.6674,1,2026-03-31T09:03:21.779066
3428,3428,0.2651,0,2026-03-31T09:03:21.779066
3429,3429,0.6295,1,2026-03-31T09:03:21.779066
3430,3430,0.3047,0,2026-03-31T09:03:21.779066
3431,3431,0.6863,1,2026-03-31T09:03:21.779066
3432,3432,0.8324,1,2026-03-31T09:03:21.779066
3433,3433,0.8732,1,2026-03-31T09:03:21.779066
3434,3434,0.8166,1,2026-03-31T09:03:21.779066
3435,3435,0.7198,1,2026-03-31T09:03:21.779066
3436,3436,0.8755,1,2026-03-31T09:03:21.779066
3437,3437,0.7078,1,2026-03-31T09:03:21.779066
3438,3438,0.8693,1,2026-03-31T09:03:21.779066
3439,3439,0.8728,1,2026-03-31T09:03:21.779066
3440,3440,0.6939,1,2026-03-31T09:03:21.779066
3441,3441,0.2724,0,2026-03-31T09:03:21.779066
3442,3442,0.8315,1,2026-03-31T09:03:21.779066
3443,3443,0.6822,1,2026-03-31T09:03:21.779066
3444,3444,0.5898,1,2026-03-31T09:03:21.779066
3445,3445,0.519,1,2026-03-31T09:03:21.779066
3446,3446,0.6792,1,2026-03-31T09:03:21.779066
3447,3447,0.8333,1,2026-03-31T09:03:21.779066
3448,3448,0.4232,0,2026-03-31T09:03:21.779066
3449,3449,0.818,1,2026-03-31T09:03:21.779066
3450,3450,0.738,1,2026-03-31T09:03:21.779066
3451,3451,0.7533,1,2026-03-31T09:03:21.779066
3452,3452,0.789,1,2026-03-31T09:03:21.779066
3453,3453,0.5966,1,2026-03-31T09:03:21.779066
3454,3454,0.3182,0,2026-03-31T09:03:21.779066
3455,3455,0.734,1,2026-03-31T09:03:21.779066
3456,3456,0.4641,0,2026-03-31T09:03:21.779066
3457,3457,0.3334,0,2026-03-31T09:03:21.779066
3458,3458,0.7272,1,2026-03-31T09:03:21.779066
3459,3459,0.7264,1,2026-03-31T09:03:21.779066
3460,3460,0.5176,1,2026-03-31T09:03:21.779066
3461,3461,0.6707,1,2026-03-31T09:03:21.779066
3462,3462,0.4543,0,2026-03-31T09:03:21.779066
3463,3463,0.4222,0,2026-03-31T09:03:21.779066
3464,3464,0.6222,1,2026-03-31T09:03:21.779066
3465,3465,0.7691,1,2026-03-31T09:03:21.779066
3466,3466,0.7442,1,2026-03-31T09:03:21.779066
3467,3467,0.625,1,2026-03-31T09:03:21.779066
3468,3468,0.5207,1,2026-03-31T09:03:21.779066
3469,3469,0.8268,1,2026-03-31T09:03:21.779066
3470,3470,0.7556,1,2026-03-31T09:03:21.779066
3471,3471,0.8042,1,2026-03-31T09:03:21.779066
3472,3472,0.7243,1,2026-03-31T09:03:21.779066
3473,3473,0.5185,1,2026-03-31T09:03:21.779066
3474,3474,0.7314,1,2026-03-31T09:03:21.779066
3475,3475,0.7698,1,2026-03-31T09:03:21.779066
3476,3476,0.6815,1,2026-03-31T09:03:21.779066
3477,3477,0.4768,0,2026-03-31T09:03:21.779066
3478,3478,0.5641,1,2026-03-31T09:03:21.779066
3479,3479,0.8632,1,2026-03-31T09:03:21.779066
3480,3480,0.3389,0,2026-03-31T09:03:21.779066
3481,3481,0.5416,1,2026-03-31T09:03:21.779066
3482,3482,0.8163,1,2026-03-31T09:03:21.779066
3483,3483,0.5123,1,2026-03-31T09:03:21.779066
3484,3484,0.8796,1,2026-03-31T09:03:21.779066
3485,3485,0.3383,0,2026-03-31T09:03:21.779066
3486,3486,0.716,1,2026-03-31T09:03:21.779066
3487,3487,0.381,0,2026-03-31T09:03:21.779066
3488,3488,0.9252,1,2026-03-31T09:03:21.779066
3489,3489,0.5687,1,2026-03-31T09:03:21.779066
3490,3490,0.6144,1,2026-03-31T09:03:21.779066
3491,3491,0.3791,0,2026-03-31T09:03:21.779066
3492,3492,0.5414,1,2026-03-31T09:03:21.779066
3493,3493,0.8919,1,2026-03-31T09:03:21.779066
3494,3494,0.933,1,2026-03-31T09:03:21.779066
3495,3495,0.7869,1,2026-03-31T09:03:21.779066
3496,3496,0.8994,1,2026-03-31T09:03:21.779066
3497,3497,0.6088,1,2026-03-31T09:03:21.779066
3498,3498,0.5456,1,2026-03-31T09:03:21.779066
3499,3499,0.7252,1,2026-03-31T09:03:21.779066
3500,3500,0.8342,1,2026-03-31T09:03:21.779066
3501,3501,0.6514,1,2026-03-31T09:03:21.779066
3502,3502,0.7874,1,2026-03-31T09:03:21.779066
3503,3503,0.8331,1,2026-03-31T09:03:21.779066
3504,3504,0.7683,1,2026-03-31T09:03:21.779066
3505,3505,0.9238,1,2026-03-31T09:03:21.779066
3506,3506,0.6474,1,2026-03-31T09:03:21.779066
3507,3507,0.384,0,2026-03-31T09:03:21.779066
3508,3508,0.7285,1,2026-03-31T09:03:21.779066
3509,3509,0.8193,1,2026-03-31T09:03:21.779066
3510,3510,0.7362,1,2026-03-31T09:03:21.779066
3511,3511,0.4816,0,2026-03-31T09:03:21.779066
3512,3512,0.7918,1,2026-03-31T09:03:21.779066
3513,3513,0.5725,1,2026-03-31T09:03:21.779066
3514,3514,0.6138,1,2026-03-31T09:03:21.779066
3515,3515,0.61,1,2026-03-31T09:03:21.779066
3516,3516,0.7167,1,2026-03-31T09:03:21.779066
3517,3517,0.6044,1,2026-03-31T09:03:21.779066
3518,3518,0.3849,0,2026-03-31T09:03:21.779066
3519,3519,0.8286,1,2026-03-31T09:03:21.779066
3520,3520,0.7992,1,2026-03-31T09:03:21.779066
3521,3521,0.418,0,2026-03-31T09:03:21.779066
3522,3522,0.5935,1,2026-03-31T09:03:21.779066
3523,3523,0.767,1,2026-03-31T09:03:21.779066
3524,3524,0.4429,0,2026-03-31T09:03:21.779066
3525,3525,0.752,1,2026-03-31T09:03:21.779066
3526,3526,0.6029,1,2026-03-31T09:03:21.779066
3527,3527,0.3485,0,2026-03-31T09:03:21.779066
3528,3528,0.252,0,2026-03-31T09:03:21.779066
3529,3529,0.2498,0,2026-03-31T09:03:21.779066
3530,3530,0.5993,1,2026-03-31T09:03:21.779066
3531,3531,0.71,1,2026-03-31T09:03:21.779066
3532,3532,0.5743,1,2026-03-31T09:03:21.779066
3533,3533,0.4318,0,2026-03-31T09:03:21.779066
3534,3534,0.6131,1,2026-03-31T09:03:21.779066
3535,3535,0.7645,1,2026-03-31T09:03:21.779066
3536,3536,0.4372,0,2026-03-31T09:03:21.779066
3537,3537,0.2555,0,2026-03-31T09:03:21.779066
3538,3538,0.2037,0,2026-03-31T09:03:21.779066
3539,3539,0.2502,0,2026-03-31T09:03:21.779066
3540,3540,0.3698,0,2026-03-31T09:03:21.779066
3541,3541,0.4006,0,2026-03-31T09:03:21.779066
3542,3542,0.4043,0,2026-03-31T09:03:21.779066
3543,3543,0.2884,0,2026-03-31T09:03:21.779066
3544,3544,0.3435,0,2026-03-31T09:03:21.779066
3545,3545,0.6751,1,2026-03-31T09:03:21.779066
3546,3546,0.6124,1,2026-03-31T09:03:21.779066
3547,3547,0.3613,0,2026-03-31T09:03:21.779066
3548,3548,0.6265,1,2026-03-31T09:03:21.779066
3549,3549,0.6769,1,2026-03-31T09:03:21.779066
3550,3550,0.907,1,2026-03-31T09:03:21.779066
3551,3551,0.7052,1,2026-03-31T09:03:21.779066
3552,3552,0.5966,1,2026-03-31T09:03:21.779066
3553,3553,0.3218,0,2026-03-31T09:03:21.779066
3554,3554,0.4146,0,2026-03-31T09:03:21.779066
3555,3555,0.4453,0,2026-03-31T09:03:21.779066
3556,3556,0.719,1,2026-03-31T09:03:21.779066
3557,3557,0.644,1,2026-03-31T09:03:21.779066
3558,3558,0.4661,0,2026-03-31T09:03:21.779066
3559,3559,0.4335,0,2026-03-31T09:03:21.779066
3560,3560,0.6871,1,2026-03-31T09:03:21.779066
3561,3561,0.3235,0,2026-03-31T09:03:21.779066
3562,3562,0.3656,0,2026-03-31T09:03:21.779066
3563,3563,0.6955,1,2026-03-31T09:03:21.779066
3564,3564,0.2817,0,2026-03-31T09:03:21.779066
3565,3565,0.5974,1,2026-03-31T09:03:21.779066
3566,3566,0.5907,1,2026-03-31T09:03:21.779066
3567,3567,0.7059,1,2026-03-31T09:03:21.779066
3568,3568,0.7891,1,2026-03-31T09:03:21.779066
3569,3569,0.8446,1,2026-03-31T09:03:21.779066
3570,3570,0.5359,1,2026-03-31T09:03:21.779066
3571,3571,0.8296,1,2026-03-31T09:03:21.779066
3572,3572,0.7476,1,2026-03-31T09:03:21.779066
3573,3573,0.663,1,2026-03-31T09:03:21.779066
3574,3574,0.6602,1,2026-03-31T09:03:21.779066
3575,3575,0.7301,1,2026-03-31T09:03:21.779066
3576,3576,0.728,1,2026-03-31T09:03:21.779066
3577,3577,0.5908,1,2026-03-31T09:03:21.779066
3578,3578,0.5153,1,2026-03-31T09:03:21.779066
3579,3579,0.2721,0,2026-03-31T09:03:21.779066
3580,3580,0.8626,1,2026-03-31T09:03:21.779066
3581,3581,0.7215,1,2026-03-31T09:03:21.779066
3582,3582,0.6352,1,2026-03-31T09:03:21.779066
3583,3583,0.5018,1,2026-03-31T09:03:21.779066
3584,3584,0.3526,0,2026-03-31T09:03:21.779066
3585,3585,0.6522,1,2026-03-31T09:03:21.779066
3586,3586,0.4376,0,2026-03-31T09:03:21.779066
3587,3587,0.6832,1,2026-03-31T09:03:21.779066
3588,3588,0.9269,1,2026-03-31T09:03:21.779066
3589,3589,0.3397,0,2026-03-31T09:03:21.779066
3590,3590,0.7018,1,2026-03-31T09:03:21.779066
3591,3591,0.6537,1,2026-03-31T09:03:21.779066
3592,3592,0.6221,1,2026-03-31T09:03:21.779066
3593,3593,0.7803,1,2026-03-31T09:03:21.779066
3594,3594,0.5105,1,2026-03-31T09:03:21.779066
3595,3595,0.5855,1,2026-03-31T09:03:21.779066
3596,3596,0.6502,1,2026-03-31T09:03:21.779066
3597,3597,0.6898,1,2026-03-31T09:03:21.779066
3598,3598,0.4745,0,2026-03-31T09:03:21.779066
3599,3599,0.5474,1,2026-03-31T09:03:21.779066
3600,3600,0.5287,1,2026-03-31T09:03:21.779066
3601,3601,0.7886,1,2026-03-31T09:03:21.779066
3602,3602,0.6588,1,2026-03-31T09:03:21.779066
3603,3603,0.5928,1,2026-03-31T09:03:21.779066
3604,3604,0.5469,1,2026-03-31T09:03:21.779066
3605,3605,0.3683,0,2026-03-31T09:03:21.779066
3606,3606,0.7197,1,2026-03-31T09:03:21.779066
3607,3607,0.3352,0,2026-03-31T09:03:21.779066
3608,3608,0.8279,1,2026-03-31T09:03:21.779066
3609,3609,0.6848,1,2026-03-31T09:03:21.779066
3610,3610,0.6698,1,2026-03-31T09:03:21.779066
3611,3611,0.8304,1,2026-03-31T09:03:21.779066
3612,3612,0.7942,1,2026-03-31T09:03:21.779066
3613,3613,0.7998,1,2026-03-31T09:03:21.779066
3614,3614,0.4361,0,2026-03-31T09:03:21.779066
3615,3615,0.6611,1,2026-03-31T09:03:21.779066
3616,3616,0.6208,1,2026-03-31T09:03:21.779066
3617,3617,0.5727,1,2026-03-31T09:03:21.779066
3618,3618,0.8545,1,2026-03-31T09:03:21.779066
3619,3619,0.7844,1,2026-03-31T09:03:21.779066
3620,3620,0.5449,1,2026-03-31T09:03:21.779066
3621,3621,0.8773,1,2026-03-31T09:03:21.779066
3622,3622,0.5258,1,2026-03-31T09:03:21.779066
3623,3623,0.409,0,2026-03-31T09:03:21.779066
3624,3624,0.4779,0,2026-03-31T09:03:21.779066
3625,3625,0.6161,1,2026-03-31T09:03:21.779066
3626,3626,0.7784,1,2026-03-31T09:03:21.779066
3627,3627,0.7192,1,2026-03-31T09:03:21.779066
3628,3628,0.5102,1,2026-03-31T09:03:21.779066
3629,3629,0.462,0,2026-03-31T09:03:21.779066
3630,3630,0.3953,0,2026-03-31T09:03:21.779066
3631,3631,0.737,1,2026-03-31T09:03:21.779066
3632,3632,0.4944,0,2026-03-31T09:03:21.779066
3633,3633,0.6855,1,2026-03-31T09:03:21.779066
3634,3634,0.6124,1,2026-03-31T09:03:21.779066
3635,3635,0.6681,1,2026-03-31T09:03:21.779066
3636,3636,0.2378,0,2026-03-31T09:03:21.779066
3637,3637,0.3868,0,2026-03-31T09:03:21.779066
3638,3638,0.7353,1,2026-03-31T09:03:21.779066
3639,3639,0.7331,1,2026-03-31T09:03:21.779066
3640,3640,0.3888,0,2026-03-31T09:03:21.779066
3641,3641,0.2212,0,2026-03-31T09:03:21.779066
3642,3642,0.3343,0,2026-03-31T09:03:21.779066
3643,3643,0.2508,0,2026-03-31T09:03:21.779066
3644,3644,0.6206,1,2026-03-31T09:03:21.779066
3645,3645,0.6689,1,2026-03-31T09:03:21.779066
3646,3646,0.5823,1,2026-03-31T09:03:21.779066
3647,3647,0.6214,1,2026-03-31T09:03:21.779066
3648,3648,0.3086,0,2026-03-31T09:03:21.779066
3649,3649,0.3611,0,2026-03-31T09:03:21.779066
3650,3650,0.6859,1,2026-03-31T09:03:21.779066
3651,3651,0.4205,0,2026-03-31T09:03:21.779066
3652,3652,0.3334,0,2026-03-31T09:03:21.779066
3653,3653,0.4402,0,2026-03-31T09:03:21.779066
3654,3654,0.4081,0,2026-03-31T09:03:21.779066
3655,3655,0.2773,0,2026-03-31T09:03:21.779066
3656,3656,0.1472,0,2026-03-31T09:03:21.779066
3657,3657,0.6771,1,2026-03-31T09:03:21.779066
3658,3658,0.4511,0,2026-03-31T09:03:21.779066
3659,3659,0.8747,1,2026-03-31T09:03:21.779066
3660,3660,0.6623,1,2026-03-31T09:03:21.779066
3661,3661,0.4776,0,2026-03-31T09:03:21.779066
3662,3662,0.3579,0,2026-03-31T09:03:21.779066
3663,3663,0.6209,1,2026-03-31T09:03:21.779066
3664,3664,0.3787,0,2026-03-31T09:03:21.779066
3665,3665,0.7225,1,2026-03-31T09:03:21.779066
3666,3666,0.7858,1,2026-03-31T09:03:21.779066
3667,3667,0.4857,0,2026-03-31T09:03:21.779066
3668,3668,0.3837,0,2026-03-31T09:03:21.779066
3669,3669,0.5815,1,2026-03-31T09:03:21.779066
3670,3670,0.4836,0,2026-03-31T09:03:21.779066
3671,3671,0.7602,1,2026-03-31T09:03:21.779066
3672,3672,0.7626,1,2026-03-31T09:03:21.779066
3673,3673,0.8238,1,2026-03-31T09:03:21.779066
3674,3674,0.6177,1,2026-03-31T09:03:21.779066
3675,3675,0.6544,1,2026-03-31T09:03:21.779066
3676,3676,0.4776,0,2026-03-31T09:03:21.779066
3677,3677,0.7839,1,2026-03-31T09:03:21.779066
3678,3678,0.5826,1,2026-03-31T09:03:21.779066
3679,3679,0.5915,1,2026-03-31T09:03:21.779066
3680,3680,0.3502,0,2026-03-31T09:03:21.779066
3681,3681,0.4707,0,2026-03-31T09:03:21.779066
3682,3682,0.9314,1,2026-03-31T09:03:21.779066
3683,3683,0.495,0,2026-03-31T09:03:21.779066
3684,3684,0.843,1,2026-03-31T09:03:21.779066
3685,3685,0.8313,1,2026-03-31T09:03:21.779066
3686,3686,0.5736,1,2026-03-31T09:03:21.779066
3687,3687,0.8739,1,2026-03-31T09:03:21.779066
3688,3688,0.6456,1,2026-03-31T09:03:21.779066
3689,3689,0.8056,1,2026-03-31T09:03:21.779066
3690,3690,0.4952,0,2026-03-31T09:03:21.779066
3691,3691,0.5792,1,2026-03-31T09:03:21.779066
3692,3692,0.3862,0,2026-03-31T09:03:21.779066
3693,3693,0.4463,0,2026-03-31T09:03:21.779066
3694,3694,0.6374,1,2026-03-31T09:03:21.779066
3695,3695,0.7839,1,2026-03-31T09:03:21.779066
3696,3696,0.4644,0,2026-03-31T09:03:21.779066
3697,3697,0.2046,0,2026-03-31T09:03:21.779066
3698,3698,0.1929,0,2026-03-31T09:03:21.779066
3699,3699,0.185,0,2026-03-31T09:03:21.779066
3700,3700,0.4244,0,2026-03-31T09:03:21.779066
3701,3701,0.1402,0,2026-03-31T09:03:21.779066
3702,3702,0.1955,0,2026-03-31T09:03:21.779066
3703,3703,0.2882,0,2026-03-31T09:03:21.779066
3704,3704,0.3738,0,2026-03-31T09:03:21.779066
3705,3705,0.3576,0,2026-03-31T09:03:21.779066
3706,3706,0.565,1,2026-03-31T09:03:21.779066
3707,3707,0.221,0,2026-03-31T09:03:21.779066
3708,3708,0.5995,1,2026-03-31T09:03:21.779066
3709,3709,0.5264,1,2026-03-31T09:03:21.779066
3710,3710,0.3194,0,2026-03-31T09:03:21.779066
3711,3711,0.6752,1,2026-03-31T09:03:21.779066
3712,3712,0.7416,1,2026-03-31T09:03:21.779066
3713,3713,0.2465,0,2026-03-31T09:03:21.779066
3714,3714,0.2269,0,2026-03-31T09:03:21.779066
3715,3715,0.2581,0,2026-03-31T09:03:21.779066
3716,3716,0.7275,1,2026-03-31T09:03:21.779066
3717,3717,0.5005,1,2026-03-31T09:03:21.779066
3718,3718,0.7263,1,2026-03-31T09:03:21.779066
3719,3719,0.6323,1,2026-03-31T09:03:21.779066
3720,3720,0.8073,1,2026-03-31T09:03:21.779066
3721,3721,0.6472,1,2026-03-31T09:03:21.779066
3722,3722,0.6963,1,2026-03-31T09:03:21.779066
3723,3723,0.6707,1,2026-03-31T09:03:21.779066
3724,3724,0.7861,1,2026-03-31T09:03:21.779066
3725,3725,0.4315,0,2026-03-31T09:03:21.779066
3726,3726,0.8821,1,2026-03-31T09:03:21.779066
3727,3727,0.7114,1,2026-03-31T09:03:21.779066
3728,3728,0.7168,1,2026-03-31T09:03:21.779066
3729,3729,0.8627,1,2026-03-31T09:03:21.779066
3730,3730,0.701,1,2026-03-31T09:03:21.779066
3731,3731,0.5578,1,2026-03-31T09:03:21.779066
3732,3732,0.5782,1,2026-03-31T09:03:21.779066
3733,3733,0.4827,0,2026-03-31T09:03:21.779066
3734,3734,0.9159,1,2026-03-31T09:03:21.779066
3735,3735,0.7268,1,2026-03-31T09:03:21.779066
3736,3736,0.8991,1,2026-03-31T09:03:21.779066
3737,3737,0.8541,1,2026-03-31T09:03:21.779066
3738,3738,0.5212,1,2026-03-31T09:03:21.779066
3739,3739,0.5716,1,2026-03-31T09:03:21.779066
3740,3740,0.4407,0,2026-03-31T09:03:21.779066
3741,3741,0.7236,1,2026-03-31T09:03:21.779066
3742,3742,0.481,0,2026-03-31T09:03:21.779066
3743,3743,0.4838,0,2026-03-31T09:03:21.779066
3744,3744,0.729,1,2026-03-31T09:03:21.779066
3745,3745,0.7074,1,2026-03-31T09:03:21.779066
3746,3746,0.782,1,2026-03-31T09:03:21.779066
3747,3747,0.6798,1,2026-03-31T09:03:21.779066
3748,3748,0.7609,1,2026-03-31T09:03:21.779066
3749,3749,0.5039,1,2026-03-31T09:03:21.779066
3750,3750,0.7631,1,2026-03-31T09:03:21.779066
3751,3751,0.9184,1,2026-03-31T09:03:21.779066
3752,3752,0.8673,1,2026-03-31T09:03:21.779066
3753,3753,0.4749,0,2026-03-31T09:03:21.779066
3754,3754,0.3731,0,2026-03-31T09:03:21.779066
3755,3755,0.756,1,2026-03-31T09:03:21.779066
3756,3756,0.7943,1,2026-03-31T09:03:21.779066
3757,3757,0.3745,0,2026-03-31T09:03:21.779066
3758,3758,0.4579,0,2026-03-31T09:03:21.779066
3759,3759,0.7724,1,2026-03-31T09:03:21.779066
3760,3760,0.6582,1,2026-03-31T09:03:21.779066
3761,3761,0.5475,1,2026-03-31T09:03:21.779066
3762,3762,0.4571,0,2026-03-31T09:03:21.779066
3763,3763,0.6557,1,2026-03-31T09:03:21.779066
3764,3764,0.7582,1,2026-03-31T09:03:21.779066
3765,3765,0.7921,1,2026-03-31T09:03:21.779066
3766,3766,0.7355,1,2026-03-31T09:03:21.779066
3767,3767,0.3563,0,2026-03-31T09:03:21.779066
3768,3768,0.7398,1,2026-03-31T09:03:21.779066
3769,3769,0.5451,1,2026-03-31T09:03:21.779066
3770,3770,0.4212,0,2026-03-31T09:03:21.779066
3771,3771,0.649,1,2026-03-31T09:03:21.779066
3772,3772,0.3237,0,2026-03-31T09:03:21.779066
3773,3773,0.7373,1,2026-03-31T09:03:21.779066
3774,3774,0.6899,1,2026-03-31T09:03:21.779066
3775,3775,0.5399,1,2026-03-31T09:03:21.779066
3776,3776,0.8257,1,2026-03-31T09:03:21.779066
3777,3777,0.7113,1,2026-03-31T09:03:21.779066
3778,3778,0.8059,1,2026-03-31T09:03:21.779066
3779,3779,0.5441,1,2026-03-31T09:03:21.779066
3780,3780,0.6272,1,2026-03-31T09:03:21.779066
3781,3781,0.3442,0,2026-03-31T09:03:21.779066
3782,3782,0.604,1,2026-03-31T09:03:21.779066
3783,3783,0.4604,0,2026-03-31T09:03:21.779066
3784,3784,0.3863,0,2026-03-31T09:03:21.779066
3785,3785,0.7883,1,2026-03-31T09:03:21.779066
3786,3786,0.4407,0,2026-03-31T09:03:21.779066
3787,3787,0.5232,1,2026-03-31T09:03:21.779066
3788,3788,0.636,1,2026-03-31T09:03:21.779066
3789,3789,0.398,0,2026-03-31T09:03:21.779066
3790,3790,0.4168,0,2026-03-31T09:03:21.779066
3791,3791,0.7961,1,2026-03-31T09:03:21.779066
3792,3792,0.3774,0,2026-03-31T09:03:21.779066
3793,3793,0.558,1,2026-03-31T09:03:21.779066
3794,3794,0.8471,1,2026-03-31T09:03:21.779066
3795,3795,0.7697,1,2026-03-31T09:03:21.779066
3796,3796,0.3986,0,2026-03-31T09:03:21.779066
3797,3797,0.3611,0,2026-03-31T09:03:21.779066
3798,3798,0.6674,1,2026-03-31T09:03:21.779066
3799,3799,0.3616,0,2026-03-31T09:03:21.779066
3800,3800,0.8009,1,2026-03-31T09:03:21.779066
3801,3801,0.6763,1,2026-03-31T09:03:21.779066
3802,3802,0.7727,1,2026-03-31T09:03:21.779066
3803,3803,0.6746,1,2026-03-31T09:03:21.779066
3804,3804,0.7808,1,2026-03-31T09:03:21.779066
3805,3805,0.4244,0,2026-03-31T09:03:21.779066
3806,3806,0.6471,1,2026-03-31T09:03:21.779066
3807,3807,0.6866,1,2026-03-31T09:03:21.779066
3808,3808,0.7793,1,2026-03-31T09:03:21.779066
3809,3809,0.5755,1,2026-03-31T09:03:21.779066
3810,3810,0.6655,1,2026-03-31T09:03:21.779066
3811,3811,0.7518,1,2026-03-31T09:03:21.779066
3812,3812,0.8043,1,2026-03-31T09:03:21.779066
3813,3813,0.9232,1,2026-03-31T09:03:21.779066
3814,3814,0.4627,0,2026-03-31T09:03:21.779066
3815,3815,0.8437,1,2026-03-31T09:03:21.779066
3816,3816,0.8116,1,2026-03-31T09:03:21.779066
3817,3817,0.8319,1,2026-03-31T09:03:21.779066
3818,3818,0.7438,1,2026-03-31T09:03:21.779066
3819,3819,0.859,1,2026-03-31T09:03:21.779066
3820,3820,0.463,0,2026-03-31T09:03:21.779066
3821,3821,0.9407,1,2026-03-31T09:03:21.779066
3822,3822,0.8274,1,2026-03-31T09:03:21.779066
3823,3823,0.7595,1,2026-03-31T09:03:21.779066
3824,3824,0.591,1,2026-03-31T09:03:21.779066
3825,3825,0.7718,1,2026-03-31T09:03:21.779066
3826,3826,0.3825,0,2026-03-31T09:03:21.779066
3827,3827,0.3748,0,2026-03-31T09:03:21.779066
3828,3828,0.6592,1,2026-03-31T09:03:21.779066
3829,3829,0.2875,0,2026-03-31T09:03:21.779066
3830,3830,0.5682,1,2026-03-31T09:03:21.779066
3831,3831,0.7049,1,2026-03-31T09:03:21.779066
3832,3832,0.5961,1,2026-03-31T09:03:21.779066
3833,3833,0.3773,0,2026-03-31T09:03:21.779066
3834,3834,0.6083,1,2026-03-31T09:03:21.779066
3835,3835,0.6833,1,2026-03-31T09:03:21.779066
3836,3836,0.6074,1,2026-03-31T09:03:21.779066
3837,3837,0.7545,1,2026-03-31T09:03:21.779066
3838,3838,0.4926,0,2026-03-31T09:03:21.779066
3839,3839,0.4465,0,2026-03-31T09:03:21.779066
3840,3840,0.7579,1,2026-03-31T09:03:21.779066
3841,3841,0.7879,1,2026-03-31T09:03:21.779066
3842,3842,0.4314,0,2026-03-31T09:03:21.779066
3843,3843,0.3324,0,2026-03-31T09:03:21.779066
3844,3844,0.6354,1,2026-03-31T09:03:21.779066
3845,3845,0.544,1,2026-03-31T09:03:21.779066
3846,3846,0.8153,1,2026-03-31T09:03:21.779066
3847,3847,0.4078,0,2026-03-31T09:03:21.779066
3848,3848,0.4829,0,2026-03-31T09:03:21.779066
3849,3849,0.7724,1,2026-03-31T09:03:21.779066
3850,3850,0.3688,0,2026-03-31T09:03:21.779066
3851,3851,0.4768,0,2026-03-31T09:03:21.779066
3852,3852,0.426,0,2026-03-31T09:03:21.779066
3853,3853,0.7789,1,2026-03-31T09:03:21.779066
3854,3854,0.6069,1,2026-03-31T09:03:21.779066
3855,3855,0.7945,1,2026-03-31T09:03:21.779066
3856,3856,0.4396,0,2026-03-31T09:03:21.779066
3857,3857,0.8147,1,2026-03-31T09:03:21.779066
3858,3858,0.3769,0,2026-03-31T09:03:21.779066
3859,3859,0.5881,1,2026-03-31T09:03:21.779066
3860,3860,0.3244,0,2026-03-31T09:03:21.779066
3861,3861,0.3933,0,2026-03-31T09:03:21.779066
3862,3862,0.4666,0,2026-03-31T09:03:21.779066
3863,3863,0.6592,1,2026-03-31T09:03:21.779066
3864,3864,0.4492,0,2026-03-31T09:03:21.779066
3865,3865,0.5805,1,2026-03-31T09:03:21.779066
3866,3866,0.3517,0,2026-03-31T09:03:21.779066
3867,3867,0.3723,0,2026-03-31T09:03:21.779066
3868,3868,0.3652,0,2026-03-31T09:03:21.779066
3869,3869,0.6924,1,2026-03-31T09:03:21.779066
3870,3870,0.4913,0,2026-03-31T09:03:21.779066
3871,3871,0.5139,1,2026-03-31T09:03:21.779066
3872,3872,0.7967,1,2026-03-31T09:03:21.779066
3873,3873,0.2963,0,2026-03-31T09:03:21.779066
3874,3874,0.6239,1,2026-03-31T09:03:21.779066
3875,3875,0.6955,1,2026-03-31T09:03:21.779066
3876,3876,0.3693,0,2026-03-31T09:03:21.779066
3877,3877,0.345,0,2026-03-31T09:03:21.779066
3878,3878,0.2899,0,2026-03-31T09:03:21.779066
3879,3879,0.4571,0,2026-03-31T09:03:21.779066
3880,3880,0.328,0,2026-03-31T09:03:21.779066
3881,3881,0.6714,1,2026-03-31T09:03:21.779066
3882,3882,0.2957,0,2026-03-31T09:03:21.779066
3883,3883,0.7215,1,2026-03-31T09:03:21.779066
3884,3884,0.6551,1,2026-03-31T09:03:21.779066
3885,3885,0.7063,1,2026-03-31T09:03:21.779066
3886,3886,0.8317,1,2026-03-31T09:03:21.779066
3887,3887,0.4644,0,2026-03-31T09:03:21.779066
3888,3888,0.3449,0,2026-03-31T09:03:21.779066
3889,3889,0.5448,1,2026-03-31T09:03:21.779066
3890,3890,0.7359,1,2026-03-31T09:03:21.779066
3891,3891,0.5216,1,2026-03-31T09:03:21.779066
3892,3892,0.3323,0,2026-03-31T09:03:21.779066
3893,3893,0.2517,0,2026-03-31T09:03:21.779066
3894,3894,0.7537,1,2026-03-31T09:03:21.779066
3895,3895,0.2434,0,2026-03-31T09:03:21.779066
3896,3896,0.7576,1,2026-03-31T09:03:21.779066
3897,3897,0.6149,1,2026-03-31T09:03:21.779066
3898,3898,0.698,1,2026-03-31T09:03:21.779066
3899,3899,0.5507,1,2026-03-31T09:03:21.779066
3900,3900,0.8078,1,2026-03-31T09:03:21.779066
3901,3901,0.5399,1,2026-03-31T09:03:21.779066
3902,3902,0.6519,1,2026-03-31T09:03:21.779066
3903,3903,0.7759,1,2026-03-31T09:03:21.779066
3904,3904,0.2453,0,2026-03-31T09:03:21.779066
3905,3905,0.1952,0,2026-03-31T09:03:21.779066
3906,3906,0.5783,1,2026-03-31T09:03:21.779066
3907,3907,0.4323,0,2026-03-31T09:03:21.779066
3908,3908,0.2383,0,2026-03-31T09:03:21.779066
3909,3909,0.78,1,2026-03-31T09:03:21.779066
3910,3910,0.4524,0,2026-03-31T09:03:21.779066
3911,3911,0.8461,1,2026-03-31T09:03:21.779066
3912,3912,0.1857,0,2026-03-31T09:03:21.779066
3913,3913,0.791,1,2026-03-31T09:03:21.779066
3914,3914,0.5788,1,2026-03-31T09:03:21.779066
3915,3915,0.5277,1,2026-03-31T09:03:21.779066
3916,3916,0.6071,1,2026-03-31T09:03:21.779066
3917,3917,0.1593,0,2026-03-31T09:03:21.779066
3918,3918,0.8127,1,2026-03-31T09:03:21.779066
3919,3919,0.4737,0,2026-03-31T09:03:21.779066
3920,3920,0.16,0,2026-03-31T09:03:21.779066
3921,3921,0.8705,1,2026-03-31T09:03:21.779066
3922,3922,0.8843,1,2026-03-31T09:03:21.779066
3923,3923,0.4721,0,2026-03-31T09:03:21.779066
3924,3924,0.8576,1,2026-03-31T09:03:21.779066
3925,3925,0.4265,0,2026-03-31T09:03:21.779066
3926,3926,0.8393,1,2026-03-31T09:03:21.779066
3927,3927,0.7755,1,2026-03-31T09:03:21.779066
3928,3928,0.5913,1,2026-03-31T09:03:21.779066
3929,3929,0.8496,1,2026-03-31T09:03:21.779066
3930,3930,0.7443,1,2026-03-31T09:03:21.779066
3931,3931,0.765,1,2026-03-31T09:03:21.779066
3932,3932,0.7186,1,2026-03-31T09:03:21.779066
3933,3933,0.6702,1,2026-03-31T09:03:21.779066
3934,3934,0.7318,1,2026-03-31T09:03:21.779066
3935,3935,0.5502,1,2026-03-31T09:03:21.779066
3936,3936,0.7749,1,2026-03-31T09:03:21.779066
3937,3937,0.5903,1,2026-03-31T09:03:21.779066
3938,3938,0.5733,1,2026-03-31T09:03:21.779066
3939,3939,0.8708,1,2026-03-31T09:03:21.779066
3940,3940,0.7108,1,2026-03-31T09:03:21.779066
3941,3941,0.6282,1,2026-03-31T09:03:21.779066
3942,3942,0.7162,1,2026-03-31T09:03:21.779066
3943,3943,0.5706,1,2026-03-31T09:03:21.779066
3944,3944,0.5194,1,2026-03-31T09:03:21.779066
3945,3945,0.6387,1,2026-03-31T09:03:21.779066
3946,3946,0.6101,1,2026-03-31T09:03:21.779066
3947,3947,0.4946,0,2026-03-31T09:03:21.779066
3948,3948,0.5696,1,2026-03-31T09:03:21.779066
3949,3949,0.758,1,2026-03-31T09:03:21.779066
3950,3950,0.5605,1,2026-03-31T09:03:21.779066
3951,3951,0.7245,1,2026-03-31T09:03:21.779066
3952,3952,0.7461,1,2026-03-31T09:03:21.779066
3953,3953,0.6407,1,2026-03-31T09:03:21.779066
3954,3954,0.7052,1,2026-03-31T09:03:21.779066
3955,3955,0.3426,0,2026-03-31T09:03:21.779066
3956,3956,0.6768,1,2026-03-31T09:03:21.779066
3957,3957,0.5488,1,2026-03-31T09:03:21.779066
3958,3958,0.5657,1,2026-03-31T09:03:21.779066
3959,3959,0.6161,1,2026-03-31T09:03:21.779066
3960,3960,0.4142,0,2026-03-31T09:03:21.779066
3961,3961,0.736,1,2026-03-31T09:03:21.779066
3962,3962,0.5932,1,2026-03-31T09:03:21.779066
3963,3963,0.6494,1,2026-03-31T09:03:21.779066
3964,3964,0.4217,0,2026-03-31T09:03:21.779066
3965,3965,0.8248,1,2026-03-31T09:03:21.779066
3966,3966,0.3684,0,2026-03-31T09:03:21.779066
3967,3967,0.737,1,2026-03-31T09:03:21.779066
3968,3968,0.8943,1,2026-03-31T09:03:21.779066
3969,3969,0.8606,1,2026-03-31T09:03:21.779066
3970,3970,0.8293,1,2026-03-31T09:03:21.779066
3971,3971,0.6016,1,2026-03-31T09:03:21.779066
3972,3972,0.4456,0,2026-03-31T09:03:21.779066
3973,3973,0.6734,1,2026-03-31T09:03:21.779066
3974,3974,0.7665,1,2026-03-31T09:03:21.779066
3975,3975,0.5505,1,2026-03-31T09:03:21.779066
3976,3976,0.8443,1,2026-03-31T09:03:21.779066
3977,3977,0.7425,1,2026-03-31T09:03:21.779066
3978,3978,0.5648,1,2026-03-31T09:03:21.779066
3979,3979,0.7303,1,2026-03-31T09:03:21.779066
3980,3980,0.5373,1,2026-03-31T09:03:21.779066
3981,3981,0.2641,0,2026-03-31T09:03:21.779066
3982,3982,0.745,1,2026-03-31T09:03:21.779066
3983,3983,0.64,1,2026-03-31T09:03:21.779066
3984,3984,0.7123,1,2026-03-31T09:03:21.779066
3985,3985,0.4202,0,2026-03-31T09:03:21.779066
3986,3986,0.5645,1,2026-03-31T09:03:21.779066
3987,3987,0.41,0,2026-03-31T09:03:21.779066
3988,3988,0.5354,1,2026-03-31T09:03:21.779066
3989,3989,0.4335,0,2026-03-31T09:03:21.779066
3990,3990,0.7278,1,2026-03-31T09:03:21.779066
3991,3991,0.6093,1,2026-03-31T09:03:21.779066
3992,3992,0.5815,1,2026-03-31T09:03:21.779066
3993,3993,0.8813,1,2026-03-31T09:03:21.779066
3994,3994,0.6271,1,2026-03-31T09:03:21.779066
3995,3995,0.7272,1,2026-03-31T09:03:21.779066
3996,3996,0.7301,1,2026-03-31T09:03:21.779066
3997,3997,0.796,1,2026-03-31T09:03:21.779066
3998,3998,0.564,1,2026-03-31T09:03:21.779066
3999,3999,0.356,0,2026-03-31T09:03:21.779066
4000,4000,0.4802,0,2026-03-31T09:03:21.779066
4001,4001,0.8046,1,2026-03-31T09:03:21.779066
4002,4002,0.7054,1,2026-03-31T09:03:21.779066
4003,4003,0.2516,0,2026-03-31T09:03:21.779066
4004,4004,0.8978,1,2026-03-31T09:03:21.779066
4005,4005,0.4833,0,2026-03-31T09:03:21.779066
4006,4006,0.6314,1,2026-03-31T09:03:21.779066
4007,4007,0.6579,1,2026-03-31T09:03:21.779066
4008,4008,0.4849,0,2026-03-31T09:03:21.779066
4009,4009,0.9596,1,2026-03-31T09:03:21.779066
4010,4010,0.6032,1,2026-03-31T09:03:21.779066
4011,4011,0.8994,1,2026-03-31T09:03:21.779066
4012,4012,0.6497,1,2026-03-31T09:03:21.779066
4013,4013,0.6099,1,2026-03-31T09:03:21.779066
4014,4014,0.5762,1,2026-03-31T09:03:21.779066
4015,4015,0.8675,1,2026-03-31T09:03:21.779066
4016,4016,0.8276,1,2026-03-31T09:03:21.779066
4017,4017,0.3979,0,2026-03-31T09:03:21.779066
4018,4018,0.4407,0,2026-03-31T09:03:21.779066
4019,4019,0.6927,1,2026-03-31T09:03:21.779066
4020,4020,0.7551,1,2026-03-31T09:03:21.779066
4021,4021,0.6963,1,2026-03-31T09:03:21.779066
4022,4022,0.8146,1,2026-03-31T09:03:21.779066
4023,4023,0.911,1,2026-03-31T09:03:21.779066
4024,4024,0.7985,1,2026-03-31T09:03:21.779066
4025,4025,0.702,1,2026-03-31T09:03:21.779066
4026,4026,0.8922,1,2026-03-31T09:03:21.779066
4027,4027,0.6109,1,2026-03-31T09:03:21.779066
4028,4028,0.743,1,2026-03-31T09:03:21.779066
4029,4029,0.9343,1,2026-03-31T09:03:21.779066
4030,4030,0.7102,1,2026-03-31T09:03:21.779066
4031,4031,0.3306,0,2026-03-31T09:03:21.779066
4032,4032,0.6357,1,2026-03-31T09:03:21.779066
4033,4033,0.6036,1,2026-03-31T09:03:21.779066
4034,4034,0.3505,0,2026-03-31T09:03:21.779066
4035,4035,0.5435,1,2026-03-31T09:03:21.779066
4036,4036,0.5606,1,2026-03-31T09:03:21.779066
4037,4037,0.763,1,2026-03-31T09:03:21.779066
4038,4038,0.5522,1,2026-03-31T09:03:21.779066
4039,4039,0.4636,0,2026-03-31T09:03:21.779066
4040,4040,0.6383,1,2026-03-31T09:03:21.779066
4041,4041,0.4326,0,2026-03-31T09:03:21.779066
4042,4042,0.7309,1,2026-03-31T09:03:21.779066
4043,4043,0.6949,1,2026-03-31T09:03:21.779066
4044,4044,0.5791,1,2026-03-31T09:03:21.779066
4045,4045,0.3861,0,2026-03-31T09:03:21.779066
4046,4046,0.5414,1,2026-03-31T09:03:21.779066
4047,4047,0.4985,0,2026-03-31T09:03:21.779066
4048,4048,0.509,1,2026-03-31T09:03:21.779066
4049,4049,0.862,1,2026-03-31T09:03:21.779066
4050,4050,0.4187,0,2026-03-31T09:03:21.779066
4051,4051,0.661,1,2026-03-31T09:03:21.779066
4052,4052,0.3794,0,2026-03-31T09:03:21.779066
4053,4053,0.8584,1,2026-03-31T09:03:21.779066
4054,4054,0.7515,1,2026-03-31T09:03:21.779066
4055,4055,0.7316,1,2026-03-31T09:03:21.779066
4056,4056,0.4443,0,2026-03-31T09:03:21.779066
4057,4057,0.3525,0,2026-03-31T09:03:21.779066
4058,4058,0.7949,1,2026-03-31T09:03:21.779066
4059,4059,0.5727,1,2026-03-31T09:03:21.779066
4060,4060,0.8919,1,2026-03-31T09:03:21.779066
4061,4061,0.5824,1,2026-03-31T09:03:21.779066
4062,4062,0.5217,1,2026-03-31T09:03:21.779066
4063,4063,0.9193,1,2026-03-31T09:03:21.779066
4064,4064,0.5499,1,2026-03-31T09:03:21.779066
4065,4065,0.5452,1,2026-03-31T09:03:21.779066
4066,4066,0.7728,1,2026-03-31T09:03:21.779066
4067,4067,0.4399,0,2026-03-31T09:03:21.779066
4068,4068,0.3668,0,2026-03-31T09:03:21.779066
4069,4069,0.6784,1,2026-03-31T09:03:21.779066
4070,4070,0.3194,0,2026-03-31T09:03:21.779066
4071,4071,0.7594,1,2026-03-31T09:03:21.779066
4072,4072,0.485,0,2026-03-31T09:03:21.779066
4073,4073,0.2804,0,2026-03-31T09:03:21.779066
4074,4074,0.2631,0,2026-03-31T09:03:21.779066
4075,4075,0.4987,0,2026-03-31T09:03:21.779066
4076,4076,0.3501,0,2026-03-31T09:03:21.779066
4077,4077,0.5333,1,2026-03-31T09:03:21.779066
4078,4078,0.7685,1,2026-03-31T09:03:21.779066
4079,4079,0.4494,0,2026-03-31T09:03:21.779066
4080,4080,0.3232,0,2026-03-31T09:03:21.779066
4081,4081,0.6524,1,2026-03-31T09:03:21.779066
4082,4082,0.6032,1,2026-03-31T09:03:21.779066
4083,4083,0.346,0,2026-03-31T09:03:21.779066
4084,4084,0.551,1,2026-03-31T09:03:21.779066
4085,4085,0.714,1,2026-03-31T09:03:21.779066
4086,4086,0.465,0,2026-03-31T09:03:21.779066
4087,4087,0.7891,1,2026-03-31T09:03:21.779066
4088,4088,0.8741,1,2026-03-31T09:03:21.779066
4089,4089,0.6378,1,2026-03-31T09:03:21.779066
4090,4090,0.8325,1,2026-03-31T09:03:21.779066
4091,4091,0.5523,1,2026-03-31T09:03:21.779066
4092,4092,0.768,1,2026-03-31T09:03:21.779066
4093,4093,0.4278,0,2026-03-31T09:03:21.779066
4094,4094,0.8244,1,2026-03-31T09:03:21.779066
4095,4095,0.7752,1,2026-03-31T09:03:21.779066
4096,4096,0.4696,0,2026-03-31T09:03:21.779066
4097,4097,0.795,1,2026-03-31T09:03:21.779066
4098,4098,0.4199,0,2026-03-31T09:03:21.779066
4099,4099,0.8798,1,2026-03-31T09:03:21.779066
4100,4100,0.4015,0,2026-03-31T09:03:21.779066
4101,4101,0.288,0,2026-03-31T09:03:21.779066
4102,4102,0.3904,0,2026-03-31T09:03:21.779066
4103,4103,0.5126,1,2026-03-31T09:03:21.779066
4104,4104,0.4096,0,2026-03-31T09:03:21.779066
4105,4105,0.8286,1,2026-03-31T09:03:21.779066
4106,4106,0.4276,0,2026-03-31T09:03:21.779066
4107,4107,0.5542,1,2026-03-31T09:03:21.779066
4108,4108,0.4573,0,2026-03-31T09:03:21.779066
4109,4109,0.784,1,2026-03-31T09:03:21.779066
4110,4110,0.5174,1,2026-03-31T09:03:21.779066
4111,4111,0.4255,0,2026-03-31T09:03:21.779066
4112,4112,0.7295,1,2026-03-31T09:03:21.779066
4113,4113,0.4427,0,2026-03-31T09:03:21.779066
4114,4114,0.4136,0,2026-03-31T09:03:21.779066
4115,4115,0.9255,1,2026-03-31T09:03:21.779066
4116,4116,0.6553,1,2026-03-31T09:03:21.779066
4117,4117,0.3084,0,2026-03-31T09:03:21.779066
4118,4118,0.3287,0,2026-03-31T09:03:21.779066
4119,4119,0.3942,0,2026-03-31T09:03:21.779066
4120,4120,0.2786,0,2026-03-31T09:03:21.779066
4121,4121,0.2727,0,2026-03-31T09:03:21.779066
4122,4122,0.2967,0,2026-03-31T09:03:21.779066
4123,4123,0.8261,1,2026-03-31T09:03:21.779066
4124,4124,0.4935,0,2026-03-31T09:03:21.779066
4125,4125,0.7656,1,2026-03-31T09:03:21.779066
4126,4126,0.4111,0,2026-03-31T09:03:21.779066
4127,4127,0.6112,1,2026-03-31T09:03:21.779066
4128,4128,0.2505,0,2026-03-31T09:03:21.779066
4129,4129,0.7004,1,2026-03-31T09:03:21.779066
4130,4130,0.3119,0,2026-03-31T09:03:21.779066
4131,4131,0.5481,1,2026-03-31T09:03:21.779066
4132,4132,0.6356,1,2026-03-31T09:03:21.779066
4133,4133,0.652,1,2026-03-31T09:03:21.779066
4134,4134,0.4657,0,2026-03-31T09:03:21.779066
4135,4135,0.7804,1,2026-03-31T09:03:21.779066
4136,4136,0.4352,0,2026-03-31T09:03:21.779066
4137,4137,0.7438,1,2026-03-31T09:03:21.779066
4138,4138,0.5091,1,2026-03-31T09:03:21.779066
4139,4139,0.4629,0,2026-03-31T09:03:21.779066
4140,4140,0.4421,0,2026-03-31T09:03:21.779066
4141,4141,0.5727,1,2026-03-31T09:03:21.779066
4142,4142,0.7939,1,2026-03-31T09:03:21.779066
4143,4143,0.8089,1,2026-03-31T09:03:21.779066
4144,4144,0.6673,1,2026-03-31T09:03:21.779066
4145,4145,0.7032,1,2026-03-31T09:03:21.779066
4146,4146,0.7991,1,2026-03-31T09:03:21.779066
4147,4147,0.4046,0,2026-03-31T09:03:21.779066
4148,4148,0.4082,0,2026-03-31T09:03:21.779066
4149,4149,0.4871,0,2026-03-31T09:03:21.779066
4150,4150,0.5881,1,2026-03-31T09:03:21.779066
4151,4151,0.5251,1,2026-03-31T09:03:21.779066
4152,4152,0.77,1,2026-03-31T09:03:21.779066
4153,4153,0.5528,1,2026-03-31T09:03:21.779066
4154,4154,0.6681,1,2026-03-31T09:03:21.779066
4155,4155,0.6012,1,2026-03-31T09:03:21.779066
4156,4156,0.7095,1,2026-03-31T09:03:21.779066
4157,4157,0.7291,1,2026-03-31T09:03:21.779066
4158,4158,0.5836,1,2026-03-31T09:03:21.779066
4159,4159,0.6222,1,2026-03-31T09:03:21.779066
4160,4160,0.7904,1,2026-03-31T09:03:21.779066
4161,4161,0.4433,0,2026-03-31T09:03:21.779066
4162,4162,0.8067,1,2026-03-31T09:03:21.779066
4163,4163,0.8309,1,2026-03-31T09:03:21.779066
4164,4164,0.3668,0,2026-03-31T09:03:21.779066
4165,4165,0.3573,0,2026-03-31T09:03:21.779066
4166,4166,0.8766,1,2026-03-31T09:03:21.779066
4167,4167,0.5217,1,2026-03-31T09:03:21.779066
4168,4168,0.6523,1,2026-03-31T09:03:21.779066
4169,4169,0.701,1,2026-03-31T09:03:21.779066
4170,4170,0.6929,1,2026-03-31T09:03:21.779066
4171,4171,0.9438,1,2026-03-31T09:03:21.779066
4172,4172,0.7944,1,2026-03-31T09:03:21.779066
4173,4173,0.3171,0,2026-03-31T09:03:21.779066
4174,4174,0.6697,1,2026-03-31T09:03:21.779066
4175,4175,0.4517,0,2026-03-31T09:03:21.779066
4176,4176,0.5849,1,2026-03-31T09:03:21.779066
4177,4177,0.7591,1,2026-03-31T09:03:21.779066
4178,4178,0.7849,1,2026-03-31T09:03:21.779066
4179,4179,0.4769,0,2026-03-31T09:03:21.779066
4180,4180,0.5841,1,2026-03-31T09:03:21.779066
4181,4181,0.7656,1,2026-03-31T09:03:21.779066
4182,4182,0.73,1,2026-03-31T09:03:21.779066
4183,4183,0.6911,1,2026-03-31T09:03:21.779066
4184,4184,0.4067,0,2026-03-31T09:03:21.779066
4185,4185,0.2751,0,2026-03-31T09:03:21.779066
4186,4186,0.3575,0,2026-03-31T09:03:21.779066
4187,4187,0.451,0,2026-03-31T09:03:21.779066
4188,4188,0.6154,1,2026-03-31T09:03:21.779066
4189,4189,0.4657,0,2026-03-31T09:03:21.779066
4190,4190,0.3069,0,2026-03-31T09:03:21.779066
4191,4191,0.6533,1,2026-03-31T09:03:21.779066
4192,4192,0.5413,1,2026-03-31T09:03:21.779066
4193,4193,0.4443,0,2026-03-31T09:03:21.779066
4194,4194,0.4368,0,2026-03-31T09:03:21.779066
4195,4195,0.4848,0,2026-03-31T09:03:21.779066
4196,4196,0.6167,1,2026-03-31T09:03:21.779066
4197,4197,0.6935,1,2026-03-31T09:03:21.779066
4198,4198,0.7786,1,2026-03-31T09:03:21.779066
4199,4199,0.8159,1,2026-03-31T09:03:21.779066
4200,4200,0.7568,1,2026-03-31T09:03:21.779066
4201,4201,0.7331,1,2026-03-31T09:03:21.779066
4202,4202,0.6068,1,2026-03-31T09:03:21.779066
4203,4203,0.4716,0,2026-03-31T09:03:21.779066
4204,4204,0.7275,1,2026-03-31T09:03:21.779066
4205,4205,0.6771,1,2026-03-31T09:03:21.779066
4206,4206,0.5448,1,2026-03-31T09:03:21.779066
4207,4207,0.4269,0,2026-03-31T09:03:21.779066
4208,4208,0.669,1,2026-03-31T09:03:21.779066
4209,4209,0.8378,1,2026-03-31T09:03:21.779066
4210,4210,0.6392,1,2026-03-31T09:03:21.779066
4211,4211,0.2685,0,2026-03-31T09:03:21.779066
4212,4212,0.1949,0,2026-03-31T09:03:21.779066
4213,4213,0.7092,1,2026-03-31T09:03:21.779066
4214,4214,0.778,1,2026-03-31T09:03:21.779066
4215,4215,0.299,0,2026-03-31T09:03:21.779066
4216,4216,0.7955,1,2026-03-31T09:03:21.779066
4217,4217,0.6103,1,2026-03-31T09:03:21.779066
4218,4218,0.5682,1,2026-03-31T09:03:21.779066
4219,4219,0.9833,1,2026-03-31T09:03:21.779066
4220,4220,0.8441,1,2026-03-31T09:03:21.779066
4221,4221,0.7757,1,2026-03-31T09:03:21.779066
4222,4222,0.8354,1,2026-03-31T09:03:21.779066
4223,4223,0.4012,0,2026-03-31T09:03:21.779066
4224,4224,0.3957,0,2026-03-31T09:03:21.779066
4225,4225,0.6558,1,2026-03-31T09:03:21.779066
4226,4226,0.5816,1,2026-03-31T09:03:21.779066
4227,4227,0.5973,1,2026-03-31T09:03:21.779066
4228,4228,0.5714,1,2026-03-31T09:03:21.779066
4229,4229,0.5274,1,2026-03-31T09:03:21.779066
4230,4230,0.7658,1,2026-03-31T09:03:21.779066
4231,4231,0.4966,0,2026-03-31T09:03:21.779066
4232,4232,0.7234,1,2026-03-31T09:03:21.779066
4233,4233,0.4204,0,2026-03-31T09:03:21.779066
4234,4234,0.6914,1,2026-03-31T09:03:21.779066
4235,4235,0.705,1,2026-03-31T09:03:21.779066
4236,4236,0.7013,1,2026-03-31T09:03:21.779066
4237,4237,0.5832,1,2026-03-31T09:03:21.779066
4238,4238,0.3521,0,2026-03-31T09:03:21.779066
4239,4239,0.5979,1,2026-03-31T09:03:21.779066
4240,4240,0.7861,1,2026-03-31T09:03:21.779066
4241,4241,0.7817,1,2026-03-31T09:03:21.779066
4242,4242,0.6012,1,2026-03-31T09:03:21.779066
4243,4243,0.8717,1,2026-03-31T09:03:21.779066
4244,4244,0.5121,1,2026-03-31T09:03:21.779066
4245,4245,0.4885,0,2026-03-31T09:03:21.779066
4246,4246,0.8713,1,2026-03-31T09:03:21.779066
4247,4247,0.492,0,2026-03-31T09:03:21.779066
4248,4248,0.6306,1,2026-03-31T09:03:21.779066
4249,4249,0.4593,0,2026-03-31T09:03:21.779066
4250,4250,0.8662,1,2026-03-31T09:03:21.779066
4251,4251,0.7253,1,2026-03-31T09:03:21.779066
4252,4252,0.6948,1,2026-03-31T09:03:21.779066
4253,4253,0.7411,1,2026-03-31T09:03:21.779066
4254,4254,0.7264,1,2026-03-31T09:03:21.779066
4255,4255,0.3772,0,2026-03-31T09:03:21.779066
4256,4256,0.728,1,2026-03-31T09:03:21.779066
4257,4257,0.6623,1,2026-03-31T09:03:21.779066
4258,4258,0.5286,1,2026-03-31T09:03:21.779066
4259,4259,0.7095,1,2026-03-31T09:03:21.779066
4260,4260,0.6778,1,2026-03-31T09:03:21.779066
4261,4261,0.5671,1,2026-03-31T09:03:21.779066
4262,4262,0.3607,0,2026-03-31T09:03:21.779066
4263,4263,0.5728,1,2026-03-31T09:03:21.779066
4264,4264,0.6161,1,2026-03-31T09:03:21.779066
4265,4265,0.7677,1,2026-03-31T09:03:21.779066
4266,4266,0.8701,1,2026-03-31T09:03:21.779066
4267,4267,0.6954,1,2026-03-31T09:03:21.779066
4268,4268,0.8319,1,2026-03-31T09:03:21.779066
4269,4269,0.8742,1,2026-03-31T09:03:21.779066
4270,4270,0.6377,1,2026-03-31T09:03:21.779066
4271,4271,0.6639,1,2026-03-31T09:03:21.779066
4272,4272,0.6725,1,2026-03-31T09:03:21.779066
4273,4273,0.7901,1,2026-03-31T09:03:21.779066
4274,4274,0.6379,1,2026-03-31T09:03:21.779066
4275,4275,0.7835,1,2026-03-31T09:03:21.779066
4276,4276,0.7002,1,2026-03-31T09:03:21.779066
4277,4277,0.6822,1,2026-03-31T09:03:21.779066
4278,4278,0.5,0,2026-03-31T09:03:21.779066
4279,4279,0.7384,1,2026-03-31T09:03:21.779066
4280,4280,0.5656,1,2026-03-31T09:03:21.779066
4281,4281,0.504,1,2026-03-31T09:03:21.779066
4282,4282,0.7276,1,2026-03-31T09:03:21.779066
4283,4283,0.7308,1,2026-03-31T09:03:21.779066
4284,4284,0.7604,1,2026-03-31T09:03:21.779066
4285,4285,0.8349,1,2026-03-31T09:03:21.779066
4286,4286,0.7887,1,2026-03-31T09:03:21.779066
4287,4287,0.6237,1,2026-03-31T09:03:21.779066
4288,4288,0.8448,1,2026-03-31T09:03:21.779066
4289,4289,0.7868,1,2026-03-31T09:03:21.779066
4290,4290,0.589,1,2026-03-31T09:03:21.779066
4291,4291,0.7242,1,2026-03-31T09:03:21.779066
4292,4292,0.9036,1,2026-03-31T09:03:21.779066
4293,4293,0.8321,1,2026-03-31T09:03:21.779066
4294,4294,0.8674,1,2026-03-31T09:03:21.779066
4295,4295,0.5886,1,2026-03-31T09:03:21.779066
4296,4296,0.8288,1,2026-03-31T09:03:21.779066
4297,4297,0.5849,1,2026-03-31T09:03:21.779066
4298,4298,0.7328,1,2026-03-31T09:03:21.779066
4299,4299,0.8869,1,2026-03-31T09:03:21.779066
4300,4300,0.4293,0,2026-03-31T09:03:21.779066
4301,4301,0.7396,1,2026-03-31T09:03:21.779066
4302,4302,0.7466,1,2026-03-31T09:03:21.779066
4303,4303,0.6343,1,2026-03-31T09:03:21.779066
4304,4304,0.8773,1,2026-03-31T09:03:21.779066
4305,4305,0.7035,1,2026-03-31T09:03:21.779066
4306,4306,0.716,1,2026-03-31T09:03:21.779066
4307,4307,0.2617,0,2026-03-31T09:03:21.779066
4308,4308,0.2331,0,2026-03-31T09:03:21.779066
4309,4309,0.2859,0,2026-03-31T09:03:21.779066
4310,4310,0.5937,1,2026-03-31T09:03:21.779066
4311,4311,0.228,0,2026-03-31T09:03:21.779066
4312,4312,0.3694,0,2026-03-31T09:03:21.779066
4313,4313,0.3145,0,2026-03-31T09:03:21.779066
4314,4314,0.2481,0,2026-03-31T09:03:21.779066
4315,4315,0.212,0,2026-03-31T09:03:21.779066
4316,4316,0.5881,1,2026-03-31T09:03:21.779066
4317,4317,0.7643,1,2026-03-31T09:03:21.779066
4318,4318,0.4089,0,2026-03-31T09:03:21.779066
4319,4319,0.7666,1,2026-03-31T09:03:21.779066
4320,4320,0.5584,1,2026-03-31T09:03:21.779066
4321,4321,0.8176,1,2026-03-31T09:03:21.779066
4322,4322,0.4024,0,2026-03-31T09:03:21.779066
4323,4323,0.3891,0,2026-03-31T09:03:21.779066
4324,4324,0.5129,1,2026-03-31T09:03:21.779066
4325,4325,0.7654,1,2026-03-31T09:03:21.779066
4326,4326,0.5165,1,2026-03-31T09:03:21.779066
4327,4327,0.6011,1,2026-03-31T09:03:21.779066
4328,4328,0.6547,1,2026-03-31T09:03:21.779066
4329,4329,0.3641,0,2026-03-31T09:03:21.779066
4330,4330,0.6879,1,2026-03-31T09:03:21.779066
4331,4331,0.7254,1,2026-03-31T09:03:21.779066
4332,4332,0.8439,1,2026-03-31T09:03:21.779066
4333,4333,0.4663,0,2026-03-31T09:03:21.779066
4334,4334,0.5924,1,2026-03-31T09:03:21.779066
4335,4335,0.7999,1,2026-03-31T09:03:21.779066
4336,4336,0.35,0,2026-03-31T09:03:21.779066
4337,4337,0.7209,1,2026-03-31T09:03:21.779066
4338,4338,0.3329,0,2026-03-31T09:03:21.779066
4339,4339,0.9096,1,2026-03-31T09:03:21.779066
4340,4340,0.872,1,2026-03-31T09:03:21.779066
4341,4341,0.5807,1,2026-03-31T09:03:21.779066
4342,4342,0.7625,1,2026-03-31T09:03:21.779066
4343,4343,0.6481,1,2026-03-31T09:03:21.779066
4344,4344,0.8397,1,2026-03-31T09:03:21.779066
4345,4345,0.696,1,2026-03-31T09:03:21.779066
4346,4346,0.8294,1,2026-03-31T09:03:21.779066
4347,4347,0.8728,1,2026-03-31T09:03:21.779066
4348,4348,0.5482,1,2026-03-31T09:03:21.779066
4349,4349,0.7556,1,2026-03-31T09:03:21.779066
4350,4350,0.7205,1,2026-03-31T09:03:21.779066
4351,4351,0.5136,1,2026-03-31T09:03:21.779066
4352,4352,0.5739,1,2026-03-31T09:03:21.779066
4353,4353,0.8581,1,2026-03-31T09:03:21.779066
4354,4354,0.6849,1,2026-03-31T09:03:21.779066
4355,4355,0.3287,0,2026-03-31T09:03:21.779066
4356,4356,0.2931,0,2026-03-31T09:03:21.779066
4357,4357,0.5699,1,2026-03-31T09:03:21.779066
4358,4358,0.228,0,2026-03-31T09:03:21.779066
4359,4359,0.6468,1,2026-03-31T09:03:21.779066
4360,4360,0.6972,1,2026-03-31T09:03:21.779066
4361,4361,0.2069,0,2026-03-31T09:03:21.779066
4362,4362,0.6992,1,2026-03-31T09:03:21.779066
4363,4363,0.5714,1,2026-03-31T09:03:21.779066
4364,4364,0.7916,1,2026-03-31T09:03:21.779066
4365,4365,0.3814,0,2026-03-31T09:03:21.779066
4366,4366,0.5906,1,2026-03-31T09:03:21.779066
4367,4367,0.8021,1,2026-03-31T09:03:21.779066
4368,4368,0.3921,0,2026-03-31T09:03:21.779066
4369,4369,0.8252,1,2026-03-31T09:03:21.779066
4370,4370,0.4895,0,2026-03-31T09:03:21.779066
4371,4371,0.7904,1,2026-03-31T09:03:21.779066
4372,4372,0.4562,0,2026-03-31T09:03:21.779066
4373,4373,0.7952,1,2026-03-31T09:03:21.779066
4374,4374,0.7636,1,2026-03-31T09:03:21.779066
4375,4375,0.7665,1,2026-03-31T09:03:21.779066
4376,4376,0.8028,1,2026-03-31T09:03:21.779066
4377,4377,0.5128,1,2026-03-31T09:03:21.779066
4378,4378,0.6247,1,2026-03-31T09:03:21.779066
4379,4379,0.6297,1,2026-03-31T09:03:21.779066
4380,4380,0.9133,1,2026-03-31T09:03:21.779066
4381,4381,0.6673,1,2026-03-31T09:03:21.779066
4382,4382,0.6956,1,2026-03-31T09:03:21.779066
4383,4383,0.3233,0,2026-03-31T09:03:21.779066
4384,4384,0.3631,0,2026-03-31T09:03:21.779066
4385,4385,0.5106,1,2026-03-31T09:03:21.779066
4386,4386,0.43,0,2026-03-31T09:03:21.779066
4387,4387,0.7675,1,2026-03-31T09:03:21.779066
4388,4388,0.904,1,2026-03-31T09:03:21.779066
4389,4389,0.6641,1,2026-03-31T09:03:21.779066
4390,4390,0.7442,1,2026-03-31T09:03:21.779066
4391,4391,0.8279,1,2026-03-31T09:03:21.779066
4392,4392,0.7077,1,2026-03-31T09:03:21.779066
4393,4393,0.63,1,2026-03-31T09:03:21.779066
4394,4394,0.707,1,2026-03-31T09:03:21.779066
4395,4395,0.6503,1,2026-03-31T09:03:21.779066
4396,4396,0.3721,0,2026-03-31T09:03:21.779066
4397,4397,0.697,1,2026-03-31T09:03:21.779066
4398,4398,0.3074,0,2026-03-31T09:03:21.779066
4399,4399,0.751,1,2026-03-31T09:03:21.779066
4400,4400,0.1653,0,2026-03-31T09:03:21.779066
4401,4401,0.5162,1,2026-03-31T09:03:21.779066
4402,4402,0.6902,1,2026-03-31T09:03:21.779066
4403,4403,0.5494,1,2026-03-31T09:03:21.779066
4404,4404,0.8948,1,2026-03-31T09:03:21.779066
4405,4405,0.3974,0,2026-03-31T09:03:21.779066
4406,4406,0.3622,0,2026-03-31T09:03:21.779066
4407,4407,0.4331,0,2026-03-31T09:03:21.779066
4408,4408,0.5836,1,2026-03-31T09:03:21.779066
4409,4409,0.6135,1,2026-03-31T09:03:21.779066
4410,4410,0.4364,0,2026-03-31T09:03:21.779066
4411,4411,0.451,0,2026-03-31T09:03:21.779066
4412,4412,0.8416,1,2026-03-31T09:03:21.779066
4413,4413,0.2837,0,2026-03-31T09:03:21.779066
4414,4414,0.2315,0,2026-03-31T09:03:21.779066
4415,4415,0.2818,0,2026-03-31T09:03:21.779066
4416,4416,0.2549,0,2026-03-31T09:03:21.779066
4417,4417,0.43,0,2026-03-31T09:03:21.779066
4418,4418,0.8576,1,2026-03-31T09:03:21.779066
4419,4419,0.5489,1,2026-03-31T09:03:21.779066
4420,4420,0.717,1,2026-03-31T09:03:21.779066
4421,4421,0.5613,1,2026-03-31T09:03:21.779066
4422,4422,0.5733,1,2026-03-31T09:03:21.779066
4423,4423,0.5355,1,2026-03-31T09:03:21.779066
4424,4424,0.6814,1,2026-03-31T09:03:21.779066
4425,4425,0.5135,1,2026-03-31T09:03:21.779066
4426,4426,0.6325,1,2026-03-31T09:03:21.779066
4427,4427,0.7325,1,2026-03-31T09:03:21.779066
4428,4428,0.5566,1,2026-03-31T09:03:21.779066
4429,4429,0.5809,1,2026-03-31T09:03:21.779066
4430,4430,0.4981,0,2026-03-31T09:03:21.779066
4431,4431,0.7855,1,2026-03-31T09:03:21.779066
4432,4432,0.8832,1,2026-03-31T09:03:21.779066
4433,4433,0.6831,1,2026-03-31T09:03:21.779066
4434,4434,0.6659,1,2026-03-31T09:03:21.779066
4435,4435,0.5619,1,2026-03-31T09:03:21.779066
4436,4436,0.2813,0,2026-03-31T09:03:21.779066
4437,4437,0.3663,0,2026-03-31T09:03:21.779066
4438,4438,0.206,0,2026-03-31T09:03:21.779066
4439,4439,0.1513,0,2026-03-31T09:03:21.779066
4440,4440,0.7827,1,2026-03-31T09:03:21.779066
4441,4441,0.7147,1,2026-03-31T09:03:21.779066
4442,4442,0.7832,1,2026-03-31T09:03:21.779066
4443,4443,0.4301,0,2026-03-31T09:03:21.779066
4444,4444,0.4494,0,2026-03-31T09:03:21.779066
4445,4445,0.6457,1,2026-03-31T09:03:21.779066
4446,4446,0.6467,1,2026-03-31T09:03:21.779066
4447,4447,0.7231,1,2026-03-31T09:03:21.779066
4448,4448,0.3915,0,2026-03-31T09:03:21.779066
4449,4449,0.5362,1,2026-03-31T09:03:21.779066
4450,4450,0.6969,1,2026-03-31T09:03:21.779066
4451,4451,0.3447,0,2026-03-31T09:03:21.779066
4452,4452,0.2785,0,2026-03-31T09:03:21.779066
4453,4453,0.707,1,2026-03-31T09:03:21.779066
4454,4454,0.7668,1,2026-03-31T09:03:21.779066
4455,4455,0.3204,0,2026-03-31T09:03:21.779066
4456,4456,0.4884,0,2026-03-31T09:03:21.779066
4457,4457,0.2355,0,2026-03-31T09:03:21.779066
4458,4458,0.4502,0,2026-03-31T09:03:21.779066
4459,4459,0.4776,0,2026-03-31T09:03:21.779066
4460,4460,0.8124,1,2026-03-31T09:03:21.779066
4461,4461,0.3065,0,2026-03-31T09:03:21.779066
4462,4462,0.1833,0,2026-03-31T09:03:21.779066
4463,4463,0.216,0,2026-03-31T09:03:21.779066
4464,4464,0.4336,0,2026-03-31T09:03:21.779066
4465,4465,0.3413,0,2026-03-31T09:03:21.779066
4466,4466,0.2003,0,2026-03-31T09:03:21.779066
4467,4467,0.7941,1,2026-03-31T09:03:21.779066
4468,4468,0.2695,0,2026-03-31T09:03:21.779066
4469,4469,0.7446,1,2026-03-31T09:03:21.779066
4470,4470,0.6094,1,2026-03-31T09:03:21.779066
4471,4471,0.2498,0,2026-03-31T09:03:21.779066
4472,4472,0.2149,0,2026-03-31T09:03:21.779066
4473,4473,0.4254,0,2026-03-31T09:03:21.779066
4474,4474,0.1891,0,2026-03-31T09:03:21.779066
4475,4475,0.6014,1,2026-03-31T09:03:21.779066
4476,4476,0.4057,0,2026-03-31T09:03:21.779066
4477,4477,0.1878,0,2026-03-31T09:03:21.779066
4478,4478,0.5426,1,2026-03-31T09:03:21.779066
4479,4479,0.7466,1,2026-03-31T09:03:21.779066
4480,4480,0.8051,1,2026-03-31T09:03:21.779066
4481,4481,0.8148,1,2026-03-31T09:03:21.779066
4482,4482,0.6406,1,2026-03-31T09:03:21.779066
4483,4483,0.8559,1,2026-03-31T09:03:21.779066
4484,4484,0.5072,1,2026-03-31T09:03:21.779066
4485,4485,0.7325,1,2026-03-31T09:03:21.779066
4486,4486,0.4472,0,2026-03-31T09:03:21.779066
4487,4487,0.6657,1,2026-03-31T09:03:21.779066
4488,4488,0.6521,1,2026-03-31T09:03:21.779066
4489,4489,0.7687,1,2026-03-31T09:03:21.779066
4490,4490,0.4472,0,2026-03-31T09:03:21.779066
4491,4491,0.4592,0,2026-03-31T09:03:21.779066
4492,4492,0.3169,0,2026-03-31T09:03:21.779066
4493,4493,0.8003,1,2026-03-31T09:03:21.779066
4494,4494,0.2572,0,2026-03-31T09:03:21.779066
4495,4495,0.7672,1,2026-03-31T09:03:21.779066
4496,4496,0.729,1,2026-03-31T09:03:21.779066
4497,4497,0.4011,0,2026-03-31T09:03:21.779066
4498,4498,0.3766,0,2026-03-31T09:03:21.779066
4499,4499,0.5417,1,2026-03-31T09:03:21.779066
4500,4500,0.6148,1,2026-03-31T09:03:21.779066
4501,4501,0.3834,0,2026-03-31T09:03:21.779066
4502,4502,0.7904,1,2026-03-31T09:03:21.779066
4503,4503,0.3256,0,2026-03-31T09:03:21.779066
4504,4504,0.8181,1,2026-03-31T09:03:21.779066
4505,4505,0.9225,1,2026-03-31T09:03:21.779066
4506,4506,0.5677,1,2026-03-31T09:03:21.779066
4507,4507,0.5182,1,2026-03-31T09:03:21.779066
4508,4508,0.5483,1,2026-03-31T09:03:21.779066
4509,4509,0.4681,0,2026-03-31T09:03:21.779066
4510,4510,0.7794,1,2026-03-31T09:03:21.779066
4511,4511,0.4163,0,2026-03-31T09:03:21.779066
4512,4512,0.7085,1,2026-03-31T09:03:21.779066
4513,4513,0.8192,1,2026-03-31T09:03:21.779066
4514,4514,0.8245,1,2026-03-31T09:03:21.779066
4515,4515,0.4737,0,2026-03-31T09:03:21.779066
4516,4516,0.8382,1,2026-03-31T09:03:21.779066
4517,4517,0.8405,1,2026-03-31T09:03:21.779066
4518,4518,0.8499,1,2026-03-31T09:03:21.779066
4519,4519,0.5476,1,2026-03-31T09:03:21.779066
4520,4520,0.9068,1,2026-03-31T09:03:21.779066
4521,4521,0.6315,1,2026-03-31T09:03:21.779066
4522,4522,0.6151,1,2026-03-31T09:03:21.779066
4523,4523,0.2621,0,2026-03-31T09:03:21.779066
4524,4524,0.7127,1,2026-03-31T09:03:21.779066
4525,4525,0.1914,0,2026-03-31T09:03:21.779066
4526,4526,0.5979,1,2026-03-31T09:03:21.779066
4527,4527,0.2555,0,2026-03-31T09:03:21.779066
4528,4528,0.4202,0,2026-03-31T09:03:21.779066
4529,4529,0.2658,0,2026-03-31T09:03:21.779066
4530,4530,0.253,0,2026-03-31T09:03:21.779066
4531,4531,0.8559,1,2026-03-31T09:03:21.779066
4532,4532,0.2657,0,2026-03-31T09:03:21.779066
4533,4533,0.8073,1,2026-03-31T09:03:21.779066
4534,4534,0.7954,1,2026-03-31T09:03:21.779066
4535,4535,0.6724,1,2026-03-31T09:03:21.779066
4536,4536,0.3928,0,2026-03-31T09:03:21.779066
4537,4537,0.7977,1,2026-03-31T09:03:21.779066
4538,4538,0.7437,1,2026-03-31T09:03:21.779066
4539,4539,0.6463,1,2026-03-31T09:03:21.779066
4540,4540,0.7449,1,2026-03-31T09:03:21.779066
4541,4541,0.6168,1,2026-03-31T09:03:21.779066
4542,4542,0.5916,1,2026-03-31T09:03:21.779066
4543,4543,0.1644,0,2026-03-31T09:03:21.779066
4544,4544,0.8114,1,2026-03-31T09:03:21.779066
4545,4545,0.7786,1,2026-03-31T09:03:21.779066
4546,4546,0.5258,1,2026-03-31T09:03:21.779066
4547,4547,0.391,0,2026-03-31T09:03:21.779066
4548,4548,0.8058,1,2026-03-31T09:03:21.779066
4549,4549,0.5201,1,2026-03-31T09:03:21.779066
4550,4550,0.4402,0,2026-03-31T09:03:21.779066
4551,4551,0.534,1,2026-03-31T09:03:21.779066
4552,4552,0.5447,1,2026-03-31T09:03:21.779066
4553,4553,0.5589,1,2026-03-31T09:03:21.779066
4554,4554,0.5396,1,2026-03-31T09:03:21.779066
4555,4555,0.5032,1,2026-03-31T09:03:21.779066
4556,4556,0.7942,1,2026-03-31T09:03:21.779066
4557,4557,0.8825,1,2026-03-31T09:03:21.779066
4558,4558,0.2833,0,2026-03-31T09:03:21.779066
4559,4559,0.3102,0,2026-03-31T09:03:21.779066
4560,4560,0.5343,1,2026-03-31T09:03:21.779066
4561,4561,0.463,0,2026-03-31T09:03:21.779066
4562,4562,0.5199,1,2026-03-31T09:03:21.779066
4563,4563,0.7268,1,2026-03-31T09:03:21.779066
4564,4564,0.5537,1,2026-03-31T09:03:21.779066
4565,4565,0.7181,1,2026-03-31T09:03:21.779066
4566,4566,0.4523,0,2026-03-31T09:03:21.779066
4567,4567,0.8397,1,2026-03-31T09:03:21.779066
4568,4568,0.7007,1,2026-03-31T09:03:21.779066
4569,4569,0.8241,1,2026-03-31T09:03:21.779066
4570,4570,0.7889,1,2026-03-31T09:03:21.779066
4571,4571,0.853,1,2026-03-31T09:03:21.779066
4572,4572,0.541,1,2026-03-31T09:03:21.779066
4573,4573,0.4412,0,2026-03-31T09:03:21.779066
4574,4574,0.8646,1,2026-03-31T09:03:21.779066
4575,4575,0.8585,1,2026-03-31T09:03:21.779066
4576,4576,0.8153,1,2026-03-31T09:03:21.779066
4577,4577,0.7901,1,2026-03-31T09:03:21.779066
4578,4578,0.4053,0,2026-03-31T09:03:21.779066
4579,4579,0.7227,1,2026-03-31T09:03:21.779066
4580,4580,0.6013,1,2026-03-31T09:03:21.779066
4581,4581,0.4877,0,2026-03-31T09:03:21.779066
4582,4582,0.9095,1,2026-03-31T09:03:21.779066
4583,4583,0.5194,1,2026-03-31T09:03:21.779066
4584,4584,0.7215,1,2026-03-31T09:03:21.779066
4585,4585,0.3575,0,2026-03-31T09:03:21.779066
4586,4586,0.3962,0,2026-03-31T09:03:21.779066
4587,4587,0.4538,0,2026-03-31T09:03:21.779066
4588,4588,0.7675,1,2026-03-31T09:03:21.779066
4589,4589,0.8092,1,2026-03-31T09:03:21.779066
4590,4590,0.4509,0,2026-03-31T09:03:21.779066
4591,4591,0.283,0,2026-03-31T09:03:21.779066
4592,4592,0.5895,1,2026-03-31T09:03:21.779066
4593,4593,0.3151,0,2026-03-31T09:03:21.779066
4594,4594,0.6766,1,2026-03-31T09:03:21.779066
4595,4595,0.7276,1,2026-03-31T09:03:21.779066
4596,4596,0.5722,1,2026-03-31T09:03:21.779066
4597,4597,0.6251,1,2026-03-31T09:03:21.779066
4598,4598,0.3461,0,2026-03-31T09:03:21.779066
4599,4599,0.4516,0,2026-03-31T09:03:21.779066
4600,4600,0.7718,1,2026-03-31T09:03:21.779066
4601,4601,0.6865,1,2026-03-31T09:03:21.779066
4602,4602,0.7681,1,2026-03-31T09:03:21.779066
4603,4603,0.8268,1,2026-03-31T09:03:21.779066
4604,4604,0.6144,1,2026-03-31T09:03:21.779066
4605,4605,0.6941,1,2026-03-31T09:03:21.779066
4606,4606,0.7852,1,2026-03-31T09:03:21.779066
4607,4607,0.611,1,2026-03-31T09:03:21.779066
4608,4608,0.4672,0,2026-03-31T09:03:21.779066
4609,4609,0.7759,1,2026-03-31T09:03:21.779066
4610,4610,0.7456,1,2026-03-31T09:03:21.779066
4611,4611,0.7414,1,2026-03-31T09:03:21.779066
4612,4612,0.9054,1,2026-03-31T09:03:21.779066
4613,4613,0.9034,1,2026-03-31T09:03:21.779066
4614,4614,0.5557,1,2026-03-31T09:03:21.779066
4615,4615,0.4097,0,2026-03-31T09:03:21.779066
4616,4616,0.6417,1,2026-03-31T09:03:21.779066
4617,4617,0.4425,0,2026-03-31T09:03:21.779066
4618,4618,0.637,1,2026-03-31T09:03:21.779066
4619,4619,0.5437,1,2026-03-31T09:03:21.779066
4620,4620,0.3698,0,2026-03-31T09:03:21.779066
4621,4621,0.5692,1,2026-03-31T09:03:21.779066
4622,4622,0.7343,1,2026-03-31T09:03:21.779066
4623,4623,0.8442,1,2026-03-31T09:03:21.779066
4624,4624,0.2778,0,2026-03-31T09:03:21.779066
4625,4625,0.2877,0,2026-03-31T09:03:21.779066
4626,4626,0.7066,1,2026-03-31T09:03:21.779066
4627,4627,0.279,0,2026-03-31T09:03:21.779066
4628,4628,0.3036,0,2026-03-31T09:03:21.779066
4629,4629,0.4264,0,2026-03-31T09:03:21.779066
4630,4630,0.6834,1,2026-03-31T09:03:21.779066
4631,4631,0.4087,0,2026-03-31T09:03:21.779066
4632,4632,0.7257,1,2026-03-31T09:03:21.779066
4633,4633,0.6456,1,2026-03-31T09:03:21.779066
4634,4634,0.7287,1,2026-03-31T09:03:21.779066
4635,4635,0.7916,1,2026-03-31T09:03:21.779066
4636,4636,0.4034,0,2026-03-31T09:03:21.779066
4637,4637,0.6913,1,2026-03-31T09:03:21.779066
4638,4638,0.8755,1,2026-03-31T09:03:21.779066
4639,4639,0.6765,1,2026-03-31T09:03:21.779066
4640,4640,0.3206,0,2026-03-31T09:03:21.779066
4641,4641,0.8357,1,2026-03-31T09:03:21.779066
4642,4642,0.7706,1,2026-03-31T09:03:21.779066
4643,4643,0.6189,1,2026-03-31T09:03:21.779066
4644,4644,0.7848,1,2026-03-31T09:03:21.779066
4645,4645,0.4478,0,2026-03-31T09:03:21.779066
4646,4646,0.4081,0,2026-03-31T09:03:21.779066
4647,4647,0.6663,1,2026-03-31T09:03:21.779066
4648,4648,0.6493,1,2026-03-31T09:03:21.779066
4649,4649,0.6043,1,2026-03-31T09:03:21.779066
4650,4650,0.6516,1,2026-03-31T09:03:21.779066
4651,4651,0.7728,1,2026-03-31T09:03:21.779066
4652,4652,0.5693,1,2026-03-31T09:03:21.779066
4653,4653,0.6604,1,2026-03-31T09:03:21.779066
4654,4654,0.6964,1,2026-03-31T09:03:21.779066
4655,4655,0.8001,1,2026-03-31T09:03:21.779066
4656,4656,0.8853,1,2026-03-31T09:03:21.779066
4657,4657,0.6539,1,2026-03-31T09:03:21.779066
4658,4658,0.3996,0,2026-03-31T09:03:21.779066
4659,4659,0.4959,0,2026-03-31T09:03:21.779066
4660,4660,0.87,1,2026-03-31T09:03:21.779066
4661,4661,0.2603,0,2026-03-31T09:03:21.779066
4662,4662,0.3859,0,2026-03-31T09:03:21.779066
4663,4663,0.6889,1,2026-03-31T09:03:21.779066
4664,4664,0.7393,1,2026-03-31T09:03:21.779066
4665,4665,0.7397,1,2026-03-31T09:03:21.779066
4666,4666,0.8629,1,2026-03-31T09:03:21.779066
4667,4667,0.5249,1,2026-03-31T09:03:21.779066
4668,4668,0.5814,1,2026-03-31T09:03:21.779066
4669,4669,0.54,1,2026-03-31T09:03:21.779066
4670,4670,0.769,1,2026-03-31T09:03:21.779066
4671,4671,0.741,1,2026-03-31T09:03:21.779066
4672,4672,0.9127,1,2026-03-31T09:03:21.779066
4673,4673,0.7332,1,2026-03-31T09:03:21.779066
4674,4674,0.5412,1,2026-03-31T09:03:21.779066
4675,4675,0.7508,1,2026-03-31T09:03:21.779066
4676,4676,0.5755,1,2026-03-31T09:03:21.779066
4677,4677,0.2677,0,2026-03-31T09:03:21.779066
4678,4678,0.5117,1,2026-03-31T09:03:21.779066
4679,4679,0.8046,1,2026-03-31T09:03:21.779066
4680,4680,0.7658,1,2026-03-31T09:03:21.779066
4681,4681,0.3665,0,2026-03-31T09:03:21.779066
4682,4682,0.3384,0,2026-03-31T09:03:21.779066
4683,4683,0.6908,1,2026-03-31T09:03:21.779066
4684,4684,0.7247,1,2026-03-31T09:03:21.779066
4685,4685,0.6059,1,2026-03-31T09:03:21.779066
4686,4686,0.4545,0,2026-03-31T09:03:21.779066
4687,4687,0.3914,0,2026-03-31T09:03:21.779066
4688,4688,0.5597,1,2026-03-31T09:03:21.779066
4689,4689,0.613,1,2026-03-31T09:03:21.779066
4690,4690,0.5635,1,2026-03-31T09:03:21.779066
4691,4691,0.8403,1,2026-03-31T09:03:21.779066
4692,4692,0.7598,1,2026-03-31T09:03:21.779066
4693,4693,0.6948,1,2026-03-31T09:03:21.779066
4694,4694,0.6063,1,2026-03-31T09:03:21.779066
4695,4695,0.7417,1,2026-03-31T09:03:21.779066
4696,4696,0.573,1,2026-03-31T09:03:21.779066
4697,4697,0.776,1,2026-03-31T09:03:21.779066
4698,4698,0.8723,1,2026-03-31T09:03:21.779066
4699,4699,0.479,0,2026-03-31T09:03:21.779066
4700,4700,0.5335,1,2026-03-31T09:03:21.779066
4701,4701,0.5332,1,2026-03-31T09:03:21.779066
4702,4702,0.6304,1,2026-03-31T09:03:21.779066
4703,4703,0.6141,1,2026-03-31T09:03:21.779066
4704,4704,0.4652,0,2026-03-31T09:03:21.779066
4705,4705,0.5214,1,2026-03-31T09:03:21.779066
4706,4706,0.7943,1,2026-03-31T09:03:21.779066
4707,4707,0.3308,0,2026-03-31T09:03:21.779066
4708,4708,0.6969,1,2026-03-31T09:03:21.779066
4709,4709,0.5213,1,2026-03-31T09:03:21.779066
4710,4710,0.7963,1,2026-03-31T09:03:21.779066
4711,4711,0.4969,0,2026-03-31T09:03:21.779066
4712,4712,0.5489,1,2026-03-31T09:03:21.779066
4713,4713,0.7935,1,2026-03-31T09:03:21.779066
4714,4714,0.549,1,2026-03-31T09:03:21.779066
4715,4715,0.5474,1,2026-03-31T09:03:21.779066
4716,4716,0.4374,0,2026-03-31T09:03:21.779066
4717,4717,0.6715,1,2026-03-31T09:03:21.779066
4718,4718,0.6672,1,2026-03-31T09:03:21.779066
4719,4719,0.8423,1,2026-03-31T09:03:21.779066
4720,4720,0.2282,0,2026-03-31T09:03:21.779066
4721,4721,0.5006,1,2026-03-31T09:03:21.779066
4722,4722,0.8487,1,2026-03-31T09:03:21.779066
4723,4723,0.4447,0,2026-03-31T09:03:21.779066
4724,4724,0.3674,0,2026-03-31T09:03:21.779066
4725,4725,0.7704,1,2026-03-31T09:03:21.779066
4726,4726,0.5106,1,2026-03-31T09:03:21.779066
4727,4727,0.4497,0,2026-03-31T09:03:21.779066
4728,4728,0.2318,0,2026-03-31T09:03:21.779066
4729,4729,0.3866,0,2026-03-31T09:03:21.779066
4730,4730,0.7481,1,2026-03-31T09:03:21.779066
4731,4731,0.5321,1,2026-03-31T09:03:21.779066
4732,4732,0.4652,0,2026-03-31T09:03:21.779066
4733,4733,0.8386,1,2026-03-31T09:03:21.779066
4734,4734,0.4832,0,2026-03-31T09:03:21.779066
4735,4735,0.3077,0,2026-03-31T09:03:21.779066
4736,4736,0.6607,1,2026-03-31T09:03:21.779066
4737,4737,0.8571,1,2026-03-31T09:03:21.779066
4738,4738,0.6822,1,2026-03-31T09:03:21.779066
4739,4739,0.5895,1,2026-03-31T09:03:21.779066
4740,4740,0.723,1,2026-03-31T09:03:21.779066
4741,4741,0.7734,1,2026-03-31T09:03:21.779066
4742,4742,0.706,1,2026-03-31T09:03:21.779066
4743,4743,0.3891,0,2026-03-31T09:03:21.779066
4744,4744,0.6383,1,2026-03-31T09:03:21.779066
4745,4745,0.7205,1,2026-03-31T09:03:21.779066
4746,4746,0.6789,1,2026-03-31T09:03:21.779066
4747,4747,0.5243,1,2026-03-31T09:03:21.779066
4748,4748,0.8752,1,2026-03-31T09:03:21.779066
4749,4749,0.8947,1,2026-03-31T09:03:21.779066
4750,4750,0.2735,0,2026-03-31T09:03:21.779066
4751,4751,0.4076,0,2026-03-31T09:03:21.779066
4752,4752,0.4358,0,2026-03-31T09:03:21.779066
4753,4753,0.3735,0,2026-03-31T09:03:21.779066
4754,4754,0.5343,1,2026-03-31T09:03:21.779066
4755,4755,0.4181,0,2026-03-31T09:03:21.779066
4756,4756,0.7968,1,2026-03-31T09:03:21.779066
4757,4757,0.5862,1,2026-03-31T09:03:21.779066
4758,4758,0.637,1,2026-03-31T09:03:21.779066
4759,4759,0.5521,1,2026-03-31T09:03:21.779066
4760,4760,0.7335,1,2026-03-31T09:03:21.779066
4761,4761,0.4409,0,2026-03-31T09:03:21.779066
4762,4762,0.8549,1,2026-03-31T09:03:21.779066
4763,4763,0.5808,1,2026-03-31T09:03:21.779066
4764,4764,0.4797,0,2026-03-31T09:03:21.779066
4765,4765,0.3566,0,2026-03-31T09:03:21.779066
4766,4766,0.6226,1,2026-03-31T09:03:21.779066
4767,4767,0.5058,1,2026-03-31T09:03:21.779066
4768,4768,0.4026,0,2026-03-31T09:03:21.779066
4769,4769,0.8407,1,2026-03-31T09:03:21.779066
4770,4770,0.3169,0,2026-03-31T09:03:21.779066
4771,4771,0.5592,1,2026-03-31T09:03:21.779066
4772,4772,0.6057,1,2026-03-31T09:03:21.779066
4773,4773,0.3526,0,2026-03-31T09:03:21.779066
4774,4774,0.1709,0,2026-03-31T09:03:21.779066
4775,4775,0.913,1,2026-03-31T09:03:21.779066
4776,4776,0.251,0,2026-03-31T09:03:21.779066
4777,4777,0.4245,0,2026-03-31T09:03:21.779066
4778,4778,0.6288,1,2026-03-31T09:03:21.779066
4779,4779,0.5477,1,2026-03-31T09:03:21.779066
4780,4780,0.8488,1,2026-03-31T09:03:21.779066
4781,4781,0.6983,1,2026-03-31T09:03:21.779066
4782,4782,0.8513,1,2026-03-31T09:03:21.779066
4783,4783,0.6885,1,2026-03-31T09:03:21.779066
4784,4784,0.6012,1,2026-03-31T09:03:21.779066
4785,4785,0.7196,1,2026-03-31T09:03:21.779066
4786,4786,0.8633,1,2026-03-31T09:03:21.779066
4787,4787,0.4278,0,2026-03-31T09:03:21.779066
4788,4788,0.7697,1,2026-03-31T09:03:21.779066
4789,4789,0.4739,0,2026-03-31T09:03:21.779066
4790,4790,0.3183,0,2026-03-31T09:03:21.779066
4791,4791,0.4026,0,2026-03-31T09:03:21.779066
4792,4792,0.2582,0,2026-03-31T09:03:21.779066
4793,4793,0.1834,0,2026-03-31T09:03:21.779066
4794,4794,0.8598,1,2026-03-31T09:03:21.779066
4795,4795,0.6336,1,2026-03-31T09:03:21.779066
4796,4796,0.5984,1,2026-03-31T09:03:21.779066
4797,4797,0.7141,1,2026-03-31T09:03:21.779066
4798,4798,0.8086,1,2026-03-31T09:03:21.779066
4799,4799,0.5925,1,2026-03-31T09:03:21.779066
4800,4800,0.8383,1,2026-03-31T09:03:21.779066
4801,4801,0.6309,1,2026-03-31T09:03:21.779066
4802,4802,0.5416,1,2026-03-31T09:03:21.779066
4803,4803,0.3382,0,2026-03-31T09:03:21.779066
4804,4804,0.5964,1,2026-03-31T09:03:21.779066
4805,4805,0.7939,1,2026-03-31T09:03:21.779066
4806,4806,0.347,0,2026-03-31T09:03:21.779066
4807,4807,0.7472,1,2026-03-31T09:03:21.779066
4808,4808,0.4317,0,2026-03-31T09:03:21.779066
4809,4809,0.6751,1,2026-03-31T09:03:21.779066
4810,4810,0.3288,0,2026-03-31T09:03:21.779066
4811,4811,0.3484,0,2026-03-31T09:03:21.779066
4812,4812,0.6271,1,2026-03-31T09:03:21.779066
4813,4813,0.7946,1,2026-03-31T09:03:21.779066
4814,4814,0.8712,1,2026-03-31T09:03:21.779066
4815,4815,0.5896,1,2026-03-31T09:03:21.779066
4816,4816,0.6196,1,2026-03-31T09:03:21.779066
4817,4817,0.5851,1,2026-03-31T09:03:21.779066
4818,4818,0.8507,1,2026-03-31T09:03:21.779066
4819,4819,0.3264,0,2026-03-31T09:03:21.779066
4820,4820,0.8036,1,2026-03-31T09:03:21.779066
4821,4821,0.9283,1,2026-03-31T09:03:21.779066
4822,4822,0.5542,1,2026-03-31T09:03:21.779066
4823,4823,0.6982,1,2026-03-31T09:03:21.779066
4824,4824,0.7071,1,2026-03-31T09:03:21.779066
4825,4825,0.6439,1,2026-03-31T09:03:21.779066
4826,4826,0.812,1,2026-03-31T09:03:21.779066
4827,4827,0.7243,1,2026-03-31T09:03:21.779066
4828,4828,0.8145,1,2026-03-31T09:03:21.779066
4829,4829,0.2317,0,2026-03-31T09:03:21.779066
4830,4830,0.4138,0,2026-03-31T09:03:21.779066
4831,4831,0.6309,1,2026-03-31T09:03:21.779066
4832,4832,0.7642,1,2026-03-31T09:03:21.779066
4833,4833,0.3594,0,2026-03-31T09:03:21.779066
4834,4834,0.4069,0,2026-03-31T09:03:21.779066
4835,4835,0.7529,1,2026-03-31T09:03:21.779066
4836,4836,0.3351,0,2026-03-31T09:03:21.779066
4837,4837,0.3474,0,2026-03-31T09:03:21.779066
4838,4838,0.4612,0,2026-03-31T09:03:21.779066
4839,4839,0.2605,0,2026-03-31T09:03:21.779066
4840,4840,0.2227,0,2026-03-31T09:03:21.779066
4841,4841,0.2302,0,2026-03-31T09:03:21.779066
4842,4842,0.3585,0,2026-03-31T09:03:21.779066
4843,4843,0.6912,1,2026-03-31T09:03:21.779066
4844,4844,0.6918,1,2026-03-31T09:03:21.779066
4845,4845,0.6324,1,2026-03-31T09:03:21.779066
4846,4846,0.5531,1,2026-03-31T09:03:21.779066
4847,4847,0.2161,0,2026-03-31T09:03:21.779066
4848,4848,0.1774,0,2026-03-31T09:03:21.779066
4849,4849,0.5424,1,2026-03-31T09:03:21.779066
4850,4850,0.6652,1,2026-03-31T09:03:21.779066
4851,4851,0.2797,0,2026-03-31T09:03:21.779066
4852,4852,0.3489,0,2026-03-31T09:03:21.779066
4853,4853,0.4536,0,2026-03-31T09:03:21.779066
4854,4854,0.8183,1,2026-03-31T09:03:21.779066
4855,4855,0.2192,0,2026-03-31T09:03:21.779066
4856,4856,0.3306,0,2026-03-31T09:03:21.779066
4857,4857,0.7751,1,2026-03-31T09:03:21.779066
4858,4858,0.9063,1,2026-03-31T09:03:21.779066
4859,4859,0.7092,1,2026-03-31T09:03:21.779066
4860,4860,0.722,1,2026-03-31T09:03:21.779066
4861,4861,0.6279,1,2026-03-31T09:03:21.779066
4862,4862,0.7387,1,2026-03-31T09:03:21.779066
4863,4863,0.8878,1,2026-03-31T09:03:21.779066
4864,4864,0.8705,1,2026-03-31T09:03:21.779066
4865,4865,0.3165,0,2026-03-31T09:03:21.779066
4866,4866,0.7377,1,2026-03-31T09:03:21.779066
4867,4867,0.6256,1,2026-03-31T09:03:21.779066
4868,4868,0.7814,1,2026-03-31T09:03:21.779066
4869,4869,0.4379,0,2026-03-31T09:03:21.779066
4870,4870,0.5708,1,2026-03-31T09:03:21.779066
4871,4871,0.4454,0,2026-03-31T09:03:21.779066
4872,4872,0.6716,1,2026-03-31T09:03:21.779066
4873,4873,0.5022,1,2026-03-31T09:03:21.779066
4874,4874,0.7238,1,2026-03-31T09:03:21.779066
4875,4875,0.5546,1,2026-03-31T09:03:21.779066
4876,4876,0.6036,1,2026-03-31T09:03:21.779066
4877,4877,0.3736,0,2026-03-31T09:03:21.779066
4878,4878,0.8864,1,2026-03-31T09:03:21.779066
4879,4879,0.6206,1,2026-03-31T09:03:21.779066
4880,4880,0.8836,1,2026-03-31T09:03:21.779066
4881,4881,0.411,0,2026-03-31T09:03:21.779066
4882,4882,0.5243,1,2026-03-31T09:03:21.779066
4883,4883,0.6275,1,2026-03-31T09:03:21.779066
4884,4884,0.4618,0,2026-03-31T09:03:21.779066
4885,4885,0.5155,1,2026-03-31T09:03:21.779066
4886,4886,0.5152,1,2026-03-31T09:03:21.779066
4887,4887,0.3999,0,2026-03-31T09:03:21.779066
4888,4888,0.6777,1,2026-03-31T09:03:21.779066
4889,4889,0.5621,1,2026-03-31T09:03:21.779066
4890,4890,0.3644,0,2026-03-31T09:03:21.779066
4891,4891,0.7537,1,2026-03-31T09:03:21.779066
4892,4892,0.4028,0,2026-03-31T09:03:21.779066
4893,4893,0.1966,0,2026-03-31T09:03:21.779066
4894,4894,0.396,0,2026-03-31T09:03:21.779066
4895,4895,0.7673,1,2026-03-31T09:03:21.779066
4896,4896,0.6162,1,2026-03-31T09:03:21.779066
4897,4897,0.8911,1,2026-03-31T09:03:21.779066
4898,4898,0.6876,1,2026-03-31T09:03:21.779066
4899,4899,0.4465,0,2026-03-31T09:03:21.779066
4900,4900,0.5577,1,2026-03-31T09:03:21.779066
4901,4901,0.7112,1,2026-03-31T09:03:21.779066
4902,4902,0.7668,1,2026-03-31T09:03:21.779066
4903,4903,0.689,1,2026-03-31T09:03:21.779066
4904,4904,0.2336,0,2026-03-31T09:03:21.779066
4905,4905,0.5264,1,2026-03-31T09:03:21.779066
4906,4906,0.8167,1,2026-03-31T09:03:21.779066
4907,4907,0.3969,0,2026-03-31T09:03:21.779066
4908,4908,0.3451,0,2026-03-31T09:03:21.779066
4909,4909,0.6949,1,2026-03-31T09:03:21.779066
4910,4910,0.6143,1,2026-03-31T09:03:21.779066
4911,4911,0.8557,1,2026-03-31T09:03:21.779066
4912,4912,0.6544,1,2026-03-31T09:03:21.779066
4913,4913,0.7591,1,2026-03-31T09:03:21.779066
4914,4914,0.7442,1,2026-03-31T09:03:21.779066
4915,4915,0.5901,1,2026-03-31T09:03:21.779066
4916,4916,0.5802,1,2026-03-31T09:03:21.779066
4917,4917,0.559,1,2026-03-31T09:03:21.779066
4918,4918,0.6323,1,2026-03-31T09:03:21.779066
4919,4919,0.9611,1,2026-03-31T09:03:21.779066
4920,4920,0.4103,0,2026-03-31T09:03:21.779066
4921,4921,0.332,0,2026-03-31T09:03:21.779066
4922,4922,0.8377,1,2026-03-31T09:03:21.779066
4923,4923,0.3431,0,2026-03-31T09:03:21.779066
4924,4924,0.4632,0,2026-03-31T09:03:21.779066
4925,4925,0.816,1,2026-03-31T09:03:21.779066
4926,4926,0.6199,1,2026-03-31T09:03:21.779066
4927,4927,0.6337,1,2026-03-31T09:03:21.779066
4928,4928,0.2539,0,2026-03-31T09:03:21.779066
4929,4929,0.602,1,2026-03-31T09:03:21.779066
4930,4930,0.4839,0,2026-03-31T09:03:21.779066
4931,4931,0.5096,1,2026-03-31T09:03:21.779066
4932,4932,0.3212,0,2026-03-31T09:03:21.779066
4933,4933,0.2879,0,2026-03-31T09:03:21.779066
4934,4934,0.7751,1,2026-03-31T09:03:21.779066
4935,4935,0.5412,1,2026-03-31T09:03:21.779066
4936,4936,0.7544,1,2026-03-31T09:03:21.779066
4937,4937,0.5425,1,2026-03-31T09:03:21.779066
4938,4938,0.5226,1,2026-03-31T09:03:21.779066
4939,4939,0.3208,0,2026-03-31T09:03:21.779066
4940,4940,0.7868,1,2026-03-31T09:03:21.779066
4941,4941,0.6092,1,2026-03-31T09:03:21.779066
4942,4942,0.4824,0,2026-03-31T09:03:21.779066
4943,4943,0.6855,1,2026-03-31T09:03:21.779066
4944,4944,0.7006,1,2026-03-31T09:03:21.779066
4945,4945,0.7629,1,2026-03-31T09:03:21.779066
4946,4946,0.248,0,2026-03-31T09:03:21.779066
4947,4947,0.4407,0,2026-03-31T09:03:21.779066
4948,4948,0.7249,1,2026-03-31T09:03:21.779066
4949,4949,0.8824,1,2026-03-31T09:03:21.779066
4950,4950,0.2028,0,2026-03-31T09:03:21.779066
4951,4951,0.7893,1,2026-03-31T09:03:21.779066
4952,4952,0.3952,0,2026-03-31T09:03:21.779066
4953,4953,0.4834,0,2026-03-31T09:03:21.779066
4954,4954,0.5364,1,2026-03-31T09:03:21.779066
4955,4955,0.2907,0,2026-03-31T09:03:21.779066
4956,4956,0.6677,1,2026-03-31T09:03:21.779066
4957,4957,0.2587,0,2026-03-31T09:03:21.779066
4958,4958,0.503,1,2026-03-31T09:03:21.779066
4959,4959,0.5817,1,2026-03-31T09:03:21.779066
4960,4960,0.472,0,2026-03-31T09:03:21.779066
4961,4961,0.6332,1,2026-03-31T09:03:21.779066
4962,4962,0.5112,1,2026-03-31T09:03:21.779066
4963,4963,0.8652,1,2026-03-31T09:03:21.779066
4964,4964,0.7526,1,2026-03-31T09:03:21.779066
4965,4965,0.638,1,2026-03-31T09:03:21.779066
4966,4966,0.2888,0,2026-03-31T09:03:21.779066
4967,4967,0.5765,1,2026-03-31T09:03:21.779066
4968,4968,0.3632,0,2026-03-31T09:03:21.779066
4969,4969,0.803,1,2026-03-31T09:03:21.779066
4970,4970,0.8427,1,2026-03-31T09:03:21.779066
4971,4971,0.7811,1,2026-03-31T09:03:21.779066
4972,4972,0.6022,1,2026-03-31T09:03:21.779066
4973,4973,0.7185,1,2026-03-31T09:03:21.779066
4974,4974,0.4184,0,2026-03-31T09:03:21.779066
4975,4975,0.5414,1,2026-03-31T09:03:21.779066
4976,4976,0.6154,1,2026-03-31T09:03:21.779066
4977,4977,0.2118,0,2026-03-31T09:03:21.779066
4978,4978,0.5384,1,2026-03-31T09:03:21.779066
4979,4979,0.387,0,2026-03-31T09:03:21.779066
4980,4980,0.4719,0,2026-03-31T09:03:21.779066
4981,4981,0.7979,1,2026-03-31T09:03:21.779066
4982,4982,0.7236,1,2026-03-31T09:03:21.779066
4983,4983,0.469,0,2026-03-31T09:03:21.779066
4984,4984,0.7245,1,2026-03-31T09:03:21.779066
4985,4985,0.6521,1,2026-03-31T09:03:21.779066
4986,4986,0.8404,1,2026-03-31T09:03:21.779066
4987,4987,0.6165,1,2026-03-31T09:03:21.779066
4988,4988,0.823,1,2026-03-31T09:03:21.779066
4989,4989,0.5511,1,2026-03-31T09:03:21.779066
4990,4990,0.8343,1,2026-03-31T09:03:21.779066
4991,4991,0.6649,1,2026-03-31T09:03:21.779066
4992,4992,0.3309,0,2026-03-31T09:03:21.779066
4993,4993,0.6705,1,2026-03-31T09:03:21.779066
4994,4994,0.6208,1,2026-03-31T09:03:21.779066
4995,4995,0.5613,1,2026-03-31T09:03:21.779066
4996,4996,0.6512,1,2026-03-31T09:03:21.779066
4997,4997,0.4381,0,2026-03-31T09:03:21.779066
4998,4998,0.5979,1,2026-03-31T09:03:21.779066
4999,4999,0.6819,1,2026-03-31T09:03:21.779066
5000,5000,0.5455,1,2026-03-31T09:03:21.779066
