prediction_id,order_id,fraud_probability,predicted_fraud,scored_at
1,1,0.1137,0,2026-03-31T09:00:42.968246
2,2,0.3698,0,2026-03-31T09:00:42.968246
3,3,0.673,1,2026-03-31T09:00:42.968246
4,4,0.0088,0,2026-03-31T09:00:42.968246
5,5,0.0068,0,2026-03-31T09:00:42.968246
6,6,0.2166,0,2026-03-31T09:00:42.968246
7,7,0.2151,0,2026-03-31T09:00:42.968246
8,8,0.3596,0,2026-03-31T09:00:42.968246
9,9,0.0512,0,2026-03-31T09:00:42.968246
10,10,0.0214,0,2026-03-31T09:00:42.968246
11,11,0.0797,0,2026-03-31T09:00:42.968246
12,12,0.2808,0,2026-03-31T09:00:42.968246
13,13,0.1645,0,2026-03-31T09:00:42.968246
14,14,0.0285,0,2026-03-31T09:00:42.968246
15,15,0.0,0,2026-03-31T09:00:42.968246
16,16,0.4595,0,2026-03-31T09:00:42.968246
17,17,0.0053,0,2026-03-31T09:00:42.968246
18,18,0.706,1,2026-03-31T09:00:42.968246
19,19,0.0154,0,2026-03-31T09:00:42.968246
20,20,0.1899,0,2026-03-31T09:00:42.968246
21,21,0.1471,0,2026-03-31T09:00:42.968246
22,22,0.01,0,2026-03-31T09:00:42.968246
23,23,0.0534,0,2026-03-31T09:00:42.968246
24,24,0.1618,0,2026-03-31T09:00:42.968246
25,25,0.1199,0,2026-03-31T09:00:42.968246
26,26,0.0094,0,2026-03-31T09:00:42.968246
27,27,0.0031,0,2026-03-31T09:00:42.968246
28,28,0.0053,0,2026-03-31T09:00:42.968246
29,29,0.0351,0,2026-03-31T09:00:42.968246
30,30,0.3946,0,2026-03-31T09:00:42.968246
31,31,0.0011,0,2026-03-31T09:00:42.968246
32,32,0.2225,0,2026-03-31T09:00:42.968246
33,33,0.014,0,2026-03-31T09:00:42.968246
34,34,0.0,0,2026-03-31T09:00:42.968246
35,35,0.0826,0,2026-03-31T09:00:42.968246
36,36,0.0,0,2026-03-31T09:00:42.968246
37,37,0.0038,0,2026-03-31T09:00:42.968246
38,38,0.042,0,2026-03-31T09:00:42.968246
39,39,0.1276,0,2026-03-31T09:00:42.968246
40,40,0.3068,0,2026-03-31T09:00:42.968246
41,41,0.3295,0,2026-03-31T09:00:42.968246
42,42,0.1752,0,2026-03-31T09:00:42.968246
43,43,0.0364,0,2026-03-31T09:00:42.968246
44,44,0.0111,0,2026-03-31T09:00:42.968246
45,45,0.0129,0,2026-03-31T09:00:42.968246
46,46,0.005,0,2026-03-31T09:00:42.968246
47,47,0.1643,0,2026-03-31T09:00:42.968246
48,48,0.0482,0,2026-03-31T09:00:42.968246
49,49,0.3166,0,2026-03-31T09:00:42.968246
50,50,0.0866,0,2026-03-31T09:00:42.968246
51,51,0.1343,0,2026-03-31T09:00:42.968246
52,52,0.0019,0,2026-03-31T09:00:42.968246
53,53,0.0057,0,2026-03-31T09:00:42.968246
54,54,0.6368,1,2026-03-31T09:00:42.968246
55,55,0.01,0,2026-03-31T09:00:42.968246
56,56,0.0305,0,2026-03-31T09:00:42.968246
57,57,0.0593,0,2026-03-31T09:00:42.968246
58,58,0.0116,0,2026-03-31T09:00:42.968246
59,59,0.1299,0,2026-03-31T09:00:42.968246
60,60,0.3098,0,2026-03-31T09:00:42.968246
61,61,0.0424,0,2026-03-31T09:00:42.968246
62,62,0.0,0,2026-03-31T09:00:42.968246
63,63,0.6715,1,2026-03-31T09:00:42.968246
64,64,0.2631,0,2026-03-31T09:00:42.968246
65,65,0.3827,0,2026-03-31T09:00:42.968246
66,66,0.0648,0,2026-03-31T09:00:42.968246
67,67,0.4846,0,2026-03-31T09:00:42.968246
68,68,0.0043,0,2026-03-31T09:00:42.968246
69,69,0.0175,0,2026-03-31T09:00:42.968246
70,70,0.0053,0,2026-03-31T09:00:42.968246
71,71,0.0859,0,2026-03-31T09:00:42.968246
72,72,0.235,0,2026-03-31T09:00:42.968246
73,73,0.8111,1,2026-03-31T09:00:42.968246
74,74,0.5022,1,2026-03-31T09:00:42.968246
75,75,0.047,0,2026-03-31T09:00:42.968246
76,76,0.6174,1,2026-03-31T09:00:42.968246
77,77,0.2574,0,2026-03-31T09:00:42.968246
78,78,0.2566,0,2026-03-31T09:00:42.968246
79,79,0.2057,0,2026-03-31T09:00:42.968246
80,80,0.1416,0,2026-03-31T09:00:42.968246
81,81,0.3514,0,2026-03-31T09:00:42.968246
82,82,0.2321,0,2026-03-31T09:00:42.968246
83,83,0.5839,1,2026-03-31T09:00:42.968246
84,84,0.3524,0,2026-03-31T09:00:42.968246
85,85,0.1685,0,2026-03-31T09:00:42.968246
86,86,0.0574,0,2026-03-31T09:00:42.968246
87,87,0.1377,0,2026-03-31T09:00:42.968246
88,88,0.1075,0,2026-03-31T09:00:42.968246
89,89,0.5816,1,2026-03-31T09:00:42.968246
90,90,0.1535,0,2026-03-31T09:00:42.968246
91,91,0.0254,0,2026-03-31T09:00:42.968246
92,92,0.0,0,2026-03-31T09:00:42.968246
93,93,0.1441,0,2026-03-31T09:00:42.968246
94,94,0.0203,0,2026-03-31T09:00:42.968246
95,95,0.1276,0,2026-03-31T09:00:42.968246
96,96,0.2936,0,2026-03-31T09:00:42.968246
97,97,0.3033,0,2026-03-31T09:00:42.968246
98,98,0.0505,0,2026-03-31T09:00:42.968246
99,99,0.3546,0,2026-03-31T09:00:42.968246
100,100,0.6606,1,2026-03-31T09:00:42.968246
101,101,0.01,0,2026-03-31T09:00:42.968246
102,102,0.053,0,2026-03-31T09:00:42.968246
103,103,0.4941,0,2026-03-31T09:00:42.968246
104,104,0.1515,0,2026-03-31T09:00:42.968246
105,105,0.0921,0,2026-03-31T09:00:42.968246
106,106,0.8229,1,2026-03-31T09:00:42.968246
107,107,0.2649,0,2026-03-31T09:00:42.968246
108,108,0.1075,0,2026-03-31T09:00:42.968246
109,109,0.7109,1,2026-03-31T09:00:42.968246
110,110,0.0432,0,2026-03-31T09:00:42.968246
111,111,0.0142,0,2026-03-31T09:00:42.968246
112,112,0.2009,0,2026-03-31T09:00:42.968246
113,113,0.0068,0,2026-03-31T09:00:42.968246
114,114,0.3524,0,2026-03-31T09:00:42.968246
115,115,0.1502,0,2026-03-31T09:00:42.968246
116,116,0.0467,0,2026-03-31T09:00:42.968246
117,117,0.0254,0,2026-03-31T09:00:42.968246
118,118,0.325,0,2026-03-31T09:00:42.968246
119,119,0.3163,0,2026-03-31T09:00:42.968246
120,120,0.4184,0,2026-03-31T09:00:42.968246
121,121,0.6295,1,2026-03-31T09:00:42.968246
122,122,0.096,0,2026-03-31T09:00:42.968246
123,123,0.545,1,2026-03-31T09:00:42.968246
124,124,0.2997,0,2026-03-31T09:00:42.968246
125,125,0.6252,1,2026-03-31T09:00:42.968246
126,126,0.3449,0,2026-03-31T09:00:42.968246
127,127,0.3215,0,2026-03-31T09:00:42.968246
128,128,0.1597,0,2026-03-31T09:00:42.968246
129,129,0.293,0,2026-03-31T09:00:42.968246
130,130,0.0157,0,2026-03-31T09:00:42.968246
131,131,0.5682,1,2026-03-31T09:00:42.968246
132,132,0.1434,0,2026-03-31T09:00:42.968246
133,133,0.4126,0,2026-03-31T09:00:42.968246
134,134,0.2462,0,2026-03-31T09:00:42.968246
135,135,0.018,0,2026-03-31T09:00:42.968246
136,136,0.2685,0,2026-03-31T09:00:42.968246
137,137,0.013,0,2026-03-31T09:00:42.968246
138,138,0.4422,0,2026-03-31T09:00:42.968246
139,139,0.2474,0,2026-03-31T09:00:42.968246
140,140,0.3573,0,2026-03-31T09:00:42.968246
141,141,0.6134,1,2026-03-31T09:00:42.968246
142,142,0.177,0,2026-03-31T09:00:42.968246
143,143,0.3185,0,2026-03-31T09:00:42.968246
144,144,0.3704,0,2026-03-31T09:00:42.968246
145,145,0.3718,0,2026-03-31T09:00:42.968246
146,146,0.3871,0,2026-03-31T09:00:42.968246
147,147,0.139,0,2026-03-31T09:00:42.968246
148,148,0.1914,0,2026-03-31T09:00:42.968246
149,149,0.0365,0,2026-03-31T09:00:42.968246
150,150,0.1753,0,2026-03-31T09:00:42.968246
151,151,0.7084,1,2026-03-31T09:00:42.968246
152,152,0.2717,0,2026-03-31T09:00:42.968246
153,153,0.0243,0,2026-03-31T09:00:42.968246
154,154,0.7798,1,2026-03-31T09:00:42.968246
155,155,0.2603,0,2026-03-31T09:00:42.968246
156,156,0.2544,0,2026-03-31T09:00:42.968246
157,157,0.3762,0,2026-03-31T09:00:42.968246
158,158,0.1506,0,2026-03-31T09:00:42.968246
159,159,0.264,0,2026-03-31T09:00:42.968246
160,160,0.3537,0,2026-03-31T09:00:42.968246
161,161,0.0396,0,2026-03-31T09:00:42.968246
162,162,0.3682,0,2026-03-31T09:00:42.968246
163,163,0.5698,1,2026-03-31T09:00:42.968246
164,164,0.6566,1,2026-03-31T09:00:42.968246
165,165,0.0037,0,2026-03-31T09:00:42.968246
166,166,0.2738,0,2026-03-31T09:00:42.968246
167,167,0.4985,0,2026-03-31T09:00:42.968246
168,168,0.0238,0,2026-03-31T09:00:42.968246
169,169,0.0048,0,2026-03-31T09:00:42.968246
170,170,0.0056,0,2026-03-31T09:00:42.968246
171,171,0.3218,0,2026-03-31T09:00:42.968246
172,172,0.298,0,2026-03-31T09:00:42.968246
173,173,0.1943,0,2026-03-31T09:00:42.968246
174,174,0.5571,1,2026-03-31T09:00:42.968246
175,175,0.5332,1,2026-03-31T09:00:42.968246
176,176,0.0755,0,2026-03-31T09:00:42.968246
177,177,0.036,0,2026-03-31T09:00:42.968246
178,178,0.0265,0,2026-03-31T09:00:42.968246
179,179,0.4424,0,2026-03-31T09:00:42.968246
180,180,0.0354,0,2026-03-31T09:00:42.968246
181,181,0.0111,0,2026-03-31T09:00:42.968246
182,182,0.2829,0,2026-03-31T09:00:42.968246
183,183,0.1223,0,2026-03-31T09:00:42.968246
184,184,0.0967,0,2026-03-31T09:00:42.968246
185,185,0.0153,0,2026-03-31T09:00:42.968246
186,186,0.5962,1,2026-03-31T09:00:42.968246
187,187,0.1326,0,2026-03-31T09:00:42.968246
188,188,0.1684,0,2026-03-31T09:00:42.968246
189,189,0.2417,0,2026-03-31T09:00:42.968246
190,190,0.3675,0,2026-03-31T09:00:42.968246
191,191,0.3408,0,2026-03-31T09:00:42.968246
192,192,0.0098,0,2026-03-31T09:00:42.968246
193,193,0.2406,0,2026-03-31T09:00:42.968246
194,194,0.2139,0,2026-03-31T09:00:42.968246
195,195,0.0205,0,2026-03-31T09:00:42.968246
196,196,0.3025,0,2026-03-31T09:00:42.968246
197,197,0.1608,0,2026-03-31T09:00:42.968246
198,198,0.3005,0,2026-03-31T09:00:42.968246
199,199,0.0176,0,2026-03-31T09:00:42.968246
200,200,0.0473,0,2026-03-31T09:00:42.968246
201,201,0.6211,1,2026-03-31T09:00:42.968246
202,202,0.071,0,2026-03-31T09:00:42.968246
203,203,0.0945,0,2026-03-31T09:00:42.968246
204,204,0.092,0,2026-03-31T09:00:42.968246
205,205,0.3017,0,2026-03-31T09:00:42.968246
206,206,0.1708,0,2026-03-31T09:00:42.968246
207,207,0.0,0,2026-03-31T09:00:42.968246
208,208,0.5626,1,2026-03-31T09:00:42.968246
209,209,0.2228,0,2026-03-31T09:00:42.968246
210,210,0.0658,0,2026-03-31T09:00:42.968246
211,211,0.6025,1,2026-03-31T09:00:42.968246
212,212,0.0421,0,2026-03-31T09:00:42.968246
213,213,0.1611,0,2026-03-31T09:00:42.968246
214,214,0.085,0,2026-03-31T09:00:42.968246
215,215,0.1235,0,2026-03-31T09:00:42.968246
216,216,0.0109,0,2026-03-31T09:00:42.968246
217,217,0.0098,0,2026-03-31T09:00:42.968246
218,218,0.0144,0,2026-03-31T09:00:42.968246
219,219,0.4417,0,2026-03-31T09:00:42.968246
220,220,0.2148,0,2026-03-31T09:00:42.968246
221,221,0.1139,0,2026-03-31T09:00:42.968246
222,222,0.1106,0,2026-03-31T09:00:42.968246
223,223,0.3953,0,2026-03-31T09:00:42.968246
224,224,0.1882,0,2026-03-31T09:00:42.968246
225,225,0.0409,0,2026-03-31T09:00:42.968246
226,226,0.3016,0,2026-03-31T09:00:42.968246
227,227,0.005,0,2026-03-31T09:00:42.968246
228,228,0.224,0,2026-03-31T09:00:42.968246
229,229,0.0404,0,2026-03-31T09:00:42.968246
230,230,0.203,0,2026-03-31T09:00:42.968246
231,231,0.1047,0,2026-03-31T09:00:42.968246
232,232,0.027,0,2026-03-31T09:00:42.968246
233,233,0.395,0,2026-03-31T09:00:42.968246
234,234,0.1532,0,2026-03-31T09:00:42.968246
235,235,0.3884,0,2026-03-31T09:00:42.968246
236,236,0.2212,0,2026-03-31T09:00:42.968246
237,237,0.4865,0,2026-03-31T09:00:42.968246
238,238,0.0918,0,2026-03-31T09:00:42.968246
239,239,0.6574,1,2026-03-31T09:00:42.968246
240,240,0.1186,0,2026-03-31T09:00:42.968246
241,241,0.3961,0,2026-03-31T09:00:42.968246
242,242,0.0292,0,2026-03-31T09:00:42.968246
243,243,0.2404,0,2026-03-31T09:00:42.968246
244,244,0.3496,0,2026-03-31T09:00:42.968246
245,245,0.1805,0,2026-03-31T09:00:42.968246
246,246,0.7839,1,2026-03-31T09:00:42.968246
247,247,0.0332,0,2026-03-31T09:00:42.968246
248,248,0.0763,0,2026-03-31T09:00:42.968246
249,249,0.1102,0,2026-03-31T09:00:42.968246
250,250,0.1555,0,2026-03-31T09:00:42.968246
251,251,0.0858,0,2026-03-31T09:00:42.968246
252,252,0.2503,0,2026-03-31T09:00:42.968246
253,253,0.0967,0,2026-03-31T09:00:42.968246
254,254,0.1516,0,2026-03-31T09:00:42.968246
255,255,0.1298,0,2026-03-31T09:00:42.968246
256,256,0.2637,0,2026-03-31T09:00:42.968246
257,257,0.296,0,2026-03-31T09:00:42.968246
258,258,0.3304,0,2026-03-31T09:00:42.968246
259,259,0.0451,0,2026-03-31T09:00:42.968246
260,260,0.2321,0,2026-03-31T09:00:42.968246
261,261,0.6955,1,2026-03-31T09:00:42.968246
262,262,0.2274,0,2026-03-31T09:00:42.968246
263,263,0.2072,0,2026-03-31T09:00:42.968246
264,264,0.0179,0,2026-03-31T09:00:42.968246
265,265,0.169,0,2026-03-31T09:00:42.968246
266,266,0.3609,0,2026-03-31T09:00:42.968246
267,267,0.1479,0,2026-03-31T09:00:42.968246
268,268,0.7887,1,2026-03-31T09:00:42.968246
269,269,0.1748,0,2026-03-31T09:00:42.968246
270,270,0.0334,0,2026-03-31T09:00:42.968246
271,271,0.1407,0,2026-03-31T09:00:42.968246
272,272,0.078,0,2026-03-31T09:00:42.968246
273,273,0.0556,0,2026-03-31T09:00:42.968246
274,274,0.6667,1,2026-03-31T09:00:42.968246
275,275,0.3567,0,2026-03-31T09:00:42.968246
276,276,0.4975,0,2026-03-31T09:00:42.968246
277,277,0.062,0,2026-03-31T09:00:42.968246
278,278,0.4762,0,2026-03-31T09:00:42.968246
279,279,0.3647,0,2026-03-31T09:00:42.968246
280,280,0.0217,0,2026-03-31T09:00:42.968246
281,281,0.3075,0,2026-03-31T09:00:42.968246
282,282,0.1015,0,2026-03-31T09:00:42.968246
283,283,0.1414,0,2026-03-31T09:00:42.968246
284,284,0.0055,0,2026-03-31T09:00:42.968246
285,285,0.5818,1,2026-03-31T09:00:42.968246
286,286,0.0876,0,2026-03-31T09:00:42.968246
287,287,0.0592,0,2026-03-31T09:00:42.968246
288,288,0.1138,0,2026-03-31T09:00:42.968246
289,289,0.3317,0,2026-03-31T09:00:42.968246
290,290,0.0859,0,2026-03-31T09:00:42.968246
291,291,0.0068,0,2026-03-31T09:00:42.968246
292,292,0.3504,0,2026-03-31T09:00:42.968246
293,293,0.042,0,2026-03-31T09:00:42.968246
294,294,0.2368,0,2026-03-31T09:00:42.968246
295,295,0.4004,0,2026-03-31T09:00:42.968246
296,296,0.0949,0,2026-03-31T09:00:42.968246
297,297,0.7306,1,2026-03-31T09:00:42.968246
298,298,0.294,0,2026-03-31T09:00:42.968246
299,299,0.0376,0,2026-03-31T09:00:42.968246
300,300,0.0177,0,2026-03-31T09:00:42.968246
301,301,0.0029,0,2026-03-31T09:00:42.968246
302,302,0.6873,1,2026-03-31T09:00:42.968246
303,303,0.0509,0,2026-03-31T09:00:42.968246
304,304,0.049,0,2026-03-31T09:00:42.968246
305,305,0.097,0,2026-03-31T09:00:42.968246
306,306,0.0084,0,2026-03-31T09:00:42.968246
307,307,0.1362,0,2026-03-31T09:00:42.968246
308,308,0.3717,0,2026-03-31T09:00:42.968246
309,309,0.4526,0,2026-03-31T09:00:42.968246
310,310,0.1063,0,2026-03-31T09:00:42.968246
311,311,0.1196,0,2026-03-31T09:00:42.968246
312,312,0.4288,0,2026-03-31T09:00:42.968246
313,313,0.2869,0,2026-03-31T09:00:42.968246
314,314,0.1963,0,2026-03-31T09:00:42.968246
315,315,0.0733,0,2026-03-31T09:00:42.968246
316,316,0.228,0,2026-03-31T09:00:42.968246
317,317,0.1598,0,2026-03-31T09:00:42.968246
318,318,0.0012,0,2026-03-31T09:00:42.968246
319,319,0.0,0,2026-03-31T09:00:42.968246
320,320,0.4762,0,2026-03-31T09:00:42.968246
321,321,0.0672,0,2026-03-31T09:00:42.968246
322,322,0.0956,0,2026-03-31T09:00:42.968246
323,323,0.3555,0,2026-03-31T09:00:42.968246
324,324,0.1138,0,2026-03-31T09:00:42.968246
325,325,0.6469,1,2026-03-31T09:00:42.968246
326,326,0.3646,0,2026-03-31T09:00:42.968246
327,327,0.6468,1,2026-03-31T09:00:42.968246
328,328,0.083,0,2026-03-31T09:00:42.968246
329,329,0.013,0,2026-03-31T09:00:42.968246
330,330,0.36,0,2026-03-31T09:00:42.968246
331,331,0.7696,1,2026-03-31T09:00:42.968246
332,332,0.0243,0,2026-03-31T09:00:42.968246
333,333,0.0325,0,2026-03-31T09:00:42.968246
334,334,0.2507,0,2026-03-31T09:00:42.968246
335,335,0.1051,0,2026-03-31T09:00:42.968246
336,336,0.7663,1,2026-03-31T09:00:42.968246
337,337,0.1924,0,2026-03-31T09:00:42.968246
338,338,0.0965,0,2026-03-31T09:00:42.968246
339,339,0.0276,0,2026-03-31T09:00:42.968246
340,340,0.1162,0,2026-03-31T09:00:42.968246
341,341,0.0584,0,2026-03-31T09:00:42.968246
342,342,0.3782,0,2026-03-31T09:00:42.968246
343,343,0.312,0,2026-03-31T09:00:42.968246
344,344,0.0098,0,2026-03-31T09:00:42.968246
345,345,0.0819,0,2026-03-31T09:00:42.968246
346,346,0.0756,0,2026-03-31T09:00:42.968246
347,347,0.5402,1,2026-03-31T09:00:42.968246
348,348,0.5849,1,2026-03-31T09:00:42.968246
349,349,0.4867,0,2026-03-31T09:00:42.968246
350,350,0.0706,0,2026-03-31T09:00:42.968246
351,351,0.3795,0,2026-03-31T09:00:42.968246
352,352,0.6824,1,2026-03-31T09:00:42.968246
353,353,0.7578,1,2026-03-31T09:00:42.968246
354,354,0.0087,0,2026-03-31T09:00:42.968246
355,355,0.3226,0,2026-03-31T09:00:42.968246
356,356,0.0968,0,2026-03-31T09:00:42.968246
357,357,0.1885,0,2026-03-31T09:00:42.968246
358,358,0.0,0,2026-03-31T09:00:42.968246
359,359,0.1382,0,2026-03-31T09:00:42.968246
360,360,0.1072,0,2026-03-31T09:00:42.968246
361,361,0.1755,0,2026-03-31T09:00:42.968246
362,362,0.0198,0,2026-03-31T09:00:42.968246
363,363,0.5318,1,2026-03-31T09:00:42.968246
364,364,0.0995,0,2026-03-31T09:00:42.968246
365,365,0.1825,0,2026-03-31T09:00:42.968246
366,366,0.0904,0,2026-03-31T09:00:42.968246
367,367,0.1877,0,2026-03-31T09:00:42.968246
368,368,0.0268,0,2026-03-31T09:00:42.968246
369,369,0.0272,0,2026-03-31T09:00:42.968246
370,370,0.3007,0,2026-03-31T09:00:42.968246
371,371,0.2354,0,2026-03-31T09:00:42.968246
372,372,0.3801,0,2026-03-31T09:00:42.968246
373,373,0.0669,0,2026-03-31T09:00:42.968246
374,374,0.0313,0,2026-03-31T09:00:42.968246
375,375,0.1206,0,2026-03-31T09:00:42.968246
376,376,0.0626,0,2026-03-31T09:00:42.968246
377,377,0.3241,0,2026-03-31T09:00:42.968246
378,378,0.1169,0,2026-03-31T09:00:42.968246
379,379,0.1098,0,2026-03-31T09:00:42.968246
380,380,0.4416,0,2026-03-31T09:00:42.968246
381,381,0.0343,0,2026-03-31T09:00:42.968246
382,382,0.0447,0,2026-03-31T09:00:42.968246
383,383,0.2878,0,2026-03-31T09:00:42.968246
384,384,0.0771,0,2026-03-31T09:00:42.968246
385,385,0.0411,0,2026-03-31T09:00:42.968246
386,386,0.0949,0,2026-03-31T09:00:42.968246
387,387,0.6746,1,2026-03-31T09:00:42.968246
388,388,0.1446,0,2026-03-31T09:00:42.968246
389,389,0.0367,0,2026-03-31T09:00:42.968246
390,390,0.3327,0,2026-03-31T09:00:42.968246
391,391,0.104,0,2026-03-31T09:00:42.968246
392,392,0.08,0,2026-03-31T09:00:42.968246
393,393,0.3501,0,2026-03-31T09:00:42.968246
394,394,0.509,1,2026-03-31T09:00:42.968246
395,395,0.0425,0,2026-03-31T09:00:42.968246
396,396,0.0703,0,2026-03-31T09:00:42.968246
397,397,0.3272,0,2026-03-31T09:00:42.968246
398,398,0.0986,0,2026-03-31T09:00:42.968246
399,399,0.219,0,2026-03-31T09:00:42.968246
400,400,0.01,0,2026-03-31T09:00:42.968246
401,401,0.0692,0,2026-03-31T09:00:42.968246
402,402,0.3019,0,2026-03-31T09:00:42.968246
403,403,0.035,0,2026-03-31T09:00:42.968246
404,404,0.2627,0,2026-03-31T09:00:42.968246
405,405,0.1891,0,2026-03-31T09:00:42.968246
406,406,0.1949,0,2026-03-31T09:00:42.968246
407,407,0.1069,0,2026-03-31T09:00:42.968246
408,408,0.0204,0,2026-03-31T09:00:42.968246
409,409,0.124,0,2026-03-31T09:00:42.968246
410,410,0.4369,0,2026-03-31T09:00:42.968246
411,411,0.1003,0,2026-03-31T09:00:42.968246
412,412,0.3349,0,2026-03-31T09:00:42.968246
413,413,0.3899,0,2026-03-31T09:00:42.968246
414,414,0.0568,0,2026-03-31T09:00:42.968246
415,415,0.243,0,2026-03-31T09:00:42.968246
416,416,0.1186,0,2026-03-31T09:00:42.968246
417,417,0.0581,0,2026-03-31T09:00:42.968246
418,418,0.0495,0,2026-03-31T09:00:42.968246
419,419,0.7993,1,2026-03-31T09:00:42.968246
420,420,0.0426,0,2026-03-31T09:00:42.968246
421,421,0.6828,1,2026-03-31T09:00:42.968246
422,422,0.1178,0,2026-03-31T09:00:42.968246
423,423,0.0374,0,2026-03-31T09:00:42.968246
424,424,0.3415,0,2026-03-31T09:00:42.968246
425,425,0.1698,0,2026-03-31T09:00:42.968246
426,426,0.0535,0,2026-03-31T09:00:42.968246
427,427,0.2186,0,2026-03-31T09:00:42.968246
428,428,0.4606,0,2026-03-31T09:00:42.968246
429,429,0.6128,1,2026-03-31T09:00:42.968246
430,430,0.0334,0,2026-03-31T09:00:42.968246
431,431,0.0274,0,2026-03-31T09:00:42.968246
432,432,0.1372,0,2026-03-31T09:00:42.968246
433,433,0.7203,1,2026-03-31T09:00:42.968246
434,434,0.2873,0,2026-03-31T09:00:42.968246
435,435,0.0433,0,2026-03-31T09:00:42.968246
436,436,0.066,0,2026-03-31T09:00:42.968246
437,437,0.3058,0,2026-03-31T09:00:42.968246
438,438,0.1331,0,2026-03-31T09:00:42.968246
439,439,0.1818,0,2026-03-31T09:00:42.968246
440,440,0.2656,0,2026-03-31T09:00:42.968246
441,441,0.0079,0,2026-03-31T09:00:42.968246
442,442,0.0184,0,2026-03-31T09:00:42.968246
443,443,0.4542,0,2026-03-31T09:00:42.968246
444,444,0.0139,0,2026-03-31T09:00:42.968246
445,445,0.5165,1,2026-03-31T09:00:42.968246
446,446,0.4306,0,2026-03-31T09:00:42.968246
447,447,0.6149,1,2026-03-31T09:00:42.968246
448,448,0.3643,0,2026-03-31T09:00:42.968246
449,449,0.0985,0,2026-03-31T09:00:42.968246
450,450,0.4522,0,2026-03-31T09:00:42.968246
451,451,0.1717,0,2026-03-31T09:00:42.968246
452,452,0.0533,0,2026-03-31T09:00:42.968246
453,453,0.0173,0,2026-03-31T09:00:42.968246
454,454,0.0526,0,2026-03-31T09:00:42.968246
455,455,0.106,0,2026-03-31T09:00:42.968246
456,456,0.0,0,2026-03-31T09:00:42.968246
457,457,0.011,0,2026-03-31T09:00:42.968246
458,458,0.3453,0,2026-03-31T09:00:42.968246
459,459,0.2403,0,2026-03-31T09:00:42.968246
460,460,0.1843,0,2026-03-31T09:00:42.968246
461,461,0.0541,0,2026-03-31T09:00:42.968246
462,462,0.0232,0,2026-03-31T09:00:42.968246
463,463,0.6127,1,2026-03-31T09:00:42.968246
464,464,0.2445,0,2026-03-31T09:00:42.968246
465,465,0.2864,0,2026-03-31T09:00:42.968246
466,466,0.219,0,2026-03-31T09:00:42.968246
467,467,0.2712,0,2026-03-31T09:00:42.968246
468,468,0.369,0,2026-03-31T09:00:42.968246
469,469,0.3649,0,2026-03-31T09:00:42.968246
470,470,0.302,0,2026-03-31T09:00:42.968246
471,471,0.3349,0,2026-03-31T09:00:42.968246
472,472,0.0676,0,2026-03-31T09:00:42.968246
473,473,0.1925,0,2026-03-31T09:00:42.968246
474,474,0.186,0,2026-03-31T09:00:42.968246
475,475,0.6368,1,2026-03-31T09:00:42.968246
476,476,0.2587,0,2026-03-31T09:00:42.968246
477,477,0.0153,0,2026-03-31T09:00:42.968246
478,478,0.3866,0,2026-03-31T09:00:42.968246
479,479,0.3176,0,2026-03-31T09:00:42.968246
480,480,0.2212,0,2026-03-31T09:00:42.968246
481,481,0.0026,0,2026-03-31T09:00:42.968246
482,482,0.0738,0,2026-03-31T09:00:42.968246
483,483,0.1461,0,2026-03-31T09:00:42.968246
484,484,0.0068,0,2026-03-31T09:00:42.968246
485,485,0.0,0,2026-03-31T09:00:42.968246
486,486,0.0606,0,2026-03-31T09:00:42.968246
487,487,0.0583,0,2026-03-31T09:00:42.968246
488,488,0.2553,0,2026-03-31T09:00:42.968246
489,489,0.1294,0,2026-03-31T09:00:42.968246
490,490,0.0756,0,2026-03-31T09:00:42.968246
491,491,0.2185,0,2026-03-31T09:00:42.968246
492,492,0.2886,0,2026-03-31T09:00:42.968246
493,493,0.0238,0,2026-03-31T09:00:42.968246
494,494,0.103,0,2026-03-31T09:00:42.968246
495,495,0.6522,1,2026-03-31T09:00:42.968246
496,496,0.3634,0,2026-03-31T09:00:42.968246
497,497,0.2551,0,2026-03-31T09:00:42.968246
498,498,0.1302,0,2026-03-31T09:00:42.968246
499,499,0.0113,0,2026-03-31T09:00:42.968246
500,500,0.3218,0,2026-03-31T09:00:42.968246
501,501,0.1653,0,2026-03-31T09:00:42.968246
502,502,0.3664,0,2026-03-31T09:00:42.968246
503,503,0.6488,1,2026-03-31T09:00:42.968246
504,504,0.2421,0,2026-03-31T09:00:42.968246
505,505,0.0,0,2026-03-31T09:00:42.968246
506,506,0.6554,1,2026-03-31T09:00:42.968246
507,507,0.2249,0,2026-03-31T09:00:42.968246
508,508,0.1723,0,2026-03-31T09:00:42.968246
509,509,0.176,0,2026-03-31T09:00:42.968246
510,510,0.1596,0,2026-03-31T09:00:42.968246
511,511,0.0169,0,2026-03-31T09:00:42.968246
512,512,0.0488,0,2026-03-31T09:00:42.968246
513,513,0.0535,0,2026-03-31T09:00:42.968246
514,514,0.5714,1,2026-03-31T09:00:42.968246
515,515,0.012,0,2026-03-31T09:00:42.968246
516,516,0.5008,1,2026-03-31T09:00:42.968246
517,517,0.3566,0,2026-03-31T09:00:42.968246
518,518,0.0,0,2026-03-31T09:00:42.968246
519,519,0.3825,0,2026-03-31T09:00:42.968246
520,520,0.8148,1,2026-03-31T09:00:42.968246
521,521,0.4688,0,2026-03-31T09:00:42.968246
522,522,0.0539,0,2026-03-31T09:00:42.968246
523,523,0.0997,0,2026-03-31T09:00:42.968246
524,524,0.229,0,2026-03-31T09:00:42.968246
525,525,0.3616,0,2026-03-31T09:00:42.968246
526,526,0.3666,0,2026-03-31T09:00:42.968246
527,527,0.1492,0,2026-03-31T09:00:42.968246
528,528,0.1369,0,2026-03-31T09:00:42.968246
529,529,0.0906,0,2026-03-31T09:00:42.968246
530,530,0.3658,0,2026-03-31T09:00:42.968246
531,531,0.0607,0,2026-03-31T09:00:42.968246
532,532,0.0751,0,2026-03-31T09:00:42.968246
533,533,0.1702,0,2026-03-31T09:00:42.968246
534,534,0.6891,1,2026-03-31T09:00:42.968246
535,535,0.0798,0,2026-03-31T09:00:42.968246
536,536,0.0192,0,2026-03-31T09:00:42.968246
537,537,0.6312,1,2026-03-31T09:00:42.968246
538,538,0.1232,0,2026-03-31T09:00:42.968246
539,539,0.0125,0,2026-03-31T09:00:42.968246
540,540,0.6332,1,2026-03-31T09:00:42.968246
541,541,0.0983,0,2026-03-31T09:00:42.968246
542,542,0.6696,1,2026-03-31T09:00:42.968246
543,543,0.5079,1,2026-03-31T09:00:42.968246
544,544,0.045,0,2026-03-31T09:00:42.968246
545,545,0.1353,0,2026-03-31T09:00:42.968246
546,546,0.038,0,2026-03-31T09:00:42.968246
547,547,0.0317,0,2026-03-31T09:00:42.968246
548,548,0.0805,0,2026-03-31T09:00:42.968246
549,549,0.1135,0,2026-03-31T09:00:42.968246
550,550,0.3802,0,2026-03-31T09:00:42.968246
551,551,0.1007,0,2026-03-31T09:00:42.968246
552,552,0.3216,0,2026-03-31T09:00:42.968246
553,553,0.1956,0,2026-03-31T09:00:42.968246
554,554,0.0121,0,2026-03-31T09:00:42.968246
555,555,0.4823,0,2026-03-31T09:00:42.968246
556,556,0.6409,1,2026-03-31T09:00:42.968246
557,557,0.4984,0,2026-03-31T09:00:42.968246
558,558,0.004,0,2026-03-31T09:00:42.968246
559,559,0.0312,0,2026-03-31T09:00:42.968246
560,560,0.0889,0,2026-03-31T09:00:42.968246
561,561,0.2926,0,2026-03-31T09:00:42.968246
562,562,0.0,0,2026-03-31T09:00:42.968246
563,563,0.5793,1,2026-03-31T09:00:42.968246
564,564,0.0549,0,2026-03-31T09:00:42.968246
565,565,0.1261,0,2026-03-31T09:00:42.968246
566,566,0.2756,0,2026-03-31T09:00:42.968246
567,567,0.1557,0,2026-03-31T09:00:42.968246
568,568,0.2177,0,2026-03-31T09:00:42.968246
569,569,0.2997,0,2026-03-31T09:00:42.968246
570,570,0.3461,0,2026-03-31T09:00:42.968246
571,571,0.1079,0,2026-03-31T09:00:42.968246
572,572,0.1182,0,2026-03-31T09:00:42.968246
573,573,0.214,0,2026-03-31T09:00:42.968246
574,574,0.0083,0,2026-03-31T09:00:42.968246
575,575,0.2301,0,2026-03-31T09:00:42.968246
576,576,0.3007,0,2026-03-31T09:00:42.968246
577,577,0.1782,0,2026-03-31T09:00:42.968246
578,578,0.219,0,2026-03-31T09:00:42.968246
579,579,0.7757,1,2026-03-31T09:00:42.968246
580,580,0.3837,0,2026-03-31T09:00:42.968246
581,581,0.3902,0,2026-03-31T09:00:42.968246
582,582,0.131,0,2026-03-31T09:00:42.968246
583,583,0.2835,0,2026-03-31T09:00:42.968246
584,584,0.0048,0,2026-03-31T09:00:42.968246
585,585,0.4032,0,2026-03-31T09:00:42.968246
586,586,0.6722,1,2026-03-31T09:00:42.968246
587,587,0.0937,0,2026-03-31T09:00:42.968246
588,588,0.3925,0,2026-03-31T09:00:42.968246
589,589,0.0421,0,2026-03-31T09:00:42.968246
590,590,0.2415,0,2026-03-31T09:00:42.968246
591,591,0.0857,0,2026-03-31T09:00:42.968246
592,592,0.5285,1,2026-03-31T09:00:42.968246
593,593,0.3322,0,2026-03-31T09:00:42.968246
594,594,0.0246,0,2026-03-31T09:00:42.968246
595,595,0.1752,0,2026-03-31T09:00:42.968246
596,596,0.3431,0,2026-03-31T09:00:42.968246
597,597,0.1757,0,2026-03-31T09:00:42.968246
598,598,0.2719,0,2026-03-31T09:00:42.968246
599,599,0.2362,0,2026-03-31T09:00:42.968246
600,600,0.2385,0,2026-03-31T09:00:42.968246
601,601,0.0457,0,2026-03-31T09:00:42.968246
602,602,0.7356,1,2026-03-31T09:00:42.968246
603,603,0.2213,0,2026-03-31T09:00:42.968246
604,604,0.0633,0,2026-03-31T09:00:42.968246
605,605,0.0069,0,2026-03-31T09:00:42.968246
606,606,0.018,0,2026-03-31T09:00:42.968246
607,607,0.6594,1,2026-03-31T09:00:42.968246
608,608,0.1777,0,2026-03-31T09:00:42.968246
609,609,0.7314,1,2026-03-31T09:00:42.968246
610,610,0.0583,0,2026-03-31T09:00:42.968246
611,611,0.0765,0,2026-03-31T09:00:42.968246
612,612,0.094,0,2026-03-31T09:00:42.968246
613,613,0.0622,0,2026-03-31T09:00:42.968246
614,614,0.1574,0,2026-03-31T09:00:42.968246
615,615,0.244,0,2026-03-31T09:00:42.968246
616,616,0.047,0,2026-03-31T09:00:42.968246
617,617,0.359,0,2026-03-31T09:00:42.968246
618,618,0.1417,0,2026-03-31T09:00:42.968246
619,619,0.6347,1,2026-03-31T09:00:42.968246
620,620,0.1309,0,2026-03-31T09:00:42.968246
621,621,0.0089,0,2026-03-31T09:00:42.968246
622,622,0.3054,0,2026-03-31T09:00:42.968246
623,623,0.2871,0,2026-03-31T09:00:42.968246
624,624,0.0986,0,2026-03-31T09:00:42.968246
625,625,0.2529,0,2026-03-31T09:00:42.968246
626,626,0.2349,0,2026-03-31T09:00:42.968246
627,627,0.0016,0,2026-03-31T09:00:42.968246
628,628,0.0213,0,2026-03-31T09:00:42.968246
629,629,0.0373,0,2026-03-31T09:00:42.968246
630,630,0.0742,0,2026-03-31T09:00:42.968246
631,631,0.0118,0,2026-03-31T09:00:42.968246
632,632,0.0,0,2026-03-31T09:00:42.968246
633,633,0.0539,0,2026-03-31T09:00:42.968246
634,634,0.1069,0,2026-03-31T09:00:42.968246
635,635,0.0585,0,2026-03-31T09:00:42.968246
636,636,0.4468,0,2026-03-31T09:00:42.968246
637,637,0.01,0,2026-03-31T09:00:42.968246
638,638,0.0199,0,2026-03-31T09:00:42.968246
639,639,0.1252,0,2026-03-31T09:00:42.968246
640,640,0.1949,0,2026-03-31T09:00:42.968246
641,641,0.4274,0,2026-03-31T09:00:42.968246
642,642,0.1826,0,2026-03-31T09:00:42.968246
643,643,0.7692,1,2026-03-31T09:00:42.968246
644,644,0.0612,0,2026-03-31T09:00:42.968246
645,645,0.28,0,2026-03-31T09:00:42.968246
646,646,0.6145,1,2026-03-31T09:00:42.968246
647,647,0.5535,1,2026-03-31T09:00:42.968246
648,648,0.019,0,2026-03-31T09:00:42.968246
649,649,0.3546,0,2026-03-31T09:00:42.968246
650,650,0.0773,0,2026-03-31T09:00:42.968246
651,651,0.1872,0,2026-03-31T09:00:42.968246
652,652,0.0625,0,2026-03-31T09:00:42.968246
653,653,0.4151,0,2026-03-31T09:00:42.968246
654,654,0.03,0,2026-03-31T09:00:42.968246
655,655,0.0575,0,2026-03-31T09:00:42.968246
656,656,0.0343,0,2026-03-31T09:00:42.968246
657,657,0.6305,1,2026-03-31T09:00:42.968246
658,658,0.0616,0,2026-03-31T09:00:42.968246
659,659,0.5586,1,2026-03-31T09:00:42.968246
660,660,0.2297,0,2026-03-31T09:00:42.968246
661,661,0.2597,0,2026-03-31T09:00:42.968246
662,662,0.3194,0,2026-03-31T09:00:42.968246
663,663,0.0137,0,2026-03-31T09:00:42.968246
664,664,0.0042,0,2026-03-31T09:00:42.968246
665,665,0.3202,0,2026-03-31T09:00:42.968246
666,666,0.0164,0,2026-03-31T09:00:42.968246
667,667,0.0397,0,2026-03-31T09:00:42.968246
668,668,0.1296,0,2026-03-31T09:00:42.968246
669,669,0.3035,0,2026-03-31T09:00:42.968246
670,670,0.1281,0,2026-03-31T09:00:42.968246
671,671,0.0395,0,2026-03-31T09:00:42.968246
672,672,0.5197,1,2026-03-31T09:00:42.968246
673,673,0.6346,1,2026-03-31T09:00:42.968246
674,674,0.383,0,2026-03-31T09:00:42.968246
675,675,0.6006,1,2026-03-31T09:00:42.968246
676,676,0.3005,0,2026-03-31T09:00:42.968246
677,677,0.1405,0,2026-03-31T09:00:42.968246
678,678,0.2645,0,2026-03-31T09:00:42.968246
679,679,0.7277,1,2026-03-31T09:00:42.968246
680,680,0.0687,0,2026-03-31T09:00:42.968246
681,681,0.0,0,2026-03-31T09:00:42.968246
682,682,0.0116,0,2026-03-31T09:00:42.968246
683,683,0.2371,0,2026-03-31T09:00:42.968246
684,684,0.0198,0,2026-03-31T09:00:42.968246
685,685,0.0066,0,2026-03-31T09:00:42.968246
686,686,0.1822,0,2026-03-31T09:00:42.968246
687,687,0.1403,0,2026-03-31T09:00:42.968246
688,688,0.0,0,2026-03-31T09:00:42.968246
689,689,0.1228,0,2026-03-31T09:00:42.968246
690,690,0.196,0,2026-03-31T09:00:42.968246
691,691,0.067,0,2026-03-31T09:00:42.968246
692,692,0.5059,1,2026-03-31T09:00:42.968246
693,693,0.1983,0,2026-03-31T09:00:42.968246
694,694,0.7116,1,2026-03-31T09:00:42.968246
695,695,0.0629,0,2026-03-31T09:00:42.968246
696,696,0.6207,1,2026-03-31T09:00:42.968246
697,697,0.3592,0,2026-03-31T09:00:42.968246
698,698,0.7526,1,2026-03-31T09:00:42.968246
699,699,0.7003,1,2026-03-31T09:00:42.968246
700,700,0.7826,1,2026-03-31T09:00:42.968246
701,701,0.3987,0,2026-03-31T09:00:42.968246
702,702,0.2943,0,2026-03-31T09:00:42.968246
703,703,0.4044,0,2026-03-31T09:00:42.968246
704,704,0.0299,0,2026-03-31T09:00:42.968246
705,705,0.1017,0,2026-03-31T09:00:42.968246
706,706,0.2233,0,2026-03-31T09:00:42.968246
707,707,0.1502,0,2026-03-31T09:00:42.968246
708,708,0.0648,0,2026-03-31T09:00:42.968246
709,709,0.0266,0,2026-03-31T09:00:42.968246
710,710,0.0011,0,2026-03-31T09:00:42.968246
711,711,0.1749,0,2026-03-31T09:00:42.968246
712,712,0.2834,0,2026-03-31T09:00:42.968246
713,713,0.2902,0,2026-03-31T09:00:42.968246
714,714,0.0975,0,2026-03-31T09:00:42.968246
715,715,0.0391,0,2026-03-31T09:00:42.968246
716,716,0.0371,0,2026-03-31T09:00:42.968246
717,717,0.0258,0,2026-03-31T09:00:42.968246
718,718,0.3746,0,2026-03-31T09:00:42.968246
719,719,0.4762,0,2026-03-31T09:00:42.968246
720,720,0.6647,1,2026-03-31T09:00:42.968246
721,721,0.4225,0,2026-03-31T09:00:42.968246
722,722,0.5857,1,2026-03-31T09:00:42.968246
723,723,0.0423,0,2026-03-31T09:00:42.968246
724,724,0.0059,0,2026-03-31T09:00:42.968246
725,725,0.1793,0,2026-03-31T09:00:42.968246
726,726,0.6207,1,2026-03-31T09:00:42.968246
727,727,0.5451,1,2026-03-31T09:00:42.968246
728,728,0.0977,0,2026-03-31T09:00:42.968246
729,729,0.0723,0,2026-03-31T09:00:42.968246
730,730,0.0122,0,2026-03-31T09:00:42.968246
731,731,0.5262,1,2026-03-31T09:00:42.968246
732,732,0.0358,0,2026-03-31T09:00:42.968246
733,733,0.2742,0,2026-03-31T09:00:42.968246
734,734,0.1986,0,2026-03-31T09:00:42.968246
735,735,0.2347,0,2026-03-31T09:00:42.968246
736,736,0.0114,0,2026-03-31T09:00:42.968246
737,737,0.3793,0,2026-03-31T09:00:42.968246
738,738,0.0011,0,2026-03-31T09:00:42.968246
739,739,0.3057,0,2026-03-31T09:00:42.968246
740,740,0.2563,0,2026-03-31T09:00:42.968246
741,741,0.0347,0,2026-03-31T09:00:42.968246
742,742,0.249,0,2026-03-31T09:00:42.968246
743,743,0.5403,1,2026-03-31T09:00:42.968246
744,744,0.3905,0,2026-03-31T09:00:42.968246
745,745,0.0757,0,2026-03-31T09:00:42.968246
746,746,0.0291,0,2026-03-31T09:00:42.968246
747,747,0.2246,0,2026-03-31T09:00:42.968246
748,748,0.087,0,2026-03-31T09:00:42.968246
749,749,0.6925,1,2026-03-31T09:00:42.968246
750,750,0.1519,0,2026-03-31T09:00:42.968246
751,751,0.4108,0,2026-03-31T09:00:42.968246
752,752,0.0996,0,2026-03-31T09:00:42.968246
753,753,0.4034,0,2026-03-31T09:00:42.968246
754,754,0.2441,0,2026-03-31T09:00:42.968246
755,755,0.2204,0,2026-03-31T09:00:42.968246
756,756,0.5213,1,2026-03-31T09:00:42.968246
757,757,0.0232,0,2026-03-31T09:00:42.968246
758,758,0.2124,0,2026-03-31T09:00:42.968246
759,759,0.0655,0,2026-03-31T09:00:42.968246
760,760,0.0077,0,2026-03-31T09:00:42.968246
761,761,0.088,0,2026-03-31T09:00:42.968246
762,762,0.0216,0,2026-03-31T09:00:42.968246
763,763,0.2113,0,2026-03-31T09:00:42.968246
764,764,0.0261,0,2026-03-31T09:00:42.968246
765,765,0.0,0,2026-03-31T09:00:42.968246
766,766,0.1393,0,2026-03-31T09:00:42.968246
767,767,0.0959,0,2026-03-31T09:00:42.968246
768,768,0.129,0,2026-03-31T09:00:42.968246
769,769,0.4217,0,2026-03-31T09:00:42.968246
770,770,0.0962,0,2026-03-31T09:00:42.968246
771,771,0.0355,0,2026-03-31T09:00:42.968246
772,772,0.0305,0,2026-03-31T09:00:42.968246
773,773,0.0688,0,2026-03-31T09:00:42.968246
774,774,0.0917,0,2026-03-31T09:00:42.968246
775,775,0.0074,0,2026-03-31T09:00:42.968246
776,776,0.1072,0,2026-03-31T09:00:42.968246
777,777,0.4739,0,2026-03-31T09:00:42.968246
778,778,0.2104,0,2026-03-31T09:00:42.968246
779,779,0.2527,0,2026-03-31T09:00:42.968246
780,780,0.173,0,2026-03-31T09:00:42.968246
781,781,0.1509,0,2026-03-31T09:00:42.968246
782,782,0.2615,0,2026-03-31T09:00:42.968246
783,783,0.0857,0,2026-03-31T09:00:42.968246
784,784,0.1042,0,2026-03-31T09:00:42.968246
785,785,0.0722,0,2026-03-31T09:00:42.968246
786,786,0.4984,0,2026-03-31T09:00:42.968246
787,787,0.0495,0,2026-03-31T09:00:42.968246
788,788,0.2954,0,2026-03-31T09:00:42.968246
789,789,0.726,1,2026-03-31T09:00:42.968246
790,790,0.2337,0,2026-03-31T09:00:42.968246
791,791,0.024,0,2026-03-31T09:00:42.968246
792,792,0.3349,0,2026-03-31T09:00:42.968246
793,793,0.2601,0,2026-03-31T09:00:42.968246
794,794,0.0769,0,2026-03-31T09:00:42.968246
795,795,0.1817,0,2026-03-31T09:00:42.968246
796,796,0.5304,1,2026-03-31T09:00:42.968246
797,797,0.2818,0,2026-03-31T09:00:42.968246
798,798,0.2311,0,2026-03-31T09:00:42.968246
799,799,0.0421,0,2026-03-31T09:00:42.968246
800,800,0.4424,0,2026-03-31T09:00:42.968246
801,801,0.005,0,2026-03-31T09:00:42.968246
802,802,0.0193,0,2026-03-31T09:00:42.968246
803,803,0.0284,0,2026-03-31T09:00:42.968246
804,804,0.2277,0,2026-03-31T09:00:42.968246
805,805,0.0287,0,2026-03-31T09:00:42.968246
806,806,0.0286,0,2026-03-31T09:00:42.968246
807,807,0.0394,0,2026-03-31T09:00:42.968246
808,808,0.7555,1,2026-03-31T09:00:42.968246
809,809,0.0458,0,2026-03-31T09:00:42.968246
810,810,0.0028,0,2026-03-31T09:00:42.968246
811,811,0.0066,0,2026-03-31T09:00:42.968246
812,812,0.0607,0,2026-03-31T09:00:42.968246
813,813,0.1306,0,2026-03-31T09:00:42.968246
814,814,0.2958,0,2026-03-31T09:00:42.968246
815,815,0.3364,0,2026-03-31T09:00:42.968246
816,816,0.1412,0,2026-03-31T09:00:42.968246
817,817,0.0319,0,2026-03-31T09:00:42.968246
818,818,0.0151,0,2026-03-31T09:00:42.968246
819,819,0.2112,0,2026-03-31T09:00:42.968246
820,820,0.177,0,2026-03-31T09:00:42.968246
821,821,0.3197,0,2026-03-31T09:00:42.968246
822,822,0.3129,0,2026-03-31T09:00:42.968246
823,823,0.7342,1,2026-03-31T09:00:42.968246
824,824,0.1089,0,2026-03-31T09:00:42.968246
825,825,0.105,0,2026-03-31T09:00:42.968246
826,826,0.0843,0,2026-03-31T09:00:42.968246
827,827,0.3087,0,2026-03-31T09:00:42.968246
828,828,0.2813,0,2026-03-31T09:00:42.968246
829,829,0.1191,0,2026-03-31T09:00:42.968246
830,830,0.7189,1,2026-03-31T09:00:42.968246
831,831,0.1962,0,2026-03-31T09:00:42.968246
832,832,0.15,0,2026-03-31T09:00:42.968246
833,833,0.0692,0,2026-03-31T09:00:42.968246
834,834,0.393,0,2026-03-31T09:00:42.968246
835,835,0.5332,1,2026-03-31T09:00:42.968246
836,836,0.1617,0,2026-03-31T09:00:42.968246
837,837,0.6179,1,2026-03-31T09:00:42.968246
838,838,0.0172,0,2026-03-31T09:00:42.968246
839,839,0.4356,0,2026-03-31T09:00:42.968246
840,840,0.0641,0,2026-03-31T09:00:42.968246
841,841,0.3651,0,2026-03-31T09:00:42.968246
842,842,0.0775,0,2026-03-31T09:00:42.968246
843,843,0.027,0,2026-03-31T09:00:42.968246
844,844,0.0433,0,2026-03-31T09:00:42.968246
845,845,0.1084,0,2026-03-31T09:00:42.968246
846,846,0.0346,0,2026-03-31T09:00:42.968246
847,847,0.4501,0,2026-03-31T09:00:42.968246
848,848,0.7312,1,2026-03-31T09:00:42.968246
849,849,0.2342,0,2026-03-31T09:00:42.968246
850,850,0.1162,0,2026-03-31T09:00:42.968246
851,851,0.1658,0,2026-03-31T09:00:42.968246
852,852,0.0131,0,2026-03-31T09:00:42.968246
853,853,0.064,0,2026-03-31T09:00:42.968246
854,854,0.7343,1,2026-03-31T09:00:42.968246
855,855,0.742,1,2026-03-31T09:00:42.968246
856,856,0.1555,0,2026-03-31T09:00:42.968246
857,857,0.1902,0,2026-03-31T09:00:42.968246
858,858,0.1876,0,2026-03-31T09:00:42.968246
859,859,0.6357,1,2026-03-31T09:00:42.968246
860,860,0.0712,0,2026-03-31T09:00:42.968246
861,861,0.3887,0,2026-03-31T09:00:42.968246
862,862,0.3282,0,2026-03-31T09:00:42.968246
863,863,0.5143,1,2026-03-31T09:00:42.968246
864,864,0.177,0,2026-03-31T09:00:42.968246
865,865,0.0141,0,2026-03-31T09:00:42.968246
866,866,0.043,0,2026-03-31T09:00:42.968246
867,867,0.3971,0,2026-03-31T09:00:42.968246
868,868,0.0841,0,2026-03-31T09:00:42.968246
869,869,0.003,0,2026-03-31T09:00:42.968246
870,870,0.0072,0,2026-03-31T09:00:42.968246
871,871,0.4364,0,2026-03-31T09:00:42.968246
872,872,0.1118,0,2026-03-31T09:00:42.968246
873,873,0.022,0,2026-03-31T09:00:42.968246
874,874,0.6598,1,2026-03-31T09:00:42.968246
875,875,0.2662,0,2026-03-31T09:00:42.968246
876,876,0.09,0,2026-03-31T09:00:42.968246
877,877,0.0365,0,2026-03-31T09:00:42.968246
878,878,0.3883,0,2026-03-31T09:00:42.968246
879,879,0.0755,0,2026-03-31T09:00:42.968246
880,880,0.4815,0,2026-03-31T09:00:42.968246
881,881,0.4328,0,2026-03-31T09:00:42.968246
882,882,0.5091,1,2026-03-31T09:00:42.968246
883,883,0.1116,0,2026-03-31T09:00:42.968246
884,884,0.2869,0,2026-03-31T09:00:42.968246
885,885,0.0316,0,2026-03-31T09:00:42.968246
886,886,0.0879,0,2026-03-31T09:00:42.968246
887,887,0.4059,0,2026-03-31T09:00:42.968246
888,888,0.1959,0,2026-03-31T09:00:42.968246
889,889,0.1134,0,2026-03-31T09:00:42.968246
890,890,0.0202,0,2026-03-31T09:00:42.968246
891,891,0.0233,0,2026-03-31T09:00:42.968246
892,892,0.0268,0,2026-03-31T09:00:42.968246
893,893,0.6239,1,2026-03-31T09:00:42.968246
894,894,0.0403,0,2026-03-31T09:00:42.968246
895,895,0.6268,1,2026-03-31T09:00:42.968246
896,896,0.096,0,2026-03-31T09:00:42.968246
897,897,0.1304,0,2026-03-31T09:00:42.968246
898,898,0.1023,0,2026-03-31T09:00:42.968246
899,899,0.0574,0,2026-03-31T09:00:42.968246
900,900,0.3401,0,2026-03-31T09:00:42.968246
901,901,0.4876,0,2026-03-31T09:00:42.968246
902,902,0.0719,0,2026-03-31T09:00:42.968246
903,903,0.0273,0,2026-03-31T09:00:42.968246
904,904,0.5508,1,2026-03-31T09:00:42.968246
905,905,0.0157,0,2026-03-31T09:00:42.968246
906,906,0.6533,1,2026-03-31T09:00:42.968246
907,907,0.0092,0,2026-03-31T09:00:42.968246
908,908,0.6121,1,2026-03-31T09:00:42.968246
909,909,0.4701,0,2026-03-31T09:00:42.968246
910,910,0.1287,0,2026-03-31T09:00:42.968246
911,911,0.3456,0,2026-03-31T09:00:42.968246
912,912,0.0,0,2026-03-31T09:00:42.968246
913,913,0.2408,0,2026-03-31T09:00:42.968246
914,914,0.1503,0,2026-03-31T09:00:42.968246
915,915,0.2704,0,2026-03-31T09:00:42.968246
916,916,0.1254,0,2026-03-31T09:00:42.968246
917,917,0.0986,0,2026-03-31T09:00:42.968246
918,918,0.003,0,2026-03-31T09:00:42.968246
919,919,0.1685,0,2026-03-31T09:00:42.968246
920,920,0.0387,0,2026-03-31T09:00:42.968246
921,921,0.1032,0,2026-03-31T09:00:42.968246
922,922,0.1684,0,2026-03-31T09:00:42.968246
923,923,0.2774,0,2026-03-31T09:00:42.968246
924,924,0.6149,1,2026-03-31T09:00:42.968246
925,925,0.1402,0,2026-03-31T09:00:42.968246
926,926,0.2931,0,2026-03-31T09:00:42.968246
927,927,0.0043,0,2026-03-31T09:00:42.968246
928,928,0.1266,0,2026-03-31T09:00:42.968246
929,929,0.0035,0,2026-03-31T09:00:42.968246
930,930,0.0663,0,2026-03-31T09:00:42.968246
931,931,0.0219,0,2026-03-31T09:00:42.968246
932,932,0.0186,0,2026-03-31T09:00:42.968246
933,933,0.2672,0,2026-03-31T09:00:42.968246
934,934,0.1711,0,2026-03-31T09:00:42.968246
935,935,0.0632,0,2026-03-31T09:00:42.968246
936,936,0.0089,0,2026-03-31T09:00:42.968246
937,937,0.0064,0,2026-03-31T09:00:42.968246
938,938,0.1044,0,2026-03-31T09:00:42.968246
939,939,0.6962,1,2026-03-31T09:00:42.968246
940,940,0.7629,1,2026-03-31T09:00:42.968246
941,941,0.0783,0,2026-03-31T09:00:42.968246
942,942,0.5461,1,2026-03-31T09:00:42.968246
943,943,0.0007,0,2026-03-31T09:00:42.968246
944,944,0.2832,0,2026-03-31T09:00:42.968246
945,945,0.588,1,2026-03-31T09:00:42.968246
946,946,0.0249,0,2026-03-31T09:00:42.968246
947,947,0.0,0,2026-03-31T09:00:42.968246
948,948,0.2745,0,2026-03-31T09:00:42.968246
949,949,0.1777,0,2026-03-31T09:00:42.968246
950,950,0.4212,0,2026-03-31T09:00:42.968246
951,951,0.01,0,2026-03-31T09:00:42.968246
952,952,0.4132,0,2026-03-31T09:00:42.968246
953,953,0.1604,0,2026-03-31T09:00:42.968246
954,954,0.1233,0,2026-03-31T09:00:42.968246
955,955,0.0257,0,2026-03-31T09:00:42.968246
956,956,0.1906,0,2026-03-31T09:00:42.968246
957,957,0.1513,0,2026-03-31T09:00:42.968246
958,958,0.1871,0,2026-03-31T09:00:42.968246
959,959,0.0887,0,2026-03-31T09:00:42.968246
960,960,0.1552,0,2026-03-31T09:00:42.968246
961,961,0.0147,0,2026-03-31T09:00:42.968246
962,962,0.008,0,2026-03-31T09:00:42.968246
963,963,0.0604,0,2026-03-31T09:00:42.968246
964,964,0.2193,0,2026-03-31T09:00:42.968246
965,965,0.1882,0,2026-03-31T09:00:42.968246
966,966,0.1925,0,2026-03-31T09:00:42.968246
967,967,0.4184,0,2026-03-31T09:00:42.968246
968,968,0.077,0,2026-03-31T09:00:42.968246
969,969,0.3326,0,2026-03-31T09:00:42.968246
970,970,0.114,0,2026-03-31T09:00:42.968246
971,971,0.3381,0,2026-03-31T09:00:42.968246
972,972,0.188,0,2026-03-31T09:00:42.968246
973,973,0.3656,0,2026-03-31T09:00:42.968246
974,974,0.5657,1,2026-03-31T09:00:42.968246
975,975,0.1051,0,2026-03-31T09:00:42.968246
976,976,0.0627,0,2026-03-31T09:00:42.968246
977,977,0.0241,0,2026-03-31T09:00:42.968246
978,978,0.1728,0,2026-03-31T09:00:42.968246
979,979,0.1844,0,2026-03-31T09:00:42.968246
980,980,0.3026,0,2026-03-31T09:00:42.968246
981,981,0.0379,0,2026-03-31T09:00:42.968246
982,982,0.1129,0,2026-03-31T09:00:42.968246
983,983,0.182,0,2026-03-31T09:00:42.968246
984,984,0.1907,0,2026-03-31T09:00:42.968246
985,985,0.0327,0,2026-03-31T09:00:42.968246
986,986,0.3561,0,2026-03-31T09:00:42.968246
987,987,0.6808,1,2026-03-31T09:00:42.968246
988,988,0.035,0,2026-03-31T09:00:42.968246
989,989,0.208,0,2026-03-31T09:00:42.968246
990,990,0.0738,0,2026-03-31T09:00:42.968246
991,991,0.3237,0,2026-03-31T09:00:42.968246
992,992,0.2062,0,2026-03-31T09:00:42.968246
993,993,0.0648,0,2026-03-31T09:00:42.968246
994,994,0.1665,0,2026-03-31T09:00:42.968246
995,995,0.1952,0,2026-03-31T09:00:42.968246
996,996,0.0897,0,2026-03-31T09:00:42.968246
997,997,0.6096,1,2026-03-31T09:00:42.968246
998,998,0.0872,0,2026-03-31T09:00:42.968246
999,999,0.5727,1,2026-03-31T09:00:42.968246
1000,1000,0.0642,0,2026-03-31T09:00:42.968246
1001,1001,0.0688,0,2026-03-31T09:00:42.968246
1002,1002,0.427,0,2026-03-31T09:00:42.968246
1003,1003,0.0021,0,2026-03-31T09:00:42.968246
1004,1004,0.0526,0,2026-03-31T09:00:42.968246
1005,1005,0.1643,0,2026-03-31T09:00:42.968246
1006,1006,0.0913,0,2026-03-31T09:00:42.968246
1007,1007,0.0077,0,2026-03-31T09:00:42.968246
1008,1008,0.037,0,2026-03-31T09:00:42.968246
1009,1009,0.0271,0,2026-03-31T09:00:42.968246
1010,1010,0.0799,0,2026-03-31T09:00:42.968246
1011,1011,0.0736,0,2026-03-31T09:00:42.968246
1012,1012,0.0471,0,2026-03-31T09:00:42.968246
1013,1013,0.0105,0,2026-03-31T09:00:42.968246
1014,1014,0.0,0,2026-03-31T09:00:42.968246
1015,1015,0.2715,0,2026-03-31T09:00:42.968246
1016,1016,0.0363,0,2026-03-31T09:00:42.968246
1017,1017,0.1941,0,2026-03-31T09:00:42.968246
1018,1018,0.6489,1,2026-03-31T09:00:42.968246
1019,1019,0.0801,0,2026-03-31T09:00:42.968246
1020,1020,0.6518,1,2026-03-31T09:00:42.968246
1021,1021,0.1468,0,2026-03-31T09:00:42.968246
1022,1022,0.1401,0,2026-03-31T09:00:42.968246
1023,1023,0.0695,0,2026-03-31T09:00:42.968246
1024,1024,0.1052,0,2026-03-31T09:00:42.968246
1025,1025,0.0417,0,2026-03-31T09:00:42.968246
1026,1026,0.3178,0,2026-03-31T09:00:42.968246
1027,1027,0.2069,0,2026-03-31T09:00:42.968246
1028,1028,0.0182,0,2026-03-31T09:00:42.968246
1029,1029,0.0112,0,2026-03-31T09:00:42.968246
1030,1030,0.0157,0,2026-03-31T09:00:42.968246
1031,1031,0.5725,1,2026-03-31T09:00:42.968246
1032,1032,0.1727,0,2026-03-31T09:00:42.968246
1033,1033,0.1944,0,2026-03-31T09:00:42.968246
1034,1034,0.2959,0,2026-03-31T09:00:42.968246
1035,1035,0.4225,0,2026-03-31T09:00:42.968246
1036,1036,0.0442,0,2026-03-31T09:00:42.968246
1037,1037,0.0255,0,2026-03-31T09:00:42.968246
1038,1038,0.1978,0,2026-03-31T09:00:42.968246
1039,1039,0.2992,0,2026-03-31T09:00:42.968246
1040,1040,0.248,0,2026-03-31T09:00:42.968246
1041,1041,0.0189,0,2026-03-31T09:00:42.968246
1042,1042,0.6896,1,2026-03-31T09:00:42.968246
1043,1043,0.0413,0,2026-03-31T09:00:42.968246
1044,1044,0.1289,0,2026-03-31T09:00:42.968246
1045,1045,0.1433,0,2026-03-31T09:00:42.968246
1046,1046,0.104,0,2026-03-31T09:00:42.968246
1047,1047,0.008,0,2026-03-31T09:00:42.968246
1048,1048,0.6107,1,2026-03-31T09:00:42.968246
1049,1049,0.5461,1,2026-03-31T09:00:42.968246
1050,1050,0.142,0,2026-03-31T09:00:42.968246
1051,1051,0.1069,0,2026-03-31T09:00:42.968246
1052,1052,0.0237,0,2026-03-31T09:00:42.968246
1053,1053,0.1973,0,2026-03-31T09:00:42.968246
1054,1054,0.588,1,2026-03-31T09:00:42.968246
1055,1055,0.1372,0,2026-03-31T09:00:42.968246
1056,1056,0.0479,0,2026-03-31T09:00:42.968246
1057,1057,0.0255,0,2026-03-31T09:00:42.968246
1058,1058,0.0218,0,2026-03-31T09:00:42.968246
1059,1059,0.225,0,2026-03-31T09:00:42.968246
1060,1060,0.6115,1,2026-03-31T09:00:42.968246
1061,1061,0.0344,0,2026-03-31T09:00:42.968246
1062,1062,0.1008,0,2026-03-31T09:00:42.968246
1063,1063,0.2085,0,2026-03-31T09:00:42.968246
1064,1064,0.1757,0,2026-03-31T09:00:42.968246
1065,1065,0.146,0,2026-03-31T09:00:42.968246
1066,1066,0.0195,0,2026-03-31T09:00:42.968246
1067,1067,0.3249,0,2026-03-31T09:00:42.968246
1068,1068,0.0943,0,2026-03-31T09:00:42.968246
1069,1069,0.7303,1,2026-03-31T09:00:42.968246
1070,1070,0.3622,0,2026-03-31T09:00:42.968246
1071,1071,0.4139,0,2026-03-31T09:00:42.968246
1072,1072,0.2405,0,2026-03-31T09:00:42.968246
1073,1073,0.1019,0,2026-03-31T09:00:42.968246
1074,1074,0.688,1,2026-03-31T09:00:42.968246
1075,1075,0.3533,0,2026-03-31T09:00:42.968246
1076,1076,0.0423,0,2026-03-31T09:00:42.968246
1077,1077,0.2761,0,2026-03-31T09:00:42.968246
1078,1078,0.0335,0,2026-03-31T09:00:42.968246
1079,1079,0.1066,0,2026-03-31T09:00:42.968246
1080,1080,0.1188,0,2026-03-31T09:00:42.968246
1081,1081,0.1044,0,2026-03-31T09:00:42.968246
1082,1082,0.0574,0,2026-03-31T09:00:42.968246
1083,1083,0.1726,0,2026-03-31T09:00:42.968246
1084,1084,0.1674,0,2026-03-31T09:00:42.968246
1085,1085,0.5338,1,2026-03-31T09:00:42.968246
1086,1086,0.3937,0,2026-03-31T09:00:42.968246
1087,1087,0.5503,1,2026-03-31T09:00:42.968246
1088,1088,0.0189,0,2026-03-31T09:00:42.968246
1089,1089,0.0,0,2026-03-31T09:00:42.968246
1090,1090,0.0382,0,2026-03-31T09:00:42.968246
1091,1091,0.5829,1,2026-03-31T09:00:42.968246
1092,1092,0.1845,0,2026-03-31T09:00:42.968246
1093,1093,0.2053,0,2026-03-31T09:00:42.968246
1094,1094,0.0805,0,2026-03-31T09:00:42.968246
1095,1095,0.4947,0,2026-03-31T09:00:42.968246
1096,1096,0.3761,0,2026-03-31T09:00:42.968246
1097,1097,0.336,0,2026-03-31T09:00:42.968246
1098,1098,0.2908,0,2026-03-31T09:00:42.968246
1099,1099,0.151,0,2026-03-31T09:00:42.968246
1100,1100,0.1032,0,2026-03-31T09:00:42.968246
1101,1101,0.6367,1,2026-03-31T09:00:42.968246
1102,1102,0.1785,0,2026-03-31T09:00:42.968246
1103,1103,0.141,0,2026-03-31T09:00:42.968246
1104,1104,0.0124,0,2026-03-31T09:00:42.968246
1105,1105,0.0503,0,2026-03-31T09:00:42.968246
1106,1106,0.2607,0,2026-03-31T09:00:42.968246
1107,1107,0.2858,0,2026-03-31T09:00:42.968246
1108,1108,0.0061,0,2026-03-31T09:00:42.968246
1109,1109,0.1065,0,2026-03-31T09:00:42.968246
1110,1110,0.2858,0,2026-03-31T09:00:42.968246
1111,1111,0.0775,0,2026-03-31T09:00:42.968246
1112,1112,0.382,0,2026-03-31T09:00:42.968246
1113,1113,0.3258,0,2026-03-31T09:00:42.968246
1114,1114,0.1229,0,2026-03-31T09:00:42.968246
1115,1115,0.02,0,2026-03-31T09:00:42.968246
1116,1116,0.5714,1,2026-03-31T09:00:42.968246
1117,1117,0.0035,0,2026-03-31T09:00:42.968246
1118,1118,0.3638,0,2026-03-31T09:00:42.968246
1119,1119,0.043,0,2026-03-31T09:00:42.968246
1120,1120,0.029,0,2026-03-31T09:00:42.968246
1121,1121,0.3307,0,2026-03-31T09:00:42.968246
1122,1122,0.0531,0,2026-03-31T09:00:42.968246
1123,1123,0.0,0,2026-03-31T09:00:42.968246
1124,1124,0.0276,0,2026-03-31T09:00:42.968246
1125,1125,0.0384,0,2026-03-31T09:00:42.968246
1126,1126,0.2786,0,2026-03-31T09:00:42.968246
1127,1127,0.0,0,2026-03-31T09:00:42.968246
1128,1128,0.1193,0,2026-03-31T09:00:42.968246
1129,1129,0.0895,0,2026-03-31T09:00:42.968246
1130,1130,0.0058,0,2026-03-31T09:00:42.968246
1131,1131,0.0183,0,2026-03-31T09:00:42.968246
1132,1132,0.4364,0,2026-03-31T09:00:42.968246
1133,1133,0.033,0,2026-03-31T09:00:42.968246
1134,1134,0.5715,1,2026-03-31T09:00:42.968246
1135,1135,0.2147,0,2026-03-31T09:00:42.968246
1136,1136,0.0531,0,2026-03-31T09:00:42.968246
1137,1137,0.3055,0,2026-03-31T09:00:42.968246
1138,1138,0.0143,0,2026-03-31T09:00:42.968246
1139,1139,0.0236,0,2026-03-31T09:00:42.968246
1140,1140,0.0765,0,2026-03-31T09:00:42.968246
1141,1141,0.0295,0,2026-03-31T09:00:42.968246
1142,1142,0.0052,0,2026-03-31T09:00:42.968246
1143,1143,0.1721,0,2026-03-31T09:00:42.968246
1144,1144,0.1417,0,2026-03-31T09:00:42.968246
1145,1145,0.0351,0,2026-03-31T09:00:42.968246
1146,1146,0.1952,0,2026-03-31T09:00:42.968246
1147,1147,0.1262,0,2026-03-31T09:00:42.968246
1148,1148,0.0539,0,2026-03-31T09:00:42.968246
1149,1149,0.0386,0,2026-03-31T09:00:42.968246
1150,1150,0.1053,0,2026-03-31T09:00:42.968246
1151,1151,0.0515,0,2026-03-31T09:00:42.968246
1152,1152,0.106,0,2026-03-31T09:00:42.968246
1153,1153,0.6115,1,2026-03-31T09:00:42.968246
1154,1154,0.1174,0,2026-03-31T09:00:42.968246
1155,1155,0.1423,0,2026-03-31T09:00:42.968246
1156,1156,0.2714,0,2026-03-31T09:00:42.968246
1157,1157,0.0484,0,2026-03-31T09:00:42.968246
1158,1158,0.0711,0,2026-03-31T09:00:42.968246
1159,1159,0.0018,0,2026-03-31T09:00:42.968246
1160,1160,0.1025,0,2026-03-31T09:00:42.968246
1161,1161,0.3928,0,2026-03-31T09:00:42.968246
1162,1162,0.0357,0,2026-03-31T09:00:42.968246
1163,1163,0.3658,0,2026-03-31T09:00:42.968246
1164,1164,0.2855,0,2026-03-31T09:00:42.968246
1165,1165,0.3787,0,2026-03-31T09:00:42.968246
1166,1166,0.0039,0,2026-03-31T09:00:42.968246
1167,1167,0.2023,0,2026-03-31T09:00:42.968246
1168,1168,0.0476,0,2026-03-31T09:00:42.968246
1169,1169,0.0098,0,2026-03-31T09:00:42.968246
1170,1170,0.0607,0,2026-03-31T09:00:42.968246
1171,1171,0.2841,0,2026-03-31T09:00:42.968246
1172,1172,0.016,0,2026-03-31T09:00:42.968246
1173,1173,0.2121,0,2026-03-31T09:00:42.968246
1174,1174,0.0256,0,2026-03-31T09:00:42.968246
1175,1175,0.2512,0,2026-03-31T09:00:42.968246
1176,1176,0.0432,0,2026-03-31T09:00:42.968246
1177,1177,0.1949,0,2026-03-31T09:00:42.968246
1178,1178,0.2281,0,2026-03-31T09:00:42.968246
1179,1179,0.0044,0,2026-03-31T09:00:42.968246
1180,1180,0.6604,1,2026-03-31T09:00:42.968246
1181,1181,0.0802,0,2026-03-31T09:00:42.968246
1182,1182,0.1233,0,2026-03-31T09:00:42.968246
1183,1183,0.0123,0,2026-03-31T09:00:42.968246
1184,1184,0.0848,0,2026-03-31T09:00:42.968246
1185,1185,0.0291,0,2026-03-31T09:00:42.968246
1186,1186,0.0374,0,2026-03-31T09:00:42.968246
1187,1187,0.1429,0,2026-03-31T09:00:42.968246
1188,1188,0.0323,0,2026-03-31T09:00:42.968246
1189,1189,0.6515,1,2026-03-31T09:00:42.968246
1190,1190,0.6089,1,2026-03-31T09:00:42.968246
1191,1191,0.1974,0,2026-03-31T09:00:42.968246
1192,1192,0.0,0,2026-03-31T09:00:42.968246
1193,1193,0.0152,0,2026-03-31T09:00:42.968246
1194,1194,0.1863,0,2026-03-31T09:00:42.968246
1195,1195,0.4069,0,2026-03-31T09:00:42.968246
1196,1196,0.2188,0,2026-03-31T09:00:42.968246
1197,1197,0.2424,0,2026-03-31T09:00:42.968246
1198,1198,0.0199,0,2026-03-31T09:00:42.968246
1199,1199,0.0114,0,2026-03-31T09:00:42.968246
1200,1200,0.2564,0,2026-03-31T09:00:42.968246
1201,1201,0.4078,0,2026-03-31T09:00:42.968246
1202,1202,0.0059,0,2026-03-31T09:00:42.968246
1203,1203,0.0056,0,2026-03-31T09:00:42.968246
1204,1204,0.5959,1,2026-03-31T09:00:42.968246
1205,1205,0.0616,0,2026-03-31T09:00:42.968246
1206,1206,0.0699,0,2026-03-31T09:00:42.968246
1207,1207,0.6193,1,2026-03-31T09:00:42.968246
1208,1208,0.1744,0,2026-03-31T09:00:42.968246
1209,1209,0.0,0,2026-03-31T09:00:42.968246
1210,1210,0.0415,0,2026-03-31T09:00:42.968246
1211,1211,0.0026,0,2026-03-31T09:00:42.968246
1212,1212,0.0179,0,2026-03-31T09:00:42.968246
1213,1213,0.2786,0,2026-03-31T09:00:42.968246
1214,1214,0.3106,0,2026-03-31T09:00:42.968246
1215,1215,0.1428,0,2026-03-31T09:00:42.968246
1216,1216,0.1524,0,2026-03-31T09:00:42.968246
1217,1217,0.1031,0,2026-03-31T09:00:42.968246
1218,1218,0.0125,0,2026-03-31T09:00:42.968246
1219,1219,0.1835,0,2026-03-31T09:00:42.968246
1220,1220,0.6113,1,2026-03-31T09:00:42.968246
1221,1221,0.035,0,2026-03-31T09:00:42.968246
1222,1222,0.0435,0,2026-03-31T09:00:42.968246
1223,1223,0.1969,0,2026-03-31T09:00:42.968246
1224,1224,0.0052,0,2026-03-31T09:00:42.968246
1225,1225,0.4137,0,2026-03-31T09:00:42.968246
1226,1226,0.0479,0,2026-03-31T09:00:42.968246
1227,1227,0.1667,0,2026-03-31T09:00:42.968246
1228,1228,0.0486,0,2026-03-31T09:00:42.968246
1229,1229,0.076,0,2026-03-31T09:00:42.968246
1230,1230,0.0087,0,2026-03-31T09:00:42.968246
1231,1231,0.2518,0,2026-03-31T09:00:42.968246
1232,1232,0.682,1,2026-03-31T09:00:42.968246
1233,1233,0.0334,0,2026-03-31T09:00:42.968246
1234,1234,0.0782,0,2026-03-31T09:00:42.968246
1235,1235,0.1801,0,2026-03-31T09:00:42.968246
1236,1236,0.0078,0,2026-03-31T09:00:42.968246
1237,1237,0.0419,0,2026-03-31T09:00:42.968246
1238,1238,0.2156,0,2026-03-31T09:00:42.968246
1239,1239,0.1221,0,2026-03-31T09:00:42.968246
1240,1240,0.2324,0,2026-03-31T09:00:42.968246
1241,1241,0.1108,0,2026-03-31T09:00:42.968246
1242,1242,0.1422,0,2026-03-31T09:00:42.968246
1243,1243,0.0,0,2026-03-31T09:00:42.968246
1244,1244,0.3455,0,2026-03-31T09:00:42.968246
1245,1245,0.1011,0,2026-03-31T09:00:42.968246
1246,1246,0.0723,0,2026-03-31T09:00:42.968246
1247,1247,0.0928,0,2026-03-31T09:00:42.968246
1248,1248,0.0493,0,2026-03-31T09:00:42.968246
1249,1249,0.2964,0,2026-03-31T09:00:42.968246
1250,1250,0.1745,0,2026-03-31T09:00:42.968246
1251,1251,0.192,0,2026-03-31T09:00:42.968246
1252,1252,0.296,0,2026-03-31T09:00:42.968246
1253,1253,0.1706,0,2026-03-31T09:00:42.968246
1254,1254,0.033,0,2026-03-31T09:00:42.968246
1255,1255,0.3185,0,2026-03-31T09:00:42.968246
1256,1256,0.082,0,2026-03-31T09:00:42.968246
1257,1257,0.445,0,2026-03-31T09:00:42.968246
1258,1258,0.3256,0,2026-03-31T09:00:42.968246
1259,1259,0.1242,0,2026-03-31T09:00:42.968246
1260,1260,0.635,1,2026-03-31T09:00:42.968246
1261,1261,0.1332,0,2026-03-31T09:00:42.968246
1262,1262,0.2961,0,2026-03-31T09:00:42.968246
1263,1263,0.0166,0,2026-03-31T09:00:42.968246
1264,1264,0.0552,0,2026-03-31T09:00:42.968246
1265,1265,0.2216,0,2026-03-31T09:00:42.968246
1266,1266,0.1738,0,2026-03-31T09:00:42.968246
1267,1267,0.0417,0,2026-03-31T09:00:42.968246
1268,1268,0.0718,0,2026-03-31T09:00:42.968246
1269,1269,0.0752,0,2026-03-31T09:00:42.968246
1270,1270,0.7326,1,2026-03-31T09:00:42.968246
1271,1271,0.5612,1,2026-03-31T09:00:42.968246
1272,1272,0.0546,0,2026-03-31T09:00:42.968246
1273,1273,0.3527,0,2026-03-31T09:00:42.968246
1274,1274,0.0627,0,2026-03-31T09:00:42.968246
1275,1275,0.0655,0,2026-03-31T09:00:42.968246
1276,1276,0.4781,0,2026-03-31T09:00:42.968246
1277,1277,0.2239,0,2026-03-31T09:00:42.968246
1278,1278,0.0728,0,2026-03-31T09:00:42.968246
1279,1279,0.0197,0,2026-03-31T09:00:42.968246
1280,1280,0.0271,0,2026-03-31T09:00:42.968246
1281,1281,0.1872,0,2026-03-31T09:00:42.968246
1282,1282,0.0622,0,2026-03-31T09:00:42.968246
1283,1283,0.146,0,2026-03-31T09:00:42.968246
1284,1284,0.0617,0,2026-03-31T09:00:42.968246
1285,1285,0.0241,0,2026-03-31T09:00:42.968246
1286,1286,0.0464,0,2026-03-31T09:00:42.968246
1287,1287,0.0484,0,2026-03-31T09:00:42.968246
1288,1288,0.1743,0,2026-03-31T09:00:42.968246
1289,1289,0.0308,0,2026-03-31T09:00:42.968246
1290,1290,0.1081,0,2026-03-31T09:00:42.968246
1291,1291,0.0672,0,2026-03-31T09:00:42.968246
1292,1292,0.0242,0,2026-03-31T09:00:42.968246
1293,1293,0.098,0,2026-03-31T09:00:42.968246
1294,1294,0.3803,0,2026-03-31T09:00:42.968246
1295,1295,0.0282,0,2026-03-31T09:00:42.968246
1296,1296,0.1159,0,2026-03-31T09:00:42.968246
1297,1297,0.0855,0,2026-03-31T09:00:42.968246
1298,1298,0.0724,0,2026-03-31T09:00:42.968246
1299,1299,0.129,0,2026-03-31T09:00:42.968246
1300,1300,0.1322,0,2026-03-31T09:00:42.968246
1301,1301,0.0119,0,2026-03-31T09:00:42.968246
1302,1302,0.4217,0,2026-03-31T09:00:42.968246
1303,1303,0.0076,0,2026-03-31T09:00:42.968246
1304,1304,0.2487,0,2026-03-31T09:00:42.968246
1305,1305,0.0179,0,2026-03-31T09:00:42.968246
1306,1306,0.0711,0,2026-03-31T09:00:42.968246
1307,1307,0.3072,0,2026-03-31T09:00:42.968246
1308,1308,0.1128,0,2026-03-31T09:00:42.968246
1309,1309,0.2542,0,2026-03-31T09:00:42.968246
1310,1310,0.1465,0,2026-03-31T09:00:42.968246
1311,1311,0.3505,0,2026-03-31T09:00:42.968246
1312,1312,0.4116,0,2026-03-31T09:00:42.968246
1313,1313,0.1565,0,2026-03-31T09:00:42.968246
1314,1314,0.234,0,2026-03-31T09:00:42.968246
1315,1315,0.6421,1,2026-03-31T09:00:42.968246
1316,1316,0.0352,0,2026-03-31T09:00:42.968246
1317,1317,0.1914,0,2026-03-31T09:00:42.968246
1318,1318,0.0415,0,2026-03-31T09:00:42.968246
1319,1319,0.6844,1,2026-03-31T09:00:42.968246
1320,1320,0.0,0,2026-03-31T09:00:42.968246
1321,1321,0.1162,0,2026-03-31T09:00:42.968246
1322,1322,0.1123,0,2026-03-31T09:00:42.968246
1323,1323,0.0488,0,2026-03-31T09:00:42.968246
1324,1324,0.4138,0,2026-03-31T09:00:42.968246
1325,1325,0.2556,0,2026-03-31T09:00:42.968246
1326,1326,0.1523,0,2026-03-31T09:00:42.968246
1327,1327,0.0397,0,2026-03-31T09:00:42.968246
1328,1328,0.0258,0,2026-03-31T09:00:42.968246
1329,1329,0.1288,0,2026-03-31T09:00:42.968246
1330,1330,0.2415,0,2026-03-31T09:00:42.968246
1331,1331,0.3417,0,2026-03-31T09:00:42.968246
1332,1332,0.1566,0,2026-03-31T09:00:42.968246
1333,1333,0.1245,0,2026-03-31T09:00:42.968246
1334,1334,0.0119,0,2026-03-31T09:00:42.968246
1335,1335,0.0067,0,2026-03-31T09:00:42.968246
1336,1336,0.0352,0,2026-03-31T09:00:42.968246
1337,1337,0.6244,1,2026-03-31T09:00:42.968246
1338,1338,0.0467,0,2026-03-31T09:00:42.968246
1339,1339,0.0232,0,2026-03-31T09:00:42.968246
1340,1340,0.1304,0,2026-03-31T09:00:42.968246
1341,1341,0.2034,0,2026-03-31T09:00:42.968246
1342,1342,0.0594,0,2026-03-31T09:00:42.968246
1343,1343,0.0599,0,2026-03-31T09:00:42.968246
1344,1344,0.5241,1,2026-03-31T09:00:42.968246
1345,1345,0.294,0,2026-03-31T09:00:42.968246
1346,1346,0.2489,0,2026-03-31T09:00:42.968246
1347,1347,0.1254,0,2026-03-31T09:00:42.968246
1348,1348,0.1633,0,2026-03-31T09:00:42.968246
1349,1349,0.1507,0,2026-03-31T09:00:42.968246
1350,1350,0.2399,0,2026-03-31T09:00:42.968246
1351,1351,0.1212,0,2026-03-31T09:00:42.968246
1352,1352,0.1659,0,2026-03-31T09:00:42.968246
1353,1353,0.6231,1,2026-03-31T09:00:42.968246
1354,1354,0.1433,0,2026-03-31T09:00:42.968246
1355,1355,0.0046,0,2026-03-31T09:00:42.968246
1356,1356,0.6423,1,2026-03-31T09:00:42.968246
1357,1357,0.0967,0,2026-03-31T09:00:42.968246
1358,1358,0.2028,0,2026-03-31T09:00:42.968246
1359,1359,0.0414,0,2026-03-31T09:00:42.968246
1360,1360,0.344,0,2026-03-31T09:00:42.968246
1361,1361,0.1296,0,2026-03-31T09:00:42.968246
1362,1362,0.0633,0,2026-03-31T09:00:42.968246
1363,1363,0.1796,0,2026-03-31T09:00:42.968246
1364,1364,0.0558,0,2026-03-31T09:00:42.968246
1365,1365,0.6454,1,2026-03-31T09:00:42.968246
1366,1366,0.7086,1,2026-03-31T09:00:42.968246
1367,1367,0.259,0,2026-03-31T09:00:42.968246
1368,1368,0.3042,0,2026-03-31T09:00:42.968246
1369,1369,0.0906,0,2026-03-31T09:00:42.968246
1370,1370,0.3837,0,2026-03-31T09:00:42.968246
1371,1371,0.0,0,2026-03-31T09:00:42.968246
1372,1372,0.0707,0,2026-03-31T09:00:42.968246
1373,1373,0.6141,1,2026-03-31T09:00:42.968246
1374,1374,0.0374,0,2026-03-31T09:00:42.968246
1375,1375,0.0188,0,2026-03-31T09:00:42.968246
1376,1376,0.1743,0,2026-03-31T09:00:42.968246
1377,1377,0.2726,0,2026-03-31T09:00:42.968246
1378,1378,0.1271,0,2026-03-31T09:00:42.968246
1379,1379,0.0909,0,2026-03-31T09:00:42.968246
1380,1380,0.7802,1,2026-03-31T09:00:42.968246
1381,1381,0.1948,0,2026-03-31T09:00:42.968246
1382,1382,0.0009,0,2026-03-31T09:00:42.968246
1383,1383,0.1144,0,2026-03-31T09:00:42.968246
1384,1384,0.2739,0,2026-03-31T09:00:42.968246
1385,1385,0.3071,0,2026-03-31T09:00:42.968246
1386,1386,0.6072,1,2026-03-31T09:00:42.968246
1387,1387,0.0871,0,2026-03-31T09:00:42.968246
1388,1388,0.1118,0,2026-03-31T09:00:42.968246
1389,1389,0.0234,0,2026-03-31T09:00:42.968246
1390,1390,0.2042,0,2026-03-31T09:00:42.968246
1391,1391,0.6732,1,2026-03-31T09:00:42.968246
1392,1392,0.0562,0,2026-03-31T09:00:42.968246
1393,1393,0.0443,0,2026-03-31T09:00:42.968246
1394,1394,0.4777,0,2026-03-31T09:00:42.968246
1395,1395,0.0012,0,2026-03-31T09:00:42.968246
1396,1396,0.1239,0,2026-03-31T09:00:42.968246
1397,1397,0.3834,0,2026-03-31T09:00:42.968246
1398,1398,0.1281,0,2026-03-31T09:00:42.968246
1399,1399,0.3342,0,2026-03-31T09:00:42.968246
1400,1400,0.1411,0,2026-03-31T09:00:42.968246
1401,1401,0.1045,0,2026-03-31T09:00:42.968246
1402,1402,0.1106,0,2026-03-31T09:00:42.968246
1403,1403,0.0404,0,2026-03-31T09:00:42.968246
1404,1404,0.3006,0,2026-03-31T09:00:42.968246
1405,1405,0.0836,0,2026-03-31T09:00:42.968246
1406,1406,0.1607,0,2026-03-31T09:00:42.968246
1407,1407,0.2637,0,2026-03-31T09:00:42.968246
1408,1408,0.0985,0,2026-03-31T09:00:42.968246
1409,1409,0.1616,0,2026-03-31T09:00:42.968246
1410,1410,0.326,0,2026-03-31T09:00:42.968246
1411,1411,0.0248,0,2026-03-31T09:00:42.968246
1412,1412,0.187,0,2026-03-31T09:00:42.968246
1413,1413,0.3624,0,2026-03-31T09:00:42.968246
1414,1414,0.6211,1,2026-03-31T09:00:42.968246
1415,1415,0.0874,0,2026-03-31T09:00:42.968246
1416,1416,0.0887,0,2026-03-31T09:00:42.968246
1417,1417,0.0605,0,2026-03-31T09:00:42.968246
1418,1418,0.6084,1,2026-03-31T09:00:42.968246
1419,1419,0.1146,0,2026-03-31T09:00:42.968246
1420,1420,0.4148,0,2026-03-31T09:00:42.968246
1421,1421,0.4183,0,2026-03-31T09:00:42.968246
1422,1422,0.0089,0,2026-03-31T09:00:42.968246
1423,1423,0.1754,0,2026-03-31T09:00:42.968246
1424,1424,0.2553,0,2026-03-31T09:00:42.968246
1425,1425,0.1761,0,2026-03-31T09:00:42.968246
1426,1426,0.1571,0,2026-03-31T09:00:42.968246
1427,1427,0.162,0,2026-03-31T09:00:42.968246
1428,1428,0.0275,0,2026-03-31T09:00:42.968246
1429,1429,0.0682,0,2026-03-31T09:00:42.968246
1430,1430,0.2566,0,2026-03-31T09:00:42.968246
1431,1431,0.2473,0,2026-03-31T09:00:42.968246
1432,1432,0.1351,0,2026-03-31T09:00:42.968246
1433,1433,0.0814,0,2026-03-31T09:00:42.968246
1434,1434,0.6553,1,2026-03-31T09:00:42.968246
1435,1435,0.0054,0,2026-03-31T09:00:42.968246
1436,1436,0.0315,0,2026-03-31T09:00:42.968246
1437,1437,0.1335,0,2026-03-31T09:00:42.968246
1438,1438,0.158,0,2026-03-31T09:00:42.968246
1439,1439,0.146,0,2026-03-31T09:00:42.968246
1440,1440,0.0436,0,2026-03-31T09:00:42.968246
1441,1441,0.0279,0,2026-03-31T09:00:42.968246
1442,1442,0.1299,0,2026-03-31T09:00:42.968246
1443,1443,0.0765,0,2026-03-31T09:00:42.968246
1444,1444,0.2692,0,2026-03-31T09:00:42.968246
1445,1445,0.3565,0,2026-03-31T09:00:42.968246
1446,1446,0.6876,1,2026-03-31T09:00:42.968246
1447,1447,0.0937,0,2026-03-31T09:00:42.968246
1448,1448,0.0284,0,2026-03-31T09:00:42.968246
1449,1449,0.2497,0,2026-03-31T09:00:42.968246
1450,1450,0.1793,0,2026-03-31T09:00:42.968246
1451,1451,0.0267,0,2026-03-31T09:00:42.968246
1452,1452,0.1804,0,2026-03-31T09:00:42.968246
1453,1453,0.3572,0,2026-03-31T09:00:42.968246
1454,1454,0.1023,0,2026-03-31T09:00:42.968246
1455,1455,0.1838,0,2026-03-31T09:00:42.968246
1456,1456,0.4462,0,2026-03-31T09:00:42.968246
1457,1457,0.1407,0,2026-03-31T09:00:42.968246
1458,1458,0.5766,1,2026-03-31T09:00:42.968246
1459,1459,0.2544,0,2026-03-31T09:00:42.968246
1460,1460,0.1596,0,2026-03-31T09:00:42.968246
1461,1461,0.0605,0,2026-03-31T09:00:42.968246
1462,1462,0.0244,0,2026-03-31T09:00:42.968246
1463,1463,0.1474,0,2026-03-31T09:00:42.968246
1464,1464,0.4365,0,2026-03-31T09:00:42.968246
1465,1465,0.213,0,2026-03-31T09:00:42.968246
1466,1466,0.0911,0,2026-03-31T09:00:42.968246
1467,1467,0.0604,0,2026-03-31T09:00:42.968246
1468,1468,0.1422,0,2026-03-31T09:00:42.968246
1469,1469,0.0691,0,2026-03-31T09:00:42.968246
1470,1470,0.2993,0,2026-03-31T09:00:42.968246
1471,1471,0.1493,0,2026-03-31T09:00:42.968246
1472,1472,0.3278,0,2026-03-31T09:00:42.968246
1473,1473,0.0673,0,2026-03-31T09:00:42.968246
1474,1474,0.0573,0,2026-03-31T09:00:42.968246
1475,1475,0.7188,1,2026-03-31T09:00:42.968246
1476,1476,0.1197,0,2026-03-31T09:00:42.968246
1477,1477,0.0192,0,2026-03-31T09:00:42.968246
1478,1478,0.3257,0,2026-03-31T09:00:42.968246
1479,1479,0.6624,1,2026-03-31T09:00:42.968246
1480,1480,0.0426,0,2026-03-31T09:00:42.968246
1481,1481,0.6003,1,2026-03-31T09:00:42.968246
1482,1482,0.3074,0,2026-03-31T09:00:42.968246
1483,1483,0.0224,0,2026-03-31T09:00:42.968246
1484,1484,0.3086,0,2026-03-31T09:00:42.968246
1485,1485,0.2918,0,2026-03-31T09:00:42.968246
1486,1486,0.0254,0,2026-03-31T09:00:42.968246
1487,1487,0.0474,0,2026-03-31T09:00:42.968246
1488,1488,0.1446,0,2026-03-31T09:00:42.968246
1489,1489,0.0221,0,2026-03-31T09:00:42.968246
1490,1490,0.2268,0,2026-03-31T09:00:42.968246
1491,1491,0.1372,0,2026-03-31T09:00:42.968246
1492,1492,0.3782,0,2026-03-31T09:00:42.968246
1493,1493,0.0555,0,2026-03-31T09:00:42.968246
1494,1494,0.1292,0,2026-03-31T09:00:42.968246
1495,1495,0.0379,0,2026-03-31T09:00:42.968246
1496,1496,0.015,0,2026-03-31T09:00:42.968246
1497,1497,0.3213,0,2026-03-31T09:00:42.968246
1498,1498,0.1371,0,2026-03-31T09:00:42.968246
1499,1499,0.0482,0,2026-03-31T09:00:42.968246
1500,1500,0.0381,0,2026-03-31T09:00:42.968246
1501,1501,0.0502,0,2026-03-31T09:00:42.968246
1502,1502,0.0404,0,2026-03-31T09:00:42.968246
1503,1503,0.2865,0,2026-03-31T09:00:42.968246
1504,1504,0.0,0,2026-03-31T09:00:42.968246
1505,1505,0.3175,0,2026-03-31T09:00:42.968246
1506,1506,0.0198,0,2026-03-31T09:00:42.968246
1507,1507,0.2521,0,2026-03-31T09:00:42.968246
1508,1508,0.1462,0,2026-03-31T09:00:42.968246
1509,1509,0.2043,0,2026-03-31T09:00:42.968246
1510,1510,0.2727,0,2026-03-31T09:00:42.968246
1511,1511,0.6889,1,2026-03-31T09:00:42.968246
1512,1512,0.031,0,2026-03-31T09:00:42.968246
1513,1513,0.0393,0,2026-03-31T09:00:42.968246
1514,1514,0.2939,0,2026-03-31T09:00:42.968246
1515,1515,0.0,0,2026-03-31T09:00:42.968246
1516,1516,0.1354,0,2026-03-31T09:00:42.968246
1517,1517,0.6854,1,2026-03-31T09:00:42.968246
1518,1518,0.1371,0,2026-03-31T09:00:42.968246
1519,1519,0.0861,0,2026-03-31T09:00:42.968246
1520,1520,0.1771,0,2026-03-31T09:00:42.968246
1521,1521,0.0599,0,2026-03-31T09:00:42.968246
1522,1522,0.0279,0,2026-03-31T09:00:42.968246
1523,1523,0.1083,0,2026-03-31T09:00:42.968246
1524,1524,0.2195,0,2026-03-31T09:00:42.968246
1525,1525,0.6171,1,2026-03-31T09:00:42.968246
1526,1526,0.1808,0,2026-03-31T09:00:42.968246
1527,1527,0.6337,1,2026-03-31T09:00:42.968246
1528,1528,0.0975,0,2026-03-31T09:00:42.968246
1529,1529,0.2297,0,2026-03-31T09:00:42.968246
1530,1530,0.0965,0,2026-03-31T09:00:42.968246
1531,1531,0.0494,0,2026-03-31T09:00:42.968246
1532,1532,0.1838,0,2026-03-31T09:00:42.968246
1533,1533,0.0534,0,2026-03-31T09:00:42.968246
1534,1534,0.1488,0,2026-03-31T09:00:42.968246
1535,1535,0.1102,0,2026-03-31T09:00:42.968246
1536,1536,0.2928,0,2026-03-31T09:00:42.968246
1537,1537,0.313,0,2026-03-31T09:00:42.968246
1538,1538,0.2435,0,2026-03-31T09:00:42.968246
1539,1539,0.1199,0,2026-03-31T09:00:42.968246
1540,1540,0.1223,0,2026-03-31T09:00:42.968246
1541,1541,0.0621,0,2026-03-31T09:00:42.968246
1542,1542,0.0955,0,2026-03-31T09:00:42.968246
1543,1543,0.0299,0,2026-03-31T09:00:42.968246
1544,1544,0.0034,0,2026-03-31T09:00:42.968246
1545,1545,0.0155,0,2026-03-31T09:00:42.968246
1546,1546,0.0031,0,2026-03-31T09:00:42.968246
1547,1547,0.5564,1,2026-03-31T09:00:42.968246
1548,1548,0.6274,1,2026-03-31T09:00:42.968246
1549,1549,0.2223,0,2026-03-31T09:00:42.968246
1550,1550,0.6778,1,2026-03-31T09:00:42.968246
1551,1551,0.1013,0,2026-03-31T09:00:42.968246
1552,1552,0.0941,0,2026-03-31T09:00:42.968246
1553,1553,0.0701,0,2026-03-31T09:00:42.968246
1554,1554,0.1798,0,2026-03-31T09:00:42.968246
1555,1555,0.1338,0,2026-03-31T09:00:42.968246
1556,1556,0.272,0,2026-03-31T09:00:42.968246
1557,1557,0.0578,0,2026-03-31T09:00:42.968246
1558,1558,0.717,1,2026-03-31T09:00:42.968246
1559,1559,0.1172,0,2026-03-31T09:00:42.968246
1560,1560,0.2202,0,2026-03-31T09:00:42.968246
1561,1561,0.1377,0,2026-03-31T09:00:42.968246
1562,1562,0.0884,0,2026-03-31T09:00:42.968246
1563,1563,0.0284,0,2026-03-31T09:00:42.968246
1564,1564,0.2008,0,2026-03-31T09:00:42.968246
1565,1565,0.1188,0,2026-03-31T09:00:42.968246
1566,1566,0.0908,0,2026-03-31T09:00:42.968246
1567,1567,0.2386,0,2026-03-31T09:00:42.968246
1568,1568,0.2016,0,2026-03-31T09:00:42.968246
1569,1569,0.0336,0,2026-03-31T09:00:42.968246
1570,1570,0.1718,0,2026-03-31T09:00:42.968246
1571,1571,0.4454,0,2026-03-31T09:00:42.968246
1572,1572,0.3188,0,2026-03-31T09:00:42.968246
1573,1573,0.2121,0,2026-03-31T09:00:42.968246
1574,1574,0.042,0,2026-03-31T09:00:42.968246
1575,1575,0.2054,0,2026-03-31T09:00:42.968246
1576,1576,0.0418,0,2026-03-31T09:00:42.968246
1577,1577,0.1171,0,2026-03-31T09:00:42.968246
1578,1578,0.2978,0,2026-03-31T09:00:42.968246
1579,1579,0.1288,0,2026-03-31T09:00:42.968246
1580,1580,0.6024,1,2026-03-31T09:00:42.968246
1581,1581,0.2871,0,2026-03-31T09:00:42.968246
1582,1582,0.3868,0,2026-03-31T09:00:42.968246
1583,1583,0.1542,0,2026-03-31T09:00:42.968246
1584,1584,0.0385,0,2026-03-31T09:00:42.968246
1585,1585,0.0467,0,2026-03-31T09:00:42.968246
1586,1586,0.0285,0,2026-03-31T09:00:42.968246
1587,1587,0.3137,0,2026-03-31T09:00:42.968246
1588,1588,0.1031,0,2026-03-31T09:00:42.968246
1589,1589,0.6964,1,2026-03-31T09:00:42.968246
1590,1590,0.0,0,2026-03-31T09:00:42.968246
1591,1591,0.0235,0,2026-03-31T09:00:42.968246
1592,1592,0.5191,1,2026-03-31T09:00:42.968246
1593,1593,0.232,0,2026-03-31T09:00:42.968246
1594,1594,0.2834,0,2026-03-31T09:00:42.968246
1595,1595,0.147,0,2026-03-31T09:00:42.968246
1596,1596,0.0426,0,2026-03-31T09:00:42.968246
1597,1597,0.2008,0,2026-03-31T09:00:42.968246
1598,1598,0.2443,0,2026-03-31T09:00:42.968246
1599,1599,0.0433,0,2026-03-31T09:00:42.968246
1600,1600,0.0298,0,2026-03-31T09:00:42.968246
1601,1601,0.0831,0,2026-03-31T09:00:42.968246
1602,1602,0.0406,0,2026-03-31T09:00:42.968246
1603,1603,0.6259,1,2026-03-31T09:00:42.968246
1604,1604,0.1316,0,2026-03-31T09:00:42.968246
1605,1605,0.1496,0,2026-03-31T09:00:42.968246
1606,1606,0.0616,0,2026-03-31T09:00:42.968246
1607,1607,0.0844,0,2026-03-31T09:00:42.968246
1608,1608,0.067,0,2026-03-31T09:00:42.968246
1609,1609,0.6247,1,2026-03-31T09:00:42.968246
1610,1610,0.3566,0,2026-03-31T09:00:42.968246
1611,1611,0.0969,0,2026-03-31T09:00:42.968246
1612,1612,0.3575,0,2026-03-31T09:00:42.968246
1613,1613,0.2916,0,2026-03-31T09:00:42.968246
1614,1614,0.2119,0,2026-03-31T09:00:42.968246
1615,1615,0.304,0,2026-03-31T09:00:42.968246
1616,1616,0.45,0,2026-03-31T09:00:42.968246
1617,1617,0.3375,0,2026-03-31T09:00:42.968246
1618,1618,0.0666,0,2026-03-31T09:00:42.968246
1619,1619,0.0078,0,2026-03-31T09:00:42.968246
1620,1620,0.3143,0,2026-03-31T09:00:42.968246
1621,1621,0.1119,0,2026-03-31T09:00:42.968246
1622,1622,0.1481,0,2026-03-31T09:00:42.968246
1623,1623,0.0365,0,2026-03-31T09:00:42.968246
1624,1624,0.2475,0,2026-03-31T09:00:42.968246
1625,1625,0.162,0,2026-03-31T09:00:42.968246
1626,1626,0.2934,0,2026-03-31T09:00:42.968246
1627,1627,0.63,1,2026-03-31T09:00:42.968246
1628,1628,0.0102,0,2026-03-31T09:00:42.968246
1629,1629,0.0,0,2026-03-31T09:00:42.968246
1630,1630,0.0499,0,2026-03-31T09:00:42.968246
1631,1631,0.1604,0,2026-03-31T09:00:42.968246
1632,1632,0.005,0,2026-03-31T09:00:42.968246
1633,1633,0.0019,0,2026-03-31T09:00:42.968246
1634,1634,0.0318,0,2026-03-31T09:00:42.968246
1635,1635,0.0208,0,2026-03-31T09:00:42.968246
1636,1636,0.205,0,2026-03-31T09:00:42.968246
1637,1637,0.2319,0,2026-03-31T09:00:42.968246
1638,1638,0.0102,0,2026-03-31T09:00:42.968246
1639,1639,0.0137,0,2026-03-31T09:00:42.968246
1640,1640,0.0032,0,2026-03-31T09:00:42.968246
1641,1641,0.0088,0,2026-03-31T09:00:42.968246
1642,1642,0.0044,0,2026-03-31T09:00:42.968246
1643,1643,0.0258,0,2026-03-31T09:00:42.968246
1644,1644,0.1611,0,2026-03-31T09:00:42.968246
1645,1645,0.0185,0,2026-03-31T09:00:42.968246
1646,1646,0.0167,0,2026-03-31T09:00:42.968246
1647,1647,0.1319,0,2026-03-31T09:00:42.968246
1648,1648,0.1704,0,2026-03-31T09:00:42.968246
1649,1649,0.0011,0,2026-03-31T09:00:42.968246
1650,1650,0.0912,0,2026-03-31T09:00:42.968246
1651,1651,0.005,0,2026-03-31T09:00:42.968246
1652,1652,0.2036,0,2026-03-31T09:00:42.968246
1653,1653,0.1568,0,2026-03-31T09:00:42.968246
1654,1654,0.0686,0,2026-03-31T09:00:42.968246
1655,1655,0.0452,0,2026-03-31T09:00:42.968246
1656,1656,0.277,0,2026-03-31T09:00:42.968246
1657,1657,0.016,0,2026-03-31T09:00:42.968246
1658,1658,0.0,0,2026-03-31T09:00:42.968246
1659,1659,0.0,0,2026-03-31T09:00:42.968246
1660,1660,0.0118,0,2026-03-31T09:00:42.968246
1661,1661,0.0112,0,2026-03-31T09:00:42.968246
1662,1662,0.0103,0,2026-03-31T09:00:42.968246
1663,1663,0.3019,0,2026-03-31T09:00:42.968246
1664,1664,0.0,0,2026-03-31T09:00:42.968246
1665,1665,0.2461,0,2026-03-31T09:00:42.968246
1666,1666,0.0148,0,2026-03-31T09:00:42.968246
1667,1667,0.1077,0,2026-03-31T09:00:42.968246
1668,1668,0.1481,0,2026-03-31T09:00:42.968246
1669,1669,0.005,0,2026-03-31T09:00:42.968246
1670,1670,0.0081,0,2026-03-31T09:00:42.968246
1671,1671,0.1876,0,2026-03-31T09:00:42.968246
1672,1672,0.0048,0,2026-03-31T09:00:42.968246
1673,1673,0.258,0,2026-03-31T09:00:42.968246
1674,1674,0.1739,0,2026-03-31T09:00:42.968246
1675,1675,0.254,0,2026-03-31T09:00:42.968246
1676,1676,0.003,0,2026-03-31T09:00:42.968246
1677,1677,0.0226,0,2026-03-31T09:00:42.968246
1678,1678,0.0137,0,2026-03-31T09:00:42.968246
1679,1679,0.0,0,2026-03-31T09:00:42.968246
1680,1680,0.1603,0,2026-03-31T09:00:42.968246
1681,1681,0.0016,0,2026-03-31T09:00:42.968246
1682,1682,0.0254,0,2026-03-31T09:00:42.968246
1683,1683,0.154,0,2026-03-31T09:00:42.968246
1684,1684,0.1366,0,2026-03-31T09:00:42.968246
1685,1685,0.6459,1,2026-03-31T09:00:42.968246
1686,1686,0.0204,0,2026-03-31T09:00:42.968246
1687,1687,0.0,0,2026-03-31T09:00:42.968246
1688,1688,0.0084,0,2026-03-31T09:00:42.968246
1689,1689,0.005,0,2026-03-31T09:00:42.968246
1690,1690,0.1211,0,2026-03-31T09:00:42.968246
1691,1691,0.0057,0,2026-03-31T09:00:42.968246
1692,1692,0.159,0,2026-03-31T09:00:42.968246
1693,1693,0.0494,0,2026-03-31T09:00:42.968246
1694,1694,0.0,0,2026-03-31T09:00:42.968246
1695,1695,0.1388,0,2026-03-31T09:00:42.968246
1696,1696,0.6728,1,2026-03-31T09:00:42.968246
1697,1697,0.1743,0,2026-03-31T09:00:42.968246
1698,1698,0.1159,0,2026-03-31T09:00:42.968246
1699,1699,0.0557,0,2026-03-31T09:00:42.968246
1700,1700,0.0016,0,2026-03-31T09:00:42.968246
1701,1701,0.0011,0,2026-03-31T09:00:42.968246
1702,1702,0.0087,0,2026-03-31T09:00:42.968246
1703,1703,0.0036,0,2026-03-31T09:00:42.968246
1704,1704,0.0473,0,2026-03-31T09:00:42.968246
1705,1705,0.6017,1,2026-03-31T09:00:42.968246
1706,1706,0.0031,0,2026-03-31T09:00:42.968246
1707,1707,0.0,0,2026-03-31T09:00:42.968246
1708,1708,0.0152,0,2026-03-31T09:00:42.968246
1709,1709,0.0,0,2026-03-31T09:00:42.968246
1710,1710,0.0056,0,2026-03-31T09:00:42.968246
1711,1711,0.5747,1,2026-03-31T09:00:42.968246
1712,1712,0.0033,0,2026-03-31T09:00:42.968246
1713,1713,0.0066,0,2026-03-31T09:00:42.968246
1714,1714,0.0133,0,2026-03-31T09:00:42.968246
1715,1715,0.2843,0,2026-03-31T09:00:42.968246
1716,1716,0.0045,0,2026-03-31T09:00:42.968246
1717,1717,0.2761,0,2026-03-31T09:00:42.968246
1718,1718,0.0214,0,2026-03-31T09:00:42.968246
1719,1719,0.0,0,2026-03-31T09:00:42.968246
1720,1720,0.0,0,2026-03-31T09:00:42.968246
1721,1721,0.0,0,2026-03-31T09:00:42.968246
1722,1722,0.0732,0,2026-03-31T09:00:42.968246
1723,1723,0.0016,0,2026-03-31T09:00:42.968246
1724,1724,0.1998,0,2026-03-31T09:00:42.968246
1725,1725,0.1047,0,2026-03-31T09:00:42.968246
1726,1726,0.3876,0,2026-03-31T09:00:42.968246
1727,1727,0.0023,0,2026-03-31T09:00:42.968246
1728,1728,0.6074,1,2026-03-31T09:00:42.968246
1729,1729,0.0057,0,2026-03-31T09:00:42.968246
1730,1730,0.0018,0,2026-03-31T09:00:42.968246
1731,1731,0.0,0,2026-03-31T09:00:42.968246
1732,1732,0.0011,0,2026-03-31T09:00:42.968246
1733,1733,0.0,0,2026-03-31T09:00:42.968246
1734,1734,0.0494,0,2026-03-31T09:00:42.968246
1735,1735,0.3464,0,2026-03-31T09:00:42.968246
1736,1736,0.266,0,2026-03-31T09:00:42.968246
1737,1737,0.3362,0,2026-03-31T09:00:42.968246
1738,1738,0.0793,0,2026-03-31T09:00:42.968246
1739,1739,0.0066,0,2026-03-31T09:00:42.968246
1740,1740,0.0011,0,2026-03-31T09:00:42.968246
1741,1741,0.1258,0,2026-03-31T09:00:42.968246
1742,1742,0.0096,0,2026-03-31T09:00:42.968246
1743,1743,0.0069,0,2026-03-31T09:00:42.968246
1744,1744,0.2949,0,2026-03-31T09:00:42.968246
1745,1745,0.3053,0,2026-03-31T09:00:42.968246
1746,1746,0.0009,0,2026-03-31T09:00:42.968246
1747,1747,0.0789,0,2026-03-31T09:00:42.968246
1748,1748,0.0045,0,2026-03-31T09:00:42.968246
1749,1749,0.0886,0,2026-03-31T09:00:42.968246
1750,1750,0.1927,0,2026-03-31T09:00:42.968246
1751,1751,0.203,0,2026-03-31T09:00:42.968246
1752,1752,0.0,0,2026-03-31T09:00:42.968246
1753,1753,0.6639,1,2026-03-31T09:00:42.968246
1754,1754,0.2161,0,2026-03-31T09:00:42.968246
1755,1755,0.2398,0,2026-03-31T09:00:42.968246
1756,1756,0.0159,0,2026-03-31T09:00:42.968246
1757,1757,0.6397,1,2026-03-31T09:00:42.968246
1758,1758,0.0,0,2026-03-31T09:00:42.968246
1759,1759,0.0211,0,2026-03-31T09:00:42.968246
1760,1760,0.0087,0,2026-03-31T09:00:42.968246
1761,1761,0.063,0,2026-03-31T09:00:42.968246
1762,1762,0.0011,0,2026-03-31T09:00:42.968246
1763,1763,0.0292,0,2026-03-31T09:00:42.968246
1764,1764,0.0095,0,2026-03-31T09:00:42.968246
1765,1765,0.0193,0,2026-03-31T09:00:42.968246
1766,1766,0.0056,0,2026-03-31T09:00:42.968246
1767,1767,0.0359,0,2026-03-31T09:00:42.968246
1768,1768,0.0779,0,2026-03-31T09:00:42.968246
1769,1769,0.0773,0,2026-03-31T09:00:42.968246
1770,1770,0.0957,0,2026-03-31T09:00:42.968246
1771,1771,0.005,0,2026-03-31T09:00:42.968246
1772,1772,0.01,0,2026-03-31T09:00:42.968246
1773,1773,0.1672,0,2026-03-31T09:00:42.968246
1774,1774,0.0,0,2026-03-31T09:00:42.968246
1775,1775,0.0384,0,2026-03-31T09:00:42.968246
1776,1776,0.0492,0,2026-03-31T09:00:42.968246
1777,1777,0.0016,0,2026-03-31T09:00:42.968246
1778,1778,0.0985,0,2026-03-31T09:00:42.968246
1779,1779,0.0189,0,2026-03-31T09:00:42.968246
1780,1780,0.0496,0,2026-03-31T09:00:42.968246
1781,1781,0.0,0,2026-03-31T09:00:42.968246
1782,1782,0.0,0,2026-03-31T09:00:42.968246
1783,1783,0.3149,0,2026-03-31T09:00:42.968246
1784,1784,0.0131,0,2026-03-31T09:00:42.968246
1785,1785,0.2446,0,2026-03-31T09:00:42.968246
1786,1786,0.0205,0,2026-03-31T09:00:42.968246
1787,1787,0.0269,0,2026-03-31T09:00:42.968246
1788,1788,0.2865,0,2026-03-31T09:00:42.968246
1789,1789,0.1966,0,2026-03-31T09:00:42.968246
1790,1790,0.1434,0,2026-03-31T09:00:42.968246
1791,1791,0.3238,0,2026-03-31T09:00:42.968246
1792,1792,0.0067,0,2026-03-31T09:00:42.968246
1793,1793,0.1713,0,2026-03-31T09:00:42.968246
1794,1794,0.1511,0,2026-03-31T09:00:42.968246
1795,1795,0.0047,0,2026-03-31T09:00:42.968246
1796,1796,0.6114,1,2026-03-31T09:00:42.968246
1797,1797,0.0,0,2026-03-31T09:00:42.968246
1798,1798,0.1796,0,2026-03-31T09:00:42.968246
1799,1799,0.0703,0,2026-03-31T09:00:42.968246
1800,1800,0.1626,0,2026-03-31T09:00:42.968246
1801,1801,0.0252,0,2026-03-31T09:00:42.968246
1802,1802,0.017,0,2026-03-31T09:00:42.968246
1803,1803,0.0044,0,2026-03-31T09:00:42.968246
1804,1804,0.005,0,2026-03-31T09:00:42.968246
1805,1805,0.1852,0,2026-03-31T09:00:42.968246
1806,1806,0.0009,0,2026-03-31T09:00:42.968246
1807,1807,0.0825,0,2026-03-31T09:00:42.968246
1808,1808,0.02,0,2026-03-31T09:00:42.968246
1809,1809,0.0706,0,2026-03-31T09:00:42.968246
1810,1810,0.293,0,2026-03-31T09:00:42.968246
1811,1811,0.1774,0,2026-03-31T09:00:42.968246
1812,1812,0.1902,0,2026-03-31T09:00:42.968246
1813,1813,0.0531,0,2026-03-31T09:00:42.968246
1814,1814,0.0473,0,2026-03-31T09:00:42.968246
1815,1815,0.6064,1,2026-03-31T09:00:42.968246
1816,1816,0.0142,0,2026-03-31T09:00:42.968246
1817,1817,0.0166,0,2026-03-31T09:00:42.968246
1818,1818,0.0024,0,2026-03-31T09:00:42.968246
1819,1819,0.0145,0,2026-03-31T09:00:42.968246
1820,1820,0.2113,0,2026-03-31T09:00:42.968246
1821,1821,0.0,0,2026-03-31T09:00:42.968246
1822,1822,0.0011,0,2026-03-31T09:00:42.968246
1823,1823,0.1708,0,2026-03-31T09:00:42.968246
1824,1824,0.0916,0,2026-03-31T09:00:42.968246
1825,1825,0.0238,0,2026-03-31T09:00:42.968246
1826,1826,0.0036,0,2026-03-31T09:00:42.968246
1827,1827,0.0,0,2026-03-31T09:00:42.968246
1828,1828,0.0961,0,2026-03-31T09:00:42.968246
1829,1829,0.0011,0,2026-03-31T09:00:42.968246
1830,1830,0.0684,0,2026-03-31T09:00:42.968246
1831,1831,0.224,0,2026-03-31T09:00:42.968246
1832,1832,0.0164,0,2026-03-31T09:00:42.968246
1833,1833,0.0049,0,2026-03-31T09:00:42.968246
1834,1834,0.0493,0,2026-03-31T09:00:42.968246
1835,1835,0.0018,0,2026-03-31T09:00:42.968246
1836,1836,0.2318,0,2026-03-31T09:00:42.968246
1837,1837,0.2367,0,2026-03-31T09:00:42.968246
1838,1838,0.6312,1,2026-03-31T09:00:42.968246
1839,1839,0.024,0,2026-03-31T09:00:42.968246
1840,1840,0.003,0,2026-03-31T09:00:42.968246
1841,1841,0.0281,0,2026-03-31T09:00:42.968246
1842,1842,0.2103,0,2026-03-31T09:00:42.968246
1843,1843,0.0555,0,2026-03-31T09:00:42.968246
1844,1844,0.1232,0,2026-03-31T09:00:42.968246
1845,1845,0.0086,0,2026-03-31T09:00:42.968246
1846,1846,0.2662,0,2026-03-31T09:00:42.968246
1847,1847,0.0,0,2026-03-31T09:00:42.968246
1848,1848,0.0153,0,2026-03-31T09:00:42.968246
1849,1849,0.2948,0,2026-03-31T09:00:42.968246
1850,1850,0.077,0,2026-03-31T09:00:42.968246
1851,1851,0.0009,0,2026-03-31T09:00:42.968246
1852,1852,0.0367,0,2026-03-31T09:00:42.968246
1853,1853,0.0986,0,2026-03-31T09:00:42.968246
1854,1854,0.0505,0,2026-03-31T09:00:42.968246
1855,1855,0.0015,0,2026-03-31T09:00:42.968246
1856,1856,0.2144,0,2026-03-31T09:00:42.968246
1857,1857,0.0126,0,2026-03-31T09:00:42.968246
1858,1858,0.0,0,2026-03-31T09:00:42.968246
1859,1859,0.0482,0,2026-03-31T09:00:42.968246
1860,1860,0.0154,0,2026-03-31T09:00:42.968246
1861,1861,0.0809,0,2026-03-31T09:00:42.968246
1862,1862,0.0049,0,2026-03-31T09:00:42.968246
1863,1863,0.0,0,2026-03-31T09:00:42.968246
1864,1864,0.0279,0,2026-03-31T09:00:42.968246
1865,1865,0.0016,0,2026-03-31T09:00:42.968246
1866,1866,0.1544,0,2026-03-31T09:00:42.968246
1867,1867,0.2085,0,2026-03-31T09:00:42.968246
1868,1868,0.0181,0,2026-03-31T09:00:42.968246
1869,1869,0.1141,0,2026-03-31T09:00:42.968246
1870,1870,0.2158,0,2026-03-31T09:00:42.968246
1871,1871,0.119,0,2026-03-31T09:00:42.968246
1872,1872,0.084,0,2026-03-31T09:00:42.968246
1873,1873,0.0442,0,2026-03-31T09:00:42.968246
1874,1874,0.0,0,2026-03-31T09:00:42.968246
1875,1875,0.6504,1,2026-03-31T09:00:42.968246
1876,1876,0.0,0,2026-03-31T09:00:42.968246
1877,1877,0.0,0,2026-03-31T09:00:42.968246
1878,1878,0.1417,0,2026-03-31T09:00:42.968246
1879,1879,0.2225,0,2026-03-31T09:00:42.968246
1880,1880,0.0023,0,2026-03-31T09:00:42.968246
1881,1881,0.0586,0,2026-03-31T09:00:42.968246
1882,1882,0.0096,0,2026-03-31T09:00:42.968246
1883,1883,0.006,0,2026-03-31T09:00:42.968246
1884,1884,0.0417,0,2026-03-31T09:00:42.968246
1885,1885,0.107,0,2026-03-31T09:00:42.968246
1886,1886,0.0058,0,2026-03-31T09:00:42.968246
1887,1887,0.0038,0,2026-03-31T09:00:42.968246
1888,1888,0.006,0,2026-03-31T09:00:42.968246
1889,1889,0.0272,0,2026-03-31T09:00:42.968246
1890,1890,0.0381,0,2026-03-31T09:00:42.968246
1891,1891,0.0196,0,2026-03-31T09:00:42.968246
1892,1892,0.0063,0,2026-03-31T09:00:42.968246
1893,1893,0.0208,0,2026-03-31T09:00:42.968246
1894,1894,0.2431,0,2026-03-31T09:00:42.968246
1895,1895,0.2819,0,2026-03-31T09:00:42.968246
1896,1896,0.0,0,2026-03-31T09:00:42.968246
1897,1897,0.2854,0,2026-03-31T09:00:42.968246
1898,1898,0.0092,0,2026-03-31T09:00:42.968246
1899,1899,0.0186,0,2026-03-31T09:00:42.968246
1900,1900,0.005,0,2026-03-31T09:00:42.968246
1901,1901,0.0129,0,2026-03-31T09:00:42.968246
1902,1902,0.0158,0,2026-03-31T09:00:42.968246
1903,1903,0.028,0,2026-03-31T09:00:42.968246
1904,1904,0.0476,0,2026-03-31T09:00:42.968246
1905,1905,0.0019,0,2026-03-31T09:00:42.968246
1906,1906,0.032,0,2026-03-31T09:00:42.968246
1907,1907,0.02,0,2026-03-31T09:00:42.968246
1908,1908,0.0,0,2026-03-31T09:00:42.968246
1909,1909,0.005,0,2026-03-31T09:00:42.968246
1910,1910,0.0599,0,2026-03-31T09:00:42.968246
1911,1911,0.0,0,2026-03-31T09:00:42.968246
1912,1912,0.0506,0,2026-03-31T09:00:42.968246
1913,1913,0.2463,0,2026-03-31T09:00:42.968246
1914,1914,0.2814,0,2026-03-31T09:00:42.968246
1915,1915,0.0,0,2026-03-31T09:00:42.968246
1916,1916,0.0242,0,2026-03-31T09:00:42.968246
1917,1917,0.005,0,2026-03-31T09:00:42.968246
1918,1918,0.0216,0,2026-03-31T09:00:42.968246
1919,1919,0.2254,0,2026-03-31T09:00:42.968246
1920,1920,0.028,0,2026-03-31T09:00:42.968246
1921,1921,0.0136,0,2026-03-31T09:00:42.968246
1922,1922,0.3311,0,2026-03-31T09:00:42.968246
1923,1923,0.0037,0,2026-03-31T09:00:42.968246
1924,1924,0.0034,0,2026-03-31T09:00:42.968246
1925,1925,0.05,0,2026-03-31T09:00:42.968246
1926,1926,0.0,0,2026-03-31T09:00:42.968246
1927,1927,0.0171,0,2026-03-31T09:00:42.968246
1928,1928,0.0011,0,2026-03-31T09:00:42.968246
1929,1929,0.107,0,2026-03-31T09:00:42.968246
1930,1930,0.004,0,2026-03-31T09:00:42.968246
1931,1931,0.0009,0,2026-03-31T09:00:42.968246
1932,1932,0.0,0,2026-03-31T09:00:42.968246
1933,1933,0.0,0,2026-03-31T09:00:42.968246
1934,1934,0.0042,0,2026-03-31T09:00:42.968246
1935,1935,0.0009,0,2026-03-31T09:00:42.968246
1936,1936,0.1292,0,2026-03-31T09:00:42.968246
1937,1937,0.0087,0,2026-03-31T09:00:42.968246
1938,1938,0.0758,0,2026-03-31T09:00:42.968246
1939,1939,0.0146,0,2026-03-31T09:00:42.968246
1940,1940,0.0375,0,2026-03-31T09:00:42.968246
1941,1941,0.0633,0,2026-03-31T09:00:42.968246
1942,1942,0.011,0,2026-03-31T09:00:42.968246
1943,1943,0.0011,0,2026-03-31T09:00:42.968246
1944,1944,0.1217,0,2026-03-31T09:00:42.968246
1945,1945,0.0813,0,2026-03-31T09:00:42.968246
1946,1946,0.043,0,2026-03-31T09:00:42.968246
1947,1947,0.0181,0,2026-03-31T09:00:42.968246
1948,1948,0.0039,0,2026-03-31T09:00:42.968246
1949,1949,0.0287,0,2026-03-31T09:00:42.968246
1950,1950,0.0061,0,2026-03-31T09:00:42.968246
1951,1951,0.0011,0,2026-03-31T09:00:42.968246
1952,1952,0.0376,0,2026-03-31T09:00:42.968246
1953,1953,0.2752,0,2026-03-31T09:00:42.968246
1954,1954,0.0,0,2026-03-31T09:00:42.968246
1955,1955,0.2329,0,2026-03-31T09:00:42.968246
1956,1956,0.0047,0,2026-03-31T09:00:42.968246
1957,1957,0.2865,0,2026-03-31T09:00:42.968246
1958,1958,0.035,0,2026-03-31T09:00:42.968246
1959,1959,0.3077,0,2026-03-31T09:00:42.968246
1960,1960,0.0158,0,2026-03-31T09:00:42.968246
1961,1961,0.02,0,2026-03-31T09:00:42.968246
1962,1962,0.0044,0,2026-03-31T09:00:42.968246
1963,1963,0.0071,0,2026-03-31T09:00:42.968246
1964,1964,0.005,0,2026-03-31T09:00:42.968246
1965,1965,0.2972,0,2026-03-31T09:00:42.968246
1966,1966,0.0019,0,2026-03-31T09:00:42.968246
1967,1967,0.0518,0,2026-03-31T09:00:42.968246
1968,1968,0.0414,0,2026-03-31T09:00:42.968246
1969,1969,0.0496,0,2026-03-31T09:00:42.968246
1970,1970,0.0,0,2026-03-31T09:00:42.968246
1971,1971,0.0709,0,2026-03-31T09:00:42.968246
1972,1972,0.0,0,2026-03-31T09:00:42.968246
1973,1973,0.0974,0,2026-03-31T09:00:42.968246
1974,1974,0.049,0,2026-03-31T09:00:42.968246
1975,1975,0.0117,0,2026-03-31T09:00:42.968246
1976,1976,0.005,0,2026-03-31T09:00:42.968246
1977,1977,0.2056,0,2026-03-31T09:00:42.968246
1978,1978,0.0559,0,2026-03-31T09:00:42.968246
1979,1979,0.0668,0,2026-03-31T09:00:42.968246
1980,1980,0.0021,0,2026-03-31T09:00:42.968246
1981,1981,0.0011,0,2026-03-31T09:00:42.968246
1982,1982,0.1814,0,2026-03-31T09:00:42.968246
1983,1983,0.0016,0,2026-03-31T09:00:42.968246
1984,1984,0.3247,0,2026-03-31T09:00:42.968246
1985,1985,0.0013,0,2026-03-31T09:00:42.968246
1986,1986,0.0047,0,2026-03-31T09:00:42.968246
1987,1987,0.0912,0,2026-03-31T09:00:42.968246
1988,1988,0.1632,0,2026-03-31T09:00:42.968246
1989,1989,0.0427,0,2026-03-31T09:00:42.968246
1990,1990,0.1643,0,2026-03-31T09:00:42.968246
1991,1991,0.0146,0,2026-03-31T09:00:42.968246
1992,1992,0.0011,0,2026-03-31T09:00:42.968246
1993,1993,0.087,0,2026-03-31T09:00:42.968246
1994,1994,0.2467,0,2026-03-31T09:00:42.968246
1995,1995,0.0028,0,2026-03-31T09:00:42.968246
1996,1996,0.6202,1,2026-03-31T09:00:42.968246
1997,1997,0.0,0,2026-03-31T09:00:42.968246
1998,1998,0.2026,0,2026-03-31T09:00:42.968246
1999,1999,0.112,0,2026-03-31T09:00:42.968246
2000,2000,0.0019,0,2026-03-31T09:00:42.968246
2001,2001,0.0139,0,2026-03-31T09:00:42.968246
2002,2002,0.1885,0,2026-03-31T09:00:42.968246
2003,2003,0.2603,0,2026-03-31T09:00:42.968246
2004,2004,0.1488,0,2026-03-31T09:00:42.968246
2005,2005,0.0021,0,2026-03-31T09:00:42.968246
2006,2006,0.005,0,2026-03-31T09:00:42.968246
2007,2007,0.2153,0,2026-03-31T09:00:42.968246
2008,2008,0.0,0,2026-03-31T09:00:42.968246
2009,2009,0.0,0,2026-03-31T09:00:42.968246
2010,2010,0.1159,0,2026-03-31T09:00:42.968246
2011,2011,0.002,0,2026-03-31T09:00:42.968246
2012,2012,0.0409,0,2026-03-31T09:00:42.968246
2013,2013,0.0237,0,2026-03-31T09:00:42.968246
2014,2014,0.086,0,2026-03-31T09:00:42.968246
2015,2015,0.0149,0,2026-03-31T09:00:42.968246
2016,2016,0.1214,0,2026-03-31T09:00:42.968246
2017,2017,0.061,0,2026-03-31T09:00:42.968246
2018,2018,0.0039,0,2026-03-31T09:00:42.968246
2019,2019,0.0,0,2026-03-31T09:00:42.968246
2020,2020,0.0477,0,2026-03-31T09:00:42.968246
2021,2021,0.0035,0,2026-03-31T09:00:42.968246
2022,2022,0.1961,0,2026-03-31T09:00:42.968246
2023,2023,0.4505,0,2026-03-31T09:00:42.968246
2024,2024,0.3059,0,2026-03-31T09:00:42.968246
2025,2025,0.0272,0,2026-03-31T09:00:42.968246
2026,2026,0.1306,0,2026-03-31T09:00:42.968246
2027,2027,0.016,0,2026-03-31T09:00:42.968246
2028,2028,0.0026,0,2026-03-31T09:00:42.968246
2029,2029,0.0046,0,2026-03-31T09:00:42.968246
2030,2030,0.0462,0,2026-03-31T09:00:42.968246
2031,2031,0.2738,0,2026-03-31T09:00:42.968246
2032,2032,0.01,0,2026-03-31T09:00:42.968246
2033,2033,0.1496,0,2026-03-31T09:00:42.968246
2034,2034,0.3109,0,2026-03-31T09:00:42.968246
2035,2035,0.5902,1,2026-03-31T09:00:42.968246
2036,2036,0.0,0,2026-03-31T09:00:42.968246
2037,2037,0.3413,0,2026-03-31T09:00:42.968246
2038,2038,0.0574,0,2026-03-31T09:00:42.968246
2039,2039,0.4248,0,2026-03-31T09:00:42.968246
2040,2040,0.0233,0,2026-03-31T09:00:42.968246
2041,2041,0.0063,0,2026-03-31T09:00:42.968246
2042,2042,0.0,0,2026-03-31T09:00:42.968246
2043,2043,0.6902,1,2026-03-31T09:00:42.968246
2044,2044,0.0787,0,2026-03-31T09:00:42.968246
2045,2045,0.0194,0,2026-03-31T09:00:42.968246
2046,2046,0.3827,0,2026-03-31T09:00:42.968246
2047,2047,0.0,0,2026-03-31T09:00:42.968246
2048,2048,0.008,0,2026-03-31T09:00:42.968246
2049,2049,0.0581,0,2026-03-31T09:00:42.968246
2050,2050,0.1207,0,2026-03-31T09:00:42.968246
2051,2051,0.2692,0,2026-03-31T09:00:42.968246
2052,2052,0.004,0,2026-03-31T09:00:42.968246
2053,2053,0.0039,0,2026-03-31T09:00:42.968246
2054,2054,0.2346,0,2026-03-31T09:00:42.968246
2055,2055,0.2368,0,2026-03-31T09:00:42.968246
2056,2056,0.3373,0,2026-03-31T09:00:42.968246
2057,2057,0.0073,0,2026-03-31T09:00:42.968246
2058,2058,0.2562,0,2026-03-31T09:00:42.968246
2059,2059,0.3025,0,2026-03-31T09:00:42.968246
2060,2060,0.1149,0,2026-03-31T09:00:42.968246
2061,2061,0.0083,0,2026-03-31T09:00:42.968246
2062,2062,0.2675,0,2026-03-31T09:00:42.968246
2063,2063,0.0747,0,2026-03-31T09:00:42.968246
2064,2064,0.0788,0,2026-03-31T09:00:42.968246
2065,2065,0.679,1,2026-03-31T09:00:42.968246
2066,2066,0.185,0,2026-03-31T09:00:42.968246
2067,2067,0.2336,0,2026-03-31T09:00:42.968246
2068,2068,0.0073,0,2026-03-31T09:00:42.968246
2069,2069,0.0597,0,2026-03-31T09:00:42.968246
2070,2070,0.0,0,2026-03-31T09:00:42.968246
2071,2071,0.3967,0,2026-03-31T09:00:42.968246
2072,2072,0.1135,0,2026-03-31T09:00:42.968246
2073,2073,0.0569,0,2026-03-31T09:00:42.968246
2074,2074,0.006,0,2026-03-31T09:00:42.968246
2075,2075,0.0693,0,2026-03-31T09:00:42.968246
2076,2076,0.2224,0,2026-03-31T09:00:42.968246
2077,2077,0.0336,0,2026-03-31T09:00:42.968246
2078,2078,0.0123,0,2026-03-31T09:00:42.968246
2079,2079,0.3637,0,2026-03-31T09:00:42.968246
2080,2080,0.0027,0,2026-03-31T09:00:42.968246
2081,2081,0.0,0,2026-03-31T09:00:42.968246
2082,2082,0.005,0,2026-03-31T09:00:42.968246
2083,2083,0.0665,0,2026-03-31T09:00:42.968246
2084,2084,0.0833,0,2026-03-31T09:00:42.968246
2085,2085,0.0,0,2026-03-31T09:00:42.968246
2086,2086,0.0032,0,2026-03-31T09:00:42.968246
2087,2087,0.2717,0,2026-03-31T09:00:42.968246
2088,2088,0.0674,0,2026-03-31T09:00:42.968246
2089,2089,0.1103,0,2026-03-31T09:00:42.968246
2090,2090,0.0546,0,2026-03-31T09:00:42.968246
2091,2091,0.1161,0,2026-03-31T09:00:42.968246
2092,2092,0.2295,0,2026-03-31T09:00:42.968246
2093,2093,0.0561,0,2026-03-31T09:00:42.968246
2094,2094,0.0,0,2026-03-31T09:00:42.968246
2095,2095,0.0118,0,2026-03-31T09:00:42.968246
2096,2096,0.0,0,2026-03-31T09:00:42.968246
2097,2097,0.1111,0,2026-03-31T09:00:42.968246
2098,2098,0.005,0,2026-03-31T09:00:42.968246
2099,2099,0.1202,0,2026-03-31T09:00:42.968246
2100,2100,0.0176,0,2026-03-31T09:00:42.968246
2101,2101,0.0688,0,2026-03-31T09:00:42.968246
2102,2102,0.1818,0,2026-03-31T09:00:42.968246
2103,2103,0.078,0,2026-03-31T09:00:42.968246
2104,2104,0.0348,0,2026-03-31T09:00:42.968246
2105,2105,0.0147,0,2026-03-31T09:00:42.968246
2106,2106,0.1151,0,2026-03-31T09:00:42.968246
2107,2107,0.1448,0,2026-03-31T09:00:42.968246
2108,2108,0.2207,0,2026-03-31T09:00:42.968246
2109,2109,0.2394,0,2026-03-31T09:00:42.968246
2110,2110,0.6711,1,2026-03-31T09:00:42.968246
2111,2111,0.2167,0,2026-03-31T09:00:42.968246
2112,2112,0.7203,1,2026-03-31T09:00:42.968246
2113,2113,0.0532,0,2026-03-31T09:00:42.968246
2114,2114,0.3617,0,2026-03-31T09:00:42.968246
2115,2115,0.0239,0,2026-03-31T09:00:42.968246
2116,2116,0.1138,0,2026-03-31T09:00:42.968246
2117,2117,0.5967,1,2026-03-31T09:00:42.968246
2118,2118,0.2429,0,2026-03-31T09:00:42.968246
2119,2119,0.2458,0,2026-03-31T09:00:42.968246
2120,2120,0.0645,0,2026-03-31T09:00:42.968246
2121,2121,0.0911,0,2026-03-31T09:00:42.968246
2122,2122,0.0132,0,2026-03-31T09:00:42.968246
2123,2123,0.1023,0,2026-03-31T09:00:42.968246
2124,2124,0.142,0,2026-03-31T09:00:42.968246
2125,2125,0.3998,0,2026-03-31T09:00:42.968246
2126,2126,0.1791,0,2026-03-31T09:00:42.968246
2127,2127,0.1155,0,2026-03-31T09:00:42.968246
2128,2128,0.1053,0,2026-03-31T09:00:42.968246
2129,2129,0.0145,0,2026-03-31T09:00:42.968246
2130,2130,0.0737,0,2026-03-31T09:00:42.968246
2131,2131,0.1829,0,2026-03-31T09:00:42.968246
2132,2132,0.0387,0,2026-03-31T09:00:42.968246
2133,2133,0.0069,0,2026-03-31T09:00:42.968246
2134,2134,0.0137,0,2026-03-31T09:00:42.968246
2135,2135,0.0,0,2026-03-31T09:00:42.968246
2136,2136,0.086,0,2026-03-31T09:00:42.968246
2137,2137,0.1843,0,2026-03-31T09:00:42.968246
2138,2138,0.2373,0,2026-03-31T09:00:42.968246
2139,2139,0.022,0,2026-03-31T09:00:42.968246
2140,2140,0.0833,0,2026-03-31T09:00:42.968246
2141,2141,0.4529,0,2026-03-31T09:00:42.968246
2142,2142,0.1796,0,2026-03-31T09:00:42.968246
2143,2143,0.005,0,2026-03-31T09:00:42.968246
2144,2144,0.2338,0,2026-03-31T09:00:42.968246
2145,2145,0.4055,0,2026-03-31T09:00:42.968246
2146,2146,0.07,0,2026-03-31T09:00:42.968246
2147,2147,0.0149,0,2026-03-31T09:00:42.968246
2148,2148,0.217,0,2026-03-31T09:00:42.968246
2149,2149,0.1195,0,2026-03-31T09:00:42.968246
2150,2150,0.0,0,2026-03-31T09:00:42.968246
2151,2151,0.032,0,2026-03-31T09:00:42.968246
2152,2152,0.0268,0,2026-03-31T09:00:42.968246
2153,2153,0.0,0,2026-03-31T09:00:42.968246
2154,2154,0.3561,0,2026-03-31T09:00:42.968246
2155,2155,0.4676,0,2026-03-31T09:00:42.968246
2156,2156,0.6704,1,2026-03-31T09:00:42.968246
2157,2157,0.05,0,2026-03-31T09:00:42.968246
2158,2158,0.0691,0,2026-03-31T09:00:42.968246
2159,2159,0.0566,0,2026-03-31T09:00:42.968246
2160,2160,0.0562,0,2026-03-31T09:00:42.968246
2161,2161,0.1494,0,2026-03-31T09:00:42.968246
2162,2162,0.3541,0,2026-03-31T09:00:42.968246
2163,2163,0.1288,0,2026-03-31T09:00:42.968246
2164,2164,0.2467,0,2026-03-31T09:00:42.968246
2165,2165,0.072,0,2026-03-31T09:00:42.968246
2166,2166,0.0621,0,2026-03-31T09:00:42.968246
2167,2167,0.0132,0,2026-03-31T09:00:42.968246
2168,2168,0.1833,0,2026-03-31T09:00:42.968246
2169,2169,0.0163,0,2026-03-31T09:00:42.968246
2170,2170,0.0957,0,2026-03-31T09:00:42.968246
2171,2171,0.0,0,2026-03-31T09:00:42.968246
2172,2172,0.1388,0,2026-03-31T09:00:42.968246
2173,2173,0.0,0,2026-03-31T09:00:42.968246
2174,2174,0.0478,0,2026-03-31T09:00:42.968246
2175,2175,0.0405,0,2026-03-31T09:00:42.968246
2176,2176,0.0009,0,2026-03-31T09:00:42.968246
2177,2177,0.2927,0,2026-03-31T09:00:42.968246
2178,2178,0.0461,0,2026-03-31T09:00:42.968246
2179,2179,0.2412,0,2026-03-31T09:00:42.968246
2180,2180,0.0094,0,2026-03-31T09:00:42.968246
2181,2181,0.02,0,2026-03-31T09:00:42.968246
2182,2182,0.0229,0,2026-03-31T09:00:42.968246
2183,2183,0.0009,0,2026-03-31T09:00:42.968246
2184,2184,0.6254,1,2026-03-31T09:00:42.968246
2185,2185,0.1947,0,2026-03-31T09:00:42.968246
2186,2186,0.0595,0,2026-03-31T09:00:42.968246
2187,2187,0.0142,0,2026-03-31T09:00:42.968246
2188,2188,0.0792,0,2026-03-31T09:00:42.968246
2189,2189,0.3644,0,2026-03-31T09:00:42.968246
2190,2190,0.0168,0,2026-03-31T09:00:42.968246
2191,2191,0.1932,0,2026-03-31T09:00:42.968246
2192,2192,0.0232,0,2026-03-31T09:00:42.968246
2193,2193,0.1216,0,2026-03-31T09:00:42.968246
2194,2194,0.0252,0,2026-03-31T09:00:42.968246
2195,2195,0.1644,0,2026-03-31T09:00:42.968246
2196,2196,0.0653,0,2026-03-31T09:00:42.968246
2197,2197,0.2442,0,2026-03-31T09:00:42.968246
2198,2198,0.0,0,2026-03-31T09:00:42.968246
2199,2199,0.0443,0,2026-03-31T09:00:42.968246
2200,2200,0.0413,0,2026-03-31T09:00:42.968246
2201,2201,0.0376,0,2026-03-31T09:00:42.968246
2202,2202,0.0083,0,2026-03-31T09:00:42.968246
2203,2203,0.0425,0,2026-03-31T09:00:42.968246
2204,2204,0.0,0,2026-03-31T09:00:42.968246
2205,2205,0.0009,0,2026-03-31T09:00:42.968246
2206,2206,0.1405,0,2026-03-31T09:00:42.968246
2207,2207,0.0013,0,2026-03-31T09:00:42.968246
2208,2208,0.0466,0,2026-03-31T09:00:42.968246
2209,2209,0.0,0,2026-03-31T09:00:42.968246
2210,2210,0.0063,0,2026-03-31T09:00:42.968246
2211,2211,0.0029,0,2026-03-31T09:00:42.968246
2212,2212,0.1042,0,2026-03-31T09:00:42.968246
2213,2213,0.3254,0,2026-03-31T09:00:42.968246
2214,2214,0.0157,0,2026-03-31T09:00:42.968246
2215,2215,0.0011,0,2026-03-31T09:00:42.968246
2216,2216,0.0672,0,2026-03-31T09:00:42.968246
2217,2217,0.0746,0,2026-03-31T09:00:42.968246
2218,2218,0.0422,0,2026-03-31T09:00:42.968246
2219,2219,0.1428,0,2026-03-31T09:00:42.968246
2220,2220,0.0074,0,2026-03-31T09:00:42.968246
2221,2221,0.0638,0,2026-03-31T09:00:42.968246
2222,2222,0.2155,0,2026-03-31T09:00:42.968246
2223,2223,0.0183,0,2026-03-31T09:00:42.968246
2224,2224,0.0187,0,2026-03-31T09:00:42.968246
2225,2225,0.0,0,2026-03-31T09:00:42.968246
2226,2226,0.0133,0,2026-03-31T09:00:42.968246
2227,2227,0.0069,0,2026-03-31T09:00:42.968246
2228,2228,0.0256,0,2026-03-31T09:00:42.968246
2229,2229,0.0037,0,2026-03-31T09:00:42.968246
2230,2230,0.0144,0,2026-03-31T09:00:42.968246
2231,2231,0.0654,0,2026-03-31T09:00:42.968246
2232,2232,0.2831,0,2026-03-31T09:00:42.968246
2233,2233,0.0641,0,2026-03-31T09:00:42.968246
2234,2234,0.0503,0,2026-03-31T09:00:42.968246
2235,2235,0.0016,0,2026-03-31T09:00:42.968246
2236,2236,0.0229,0,2026-03-31T09:00:42.968246
2237,2237,0.0076,0,2026-03-31T09:00:42.968246
2238,2238,0.0095,0,2026-03-31T09:00:42.968246
2239,2239,0.057,0,2026-03-31T09:00:42.968246
2240,2240,0.0148,0,2026-03-31T09:00:42.968246
2241,2241,0.0508,0,2026-03-31T09:00:42.968246
2242,2242,0.0196,0,2026-03-31T09:00:42.968246
2243,2243,0.0676,0,2026-03-31T09:00:42.968246
2244,2244,0.023,0,2026-03-31T09:00:42.968246
2245,2245,0.0213,0,2026-03-31T09:00:42.968246
2246,2246,0.0091,0,2026-03-31T09:00:42.968246
2247,2247,0.0,0,2026-03-31T09:00:42.968246
2248,2248,0.0279,0,2026-03-31T09:00:42.968246
2249,2249,0.0547,0,2026-03-31T09:00:42.968246
2250,2250,0.0088,0,2026-03-31T09:00:42.968246
2251,2251,0.0036,0,2026-03-31T09:00:42.968246
2252,2252,0.0072,0,2026-03-31T09:00:42.968246
2253,2253,0.0344,0,2026-03-31T09:00:42.968246
2254,2254,0.003,0,2026-03-31T09:00:42.968246
2255,2255,0.0879,0,2026-03-31T09:00:42.968246
2256,2256,0.015,0,2026-03-31T09:00:42.968246
2257,2257,0.0083,0,2026-03-31T09:00:42.968246
2258,2258,0.0458,0,2026-03-31T09:00:42.968246
2259,2259,0.3197,0,2026-03-31T09:00:42.968246
2260,2260,0.0,0,2026-03-31T09:00:42.968246
2261,2261,0.2203,0,2026-03-31T09:00:42.968246
2262,2262,0.1812,0,2026-03-31T09:00:42.968246
2263,2263,0.0674,0,2026-03-31T09:00:42.968246
2264,2264,0.0728,0,2026-03-31T09:00:42.968246
2265,2265,0.0149,0,2026-03-31T09:00:42.968246
2266,2266,0.0197,0,2026-03-31T09:00:42.968246
2267,2267,0.0179,0,2026-03-31T09:00:42.968246
2268,2268,0.1352,0,2026-03-31T09:00:42.968246
2269,2269,0.202,0,2026-03-31T09:00:42.968246
2270,2270,0.005,0,2026-03-31T09:00:42.968246
2271,2271,0.0228,0,2026-03-31T09:00:42.968246
2272,2272,0.0459,0,2026-03-31T09:00:42.968246
2273,2273,0.0743,0,2026-03-31T09:00:42.968246
2274,2274,0.0237,0,2026-03-31T09:00:42.968246
2275,2275,0.0208,0,2026-03-31T09:00:42.968246
2276,2276,0.0066,0,2026-03-31T09:00:42.968246
2277,2277,0.2712,0,2026-03-31T09:00:42.968246
2278,2278,0.0,0,2026-03-31T09:00:42.968246
2279,2279,0.1704,0,2026-03-31T09:00:42.968246
2280,2280,0.3312,0,2026-03-31T09:00:42.968246
2281,2281,0.0092,0,2026-03-31T09:00:42.968246
2282,2282,0.0204,0,2026-03-31T09:00:42.968246
2283,2283,0.5295,1,2026-03-31T09:00:42.968246
2284,2284,0.0661,0,2026-03-31T09:00:42.968246
2285,2285,0.0026,0,2026-03-31T09:00:42.968246
2286,2286,0.0,0,2026-03-31T09:00:42.968246
2287,2287,0.1326,0,2026-03-31T09:00:42.968246
2288,2288,0.2793,0,2026-03-31T09:00:42.968246
2289,2289,0.2877,0,2026-03-31T09:00:42.968246
2290,2290,0.0492,0,2026-03-31T09:00:42.968246
2291,2291,0.1554,0,2026-03-31T09:00:42.968246
2292,2292,0.0841,0,2026-03-31T09:00:42.968246
2293,2293,0.0044,0,2026-03-31T09:00:42.968246
2294,2294,0.0137,0,2026-03-31T09:00:42.968246
2295,2295,0.0,0,2026-03-31T09:00:42.968246
2296,2296,0.0011,0,2026-03-31T09:00:42.968246
2297,2297,0.0371,0,2026-03-31T09:00:42.968246
2298,2298,0.0883,0,2026-03-31T09:00:42.968246
2299,2299,0.2622,0,2026-03-31T09:00:42.968246
2300,2300,0.012,0,2026-03-31T09:00:42.968246
2301,2301,0.0109,0,2026-03-31T09:00:42.968246
2302,2302,0.0038,0,2026-03-31T09:00:42.968246
2303,2303,0.0522,0,2026-03-31T09:00:42.968246
2304,2304,0.0643,0,2026-03-31T09:00:42.968246
2305,2305,0.0456,0,2026-03-31T09:00:42.968246
2306,2306,0.0016,0,2026-03-31T09:00:42.968246
2307,2307,0.0411,0,2026-03-31T09:00:42.968246
2308,2308,0.12,0,2026-03-31T09:00:42.968246
2309,2309,0.3048,0,2026-03-31T09:00:42.968246
2310,2310,0.4848,0,2026-03-31T09:00:42.968246
2311,2311,0.0311,0,2026-03-31T09:00:42.968246
2312,2312,0.006,0,2026-03-31T09:00:42.968246
2313,2313,0.0035,0,2026-03-31T09:00:42.968246
2314,2314,0.3406,0,2026-03-31T09:00:42.968246
2315,2315,0.2968,0,2026-03-31T09:00:42.968246
2316,2316,0.0112,0,2026-03-31T09:00:42.968246
2317,2317,0.3366,0,2026-03-31T09:00:42.968246
2318,2318,0.012,0,2026-03-31T09:00:42.968246
2319,2319,0.1888,0,2026-03-31T09:00:42.968246
2320,2320,0.6431,1,2026-03-31T09:00:42.968246
2321,2321,0.0038,0,2026-03-31T09:00:42.968246
2322,2322,0.0304,0,2026-03-31T09:00:42.968246
2323,2323,0.1291,0,2026-03-31T09:00:42.968246
2324,2324,0.1522,0,2026-03-31T09:00:42.968246
2325,2325,0.0627,0,2026-03-31T09:00:42.968246
2326,2326,0.005,0,2026-03-31T09:00:42.968246
2327,2327,0.0043,0,2026-03-31T09:00:42.968246
2328,2328,0.0643,0,2026-03-31T09:00:42.968246
2329,2329,0.4415,0,2026-03-31T09:00:42.968246
2330,2330,0.0016,0,2026-03-31T09:00:42.968246
2331,2331,0.2253,0,2026-03-31T09:00:42.968246
2332,2332,0.0626,0,2026-03-31T09:00:42.968246
2333,2333,0.2263,0,2026-03-31T09:00:42.968246
2334,2334,0.227,0,2026-03-31T09:00:42.968246
2335,2335,0.3099,0,2026-03-31T09:00:42.968246
2336,2336,0.5705,1,2026-03-31T09:00:42.968246
2337,2337,0.0145,0,2026-03-31T09:00:42.968246
2338,2338,0.3481,0,2026-03-31T09:00:42.968246
2339,2339,0.0177,0,2026-03-31T09:00:42.968246
2340,2340,0.627,1,2026-03-31T09:00:42.968246
2341,2341,0.0175,0,2026-03-31T09:00:42.968246
2342,2342,0.0055,0,2026-03-31T09:00:42.968246
2343,2343,0.0627,0,2026-03-31T09:00:42.968246
2344,2344,0.0337,0,2026-03-31T09:00:42.968246
2345,2345,0.1603,0,2026-03-31T09:00:42.968246
2346,2346,0.0042,0,2026-03-31T09:00:42.968246
2347,2347,0.0,0,2026-03-31T09:00:42.968246
2348,2348,0.0058,0,2026-03-31T09:00:42.968246
2349,2349,0.0761,0,2026-03-31T09:00:42.968246
2350,2350,0.0174,0,2026-03-31T09:00:42.968246
2351,2351,0.0713,0,2026-03-31T09:00:42.968246
2352,2352,0.0382,0,2026-03-31T09:00:42.968246
2353,2353,0.005,0,2026-03-31T09:00:42.968246
2354,2354,0.0097,0,2026-03-31T09:00:42.968246
2355,2355,0.2843,0,2026-03-31T09:00:42.968246
2356,2356,0.0112,0,2026-03-31T09:00:42.968246
2357,2357,0.0028,0,2026-03-31T09:00:42.968246
2358,2358,0.0063,0,2026-03-31T09:00:42.968246
2359,2359,0.0921,0,2026-03-31T09:00:42.968246
2360,2360,0.0133,0,2026-03-31T09:00:42.968246
2361,2361,0.1187,0,2026-03-31T09:00:42.968246
2362,2362,0.0425,0,2026-03-31T09:00:42.968246
2363,2363,0.1674,0,2026-03-31T09:00:42.968246
2364,2364,0.0223,0,2026-03-31T09:00:42.968246
2365,2365,0.003,0,2026-03-31T09:00:42.968246
2366,2366,0.0124,0,2026-03-31T09:00:42.968246
2367,2367,0.0571,0,2026-03-31T09:00:42.968246
2368,2368,0.0428,0,2026-03-31T09:00:42.968246
2369,2369,0.3639,0,2026-03-31T09:00:42.968246
2370,2370,0.1885,0,2026-03-31T09:00:42.968246
2371,2371,0.0041,0,2026-03-31T09:00:42.968246
2372,2372,0.0,0,2026-03-31T09:00:42.968246
2373,2373,0.005,0,2026-03-31T09:00:42.968246
2374,2374,0.2998,0,2026-03-31T09:00:42.968246
2375,2375,0.0349,0,2026-03-31T09:00:42.968246
2376,2376,0.0063,0,2026-03-31T09:00:42.968246
2377,2377,0.0216,0,2026-03-31T09:00:42.968246
2378,2378,0.0064,0,2026-03-31T09:00:42.968246
2379,2379,0.0386,0,2026-03-31T09:00:42.968246
2380,2380,0.0116,0,2026-03-31T09:00:42.968246
2381,2381,0.0824,0,2026-03-31T09:00:42.968246
2382,2382,0.3597,0,2026-03-31T09:00:42.968246
2383,2383,0.0,0,2026-03-31T09:00:42.968246
2384,2384,0.1052,0,2026-03-31T09:00:42.968246
2385,2385,0.0,0,2026-03-31T09:00:42.968246
2386,2386,0.3052,0,2026-03-31T09:00:42.968246
2387,2387,0.1968,0,2026-03-31T09:00:42.968246
2388,2388,0.0942,0,2026-03-31T09:00:42.968246
2389,2389,0.0,0,2026-03-31T09:00:42.968246
2390,2390,0.0309,0,2026-03-31T09:00:42.968246
2391,2391,0.5413,1,2026-03-31T09:00:42.968246
2392,2392,0.0082,0,2026-03-31T09:00:42.968246
2393,2393,0.0,0,2026-03-31T09:00:42.968246
2394,2394,0.0546,0,2026-03-31T09:00:42.968246
2395,2395,0.0079,0,2026-03-31T09:00:42.968246
2396,2396,0.2921,0,2026-03-31T09:00:42.968246
2397,2397,0.036,0,2026-03-31T09:00:42.968246
2398,2398,0.193,0,2026-03-31T09:00:42.968246
2399,2399,0.0,0,2026-03-31T09:00:42.968246
2400,2400,0.0243,0,2026-03-31T09:00:42.968246
2401,2401,0.005,0,2026-03-31T09:00:42.968246
2402,2402,0.0183,0,2026-03-31T09:00:42.968246
2403,2403,0.0479,0,2026-03-31T09:00:42.968246
2404,2404,0.0411,0,2026-03-31T09:00:42.968246
2405,2405,0.0245,0,2026-03-31T09:00:42.968246
2406,2406,0.0,0,2026-03-31T09:00:42.968246
2407,2407,0.7045,1,2026-03-31T09:00:42.968246
2408,2408,0.0016,0,2026-03-31T09:00:42.968246
2409,2409,0.0642,0,2026-03-31T09:00:42.968246
2410,2410,0.0014,0,2026-03-31T09:00:42.968246
2411,2411,0.0047,0,2026-03-31T09:00:42.968246
2412,2412,0.6454,1,2026-03-31T09:00:42.968246
2413,2413,0.0026,0,2026-03-31T09:00:42.968246
2414,2414,0.0355,0,2026-03-31T09:00:42.968246
2415,2415,0.0105,0,2026-03-31T09:00:42.968246
2416,2416,0.0,0,2026-03-31T09:00:42.968246
2417,2417,0.0254,0,2026-03-31T09:00:42.968246
2418,2418,0.0343,0,2026-03-31T09:00:42.968246
2419,2419,0.0376,0,2026-03-31T09:00:42.968246
2420,2420,0.1641,0,2026-03-31T09:00:42.968246
2421,2421,0.0,0,2026-03-31T09:00:42.968246
2422,2422,0.1343,0,2026-03-31T09:00:42.968246
2423,2423,0.0704,0,2026-03-31T09:00:42.968246
2424,2424,0.0282,0,2026-03-31T09:00:42.968246
2425,2425,0.1559,0,2026-03-31T09:00:42.968246
2426,2426,0.0,0,2026-03-31T09:00:42.968246
2427,2427,0.0027,0,2026-03-31T09:00:42.968246
2428,2428,0.0086,0,2026-03-31T09:00:42.968246
2429,2429,0.0081,0,2026-03-31T09:00:42.968246
2430,2430,0.0376,0,2026-03-31T09:00:42.968246
2431,2431,0.1348,0,2026-03-31T09:00:42.968246
2432,2432,0.3611,0,2026-03-31T09:00:42.968246
2433,2433,0.005,0,2026-03-31T09:00:42.968246
2434,2434,0.1903,0,2026-03-31T09:00:42.968246
2435,2435,0.3445,0,2026-03-31T09:00:42.968246
2436,2436,0.1079,0,2026-03-31T09:00:42.968246
2437,2437,0.0265,0,2026-03-31T09:00:42.968246
2438,2438,0.248,0,2026-03-31T09:00:42.968246
2439,2439,0.1361,0,2026-03-31T09:00:42.968246
2440,2440,0.2464,0,2026-03-31T09:00:42.968246
2441,2441,0.0193,0,2026-03-31T09:00:42.968246
2442,2442,0.1359,0,2026-03-31T09:00:42.968246
2443,2443,0.0383,0,2026-03-31T09:00:42.968246
2444,2444,0.0261,0,2026-03-31T09:00:42.968246
2445,2445,0.0552,0,2026-03-31T09:00:42.968246
2446,2446,0.1817,0,2026-03-31T09:00:42.968246
2447,2447,0.005,0,2026-03-31T09:00:42.968246
2448,2448,0.7103,1,2026-03-31T09:00:42.968246
2449,2449,0.0,0,2026-03-31T09:00:42.968246
2450,2450,0.0258,0,2026-03-31T09:00:42.968246
2451,2451,0.1306,0,2026-03-31T09:00:42.968246
2452,2452,0.4902,0,2026-03-31T09:00:42.968246
2453,2453,0.0161,0,2026-03-31T09:00:42.968246
2454,2454,0.067,0,2026-03-31T09:00:42.968246
2455,2455,0.1557,0,2026-03-31T09:00:42.968246
2456,2456,0.0,0,2026-03-31T09:00:42.968246
2457,2457,0.006,0,2026-03-31T09:00:42.968246
2458,2458,0.019,0,2026-03-31T09:00:42.968246
2459,2459,0.2334,0,2026-03-31T09:00:42.968246
2460,2460,0.0019,0,2026-03-31T09:00:42.968246
2461,2461,0.1843,0,2026-03-31T09:00:42.968246
2462,2462,0.0083,0,2026-03-31T09:00:42.968246
2463,2463,0.1278,0,2026-03-31T09:00:42.968246
2464,2464,0.1776,0,2026-03-31T09:00:42.968246
2465,2465,0.0434,0,2026-03-31T09:00:42.968246
2466,2466,0.0791,0,2026-03-31T09:00:42.968246
2467,2467,0.0046,0,2026-03-31T09:00:42.968246
2468,2468,0.0387,0,2026-03-31T09:00:42.968246
2469,2469,0.2181,0,2026-03-31T09:00:42.968246
2470,2470,0.0941,0,2026-03-31T09:00:42.968246
2471,2471,0.4493,0,2026-03-31T09:00:42.968246
2472,2472,0.0009,0,2026-03-31T09:00:42.968246
2473,2473,0.0142,0,2026-03-31T09:00:42.968246
2474,2474,0.0061,0,2026-03-31T09:00:42.968246
2475,2475,0.0711,0,2026-03-31T09:00:42.968246
2476,2476,0.2174,0,2026-03-31T09:00:42.968246
2477,2477,0.01,0,2026-03-31T09:00:42.968246
2478,2478,0.0221,0,2026-03-31T09:00:42.968246
2479,2479,0.3331,0,2026-03-31T09:00:42.968246
2480,2480,0.0052,0,2026-03-31T09:00:42.968246
2481,2481,0.6744,1,2026-03-31T09:00:42.968246
2482,2482,0.3568,0,2026-03-31T09:00:42.968246
2483,2483,0.0,0,2026-03-31T09:00:42.968246
2484,2484,0.0123,0,2026-03-31T09:00:42.968246
2485,2485,0.0406,0,2026-03-31T09:00:42.968246
2486,2486,0.0152,0,2026-03-31T09:00:42.968246
2487,2487,0.0158,0,2026-03-31T09:00:42.968246
2488,2488,0.2447,0,2026-03-31T09:00:42.968246
2489,2489,0.0052,0,2026-03-31T09:00:42.968246
2490,2490,0.2,0,2026-03-31T09:00:42.968246
2491,2491,0.2691,0,2026-03-31T09:00:42.968246
2492,2492,0.0056,0,2026-03-31T09:00:42.968246
2493,2493,0.0353,0,2026-03-31T09:00:42.968246
2494,2494,0.0617,0,2026-03-31T09:00:42.968246
2495,2495,0.1287,0,2026-03-31T09:00:42.968246
2496,2496,0.3447,0,2026-03-31T09:00:42.968246
2497,2497,0.0144,0,2026-03-31T09:00:42.968246
2498,2498,0.0629,0,2026-03-31T09:00:42.968246
2499,2499,0.2009,0,2026-03-31T09:00:42.968246
2500,2500,0.2852,0,2026-03-31T09:00:42.968246
2501,2501,0.0014,0,2026-03-31T09:00:42.968246
2502,2502,0.0081,0,2026-03-31T09:00:42.968246
2503,2503,0.0981,0,2026-03-31T09:00:42.968246
2504,2504,0.1939,0,2026-03-31T09:00:42.968246
2505,2505,0.0102,0,2026-03-31T09:00:42.968246
2506,2506,0.0019,0,2026-03-31T09:00:42.968246
2507,2507,0.3524,0,2026-03-31T09:00:42.968246
2508,2508,0.0498,0,2026-03-31T09:00:42.968246
2509,2509,0.5013,1,2026-03-31T09:00:42.968246
2510,2510,0.0,0,2026-03-31T09:00:42.968246
2511,2511,0.0114,0,2026-03-31T09:00:42.968246
2512,2512,0.1521,0,2026-03-31T09:00:42.968246
2513,2513,0.0059,0,2026-03-31T09:00:42.968246
2514,2514,0.0,0,2026-03-31T09:00:42.968246
2515,2515,0.0277,0,2026-03-31T09:00:42.968246
2516,2516,0.0727,0,2026-03-31T09:00:42.968246
2517,2517,0.297,0,2026-03-31T09:00:42.968246
2518,2518,0.0034,0,2026-03-31T09:00:42.968246
2519,2519,0.0036,0,2026-03-31T09:00:42.968246
2520,2520,0.1419,0,2026-03-31T09:00:42.968246
2521,2521,0.01,0,2026-03-31T09:00:42.968246
2522,2522,0.5031,1,2026-03-31T09:00:42.968246
2523,2523,0.2051,0,2026-03-31T09:00:42.968246
2524,2524,0.1072,0,2026-03-31T09:00:42.968246
2525,2525,0.1728,0,2026-03-31T09:00:42.968246
2526,2526,0.015,0,2026-03-31T09:00:42.968246
2527,2527,0.14,0,2026-03-31T09:00:42.968246
2528,2528,0.0009,0,2026-03-31T09:00:42.968246
2529,2529,0.3645,0,2026-03-31T09:00:42.968246
2530,2530,0.0044,0,2026-03-31T09:00:42.968246
2531,2531,0.0418,0,2026-03-31T09:00:42.968246
2532,2532,0.2979,0,2026-03-31T09:00:42.968246
2533,2533,0.3441,0,2026-03-31T09:00:42.968246
2534,2534,0.0098,0,2026-03-31T09:00:42.968246
2535,2535,0.0372,0,2026-03-31T09:00:42.968246
2536,2536,0.1608,0,2026-03-31T09:00:42.968246
2537,2537,0.0011,0,2026-03-31T09:00:42.968246
2538,2538,0.2148,0,2026-03-31T09:00:42.968246
2539,2539,0.007,0,2026-03-31T09:00:42.968246
2540,2540,0.0679,0,2026-03-31T09:00:42.968246
2541,2541,0.3616,0,2026-03-31T09:00:42.968246
2542,2542,0.0311,0,2026-03-31T09:00:42.968246
2543,2543,0.0405,0,2026-03-31T09:00:42.968246
2544,2544,0.055,0,2026-03-31T09:00:42.968246
2545,2545,0.0092,0,2026-03-31T09:00:42.968246
2546,2546,0.0429,0,2026-03-31T09:00:42.968246
2547,2547,0.1863,0,2026-03-31T09:00:42.968246
2548,2548,0.1553,0,2026-03-31T09:00:42.968246
2549,2549,0.026,0,2026-03-31T09:00:42.968246
2550,2550,0.0217,0,2026-03-31T09:00:42.968246
2551,2551,0.3392,0,2026-03-31T09:00:42.968246
2552,2552,0.2424,0,2026-03-31T09:00:42.968246
2553,2553,0.2438,0,2026-03-31T09:00:42.968246
2554,2554,0.0,0,2026-03-31T09:00:42.968246
2555,2555,0.0128,0,2026-03-31T09:00:42.968246
2556,2556,0.0113,0,2026-03-31T09:00:42.968246
2557,2557,0.0,0,2026-03-31T09:00:42.968246
2558,2558,0.0259,0,2026-03-31T09:00:42.968246
2559,2559,0.0011,0,2026-03-31T09:00:42.968246
2560,2560,0.2969,0,2026-03-31T09:00:42.968246
2561,2561,0.1133,0,2026-03-31T09:00:42.968246
2562,2562,0.0892,0,2026-03-31T09:00:42.968246
2563,2563,0.0309,0,2026-03-31T09:00:42.968246
2564,2564,0.0534,0,2026-03-31T09:00:42.968246
2565,2565,0.1542,0,2026-03-31T09:00:42.968246
2566,2566,0.06,0,2026-03-31T09:00:42.968246
2567,2567,0.0048,0,2026-03-31T09:00:42.968246
2568,2568,0.0032,0,2026-03-31T09:00:42.968246
2569,2569,0.015,0,2026-03-31T09:00:42.968246
2570,2570,0.0097,0,2026-03-31T09:00:42.968246
2571,2571,0.0,0,2026-03-31T09:00:42.968246
2572,2572,0.2964,0,2026-03-31T09:00:42.968246
2573,2573,0.1579,0,2026-03-31T09:00:42.968246
2574,2574,0.0212,0,2026-03-31T09:00:42.968246
2575,2575,0.0092,0,2026-03-31T09:00:42.968246
2576,2576,0.0913,0,2026-03-31T09:00:42.968246
2577,2577,0.6726,1,2026-03-31T09:00:42.968246
2578,2578,0.0161,0,2026-03-31T09:00:42.968246
2579,2579,0.031,0,2026-03-31T09:00:42.968246
2580,2580,0.132,0,2026-03-31T09:00:42.968246
2581,2581,0.0061,0,2026-03-31T09:00:42.968246
2582,2582,0.0016,0,2026-03-31T09:00:42.968246
2583,2583,0.0016,0,2026-03-31T09:00:42.968246
2584,2584,0.3187,0,2026-03-31T09:00:42.968246
2585,2585,0.0,0,2026-03-31T09:00:42.968246
2586,2586,0.0044,0,2026-03-31T09:00:42.968246
2587,2587,0.0312,0,2026-03-31T09:00:42.968246
2588,2588,0.0132,0,2026-03-31T09:00:42.968246
2589,2589,0.693,1,2026-03-31T09:00:42.968246
2590,2590,0.2294,0,2026-03-31T09:00:42.968246
2591,2591,0.0087,0,2026-03-31T09:00:42.968246
2592,2592,0.186,0,2026-03-31T09:00:42.968246
2593,2593,0.3062,0,2026-03-31T09:00:42.968246
2594,2594,0.2311,0,2026-03-31T09:00:42.968246
2595,2595,0.6744,1,2026-03-31T09:00:42.968246
2596,2596,0.1439,0,2026-03-31T09:00:42.968246
2597,2597,0.2028,0,2026-03-31T09:00:42.968246
2598,2598,0.0095,0,2026-03-31T09:00:42.968246
2599,2599,0.2442,0,2026-03-31T09:00:42.968246
2600,2600,0.074,0,2026-03-31T09:00:42.968246
2601,2601,0.1002,0,2026-03-31T09:00:42.968246
2602,2602,0.1237,0,2026-03-31T09:00:42.968246
2603,2603,0.1705,0,2026-03-31T09:00:42.968246
2604,2604,0.1894,0,2026-03-31T09:00:42.968246
2605,2605,0.19,0,2026-03-31T09:00:42.968246
2606,2606,0.0117,0,2026-03-31T09:00:42.968246
2607,2607,0.3136,0,2026-03-31T09:00:42.968246
2608,2608,0.0526,0,2026-03-31T09:00:42.968246
2609,2609,0.0576,0,2026-03-31T09:00:42.968246
2610,2610,0.0287,0,2026-03-31T09:00:42.968246
2611,2611,0.0259,0,2026-03-31T09:00:42.968246
2612,2612,0.0269,0,2026-03-31T09:00:42.968246
2613,2613,0.0228,0,2026-03-31T09:00:42.968246
2614,2614,0.0678,0,2026-03-31T09:00:42.968246
2615,2615,0.015,0,2026-03-31T09:00:42.968246
2616,2616,0.0037,0,2026-03-31T09:00:42.968246
2617,2617,0.018,0,2026-03-31T09:00:42.968246
2618,2618,0.2198,0,2026-03-31T09:00:42.968246
2619,2619,0.0,0,2026-03-31T09:00:42.968246
2620,2620,0.2362,0,2026-03-31T09:00:42.968246
2621,2621,0.1933,0,2026-03-31T09:00:42.968246
2622,2622,0.1854,0,2026-03-31T09:00:42.968246
2623,2623,0.3925,0,2026-03-31T09:00:42.968246
2624,2624,0.0011,0,2026-03-31T09:00:42.968246
2625,2625,0.0635,0,2026-03-31T09:00:42.968246
2626,2626,0.3477,0,2026-03-31T09:00:42.968246
2627,2627,0.0266,0,2026-03-31T09:00:42.968246
2628,2628,0.3064,0,2026-03-31T09:00:42.968246
2629,2629,0.2284,0,2026-03-31T09:00:42.968246
2630,2630,0.0225,0,2026-03-31T09:00:42.968246
2631,2631,0.1139,0,2026-03-31T09:00:42.968246
2632,2632,0.2151,0,2026-03-31T09:00:42.968246
2633,2633,0.0093,0,2026-03-31T09:00:42.968246
2634,2634,0.0616,0,2026-03-31T09:00:42.968246
2635,2635,0.0401,0,2026-03-31T09:00:42.968246
2636,2636,0.0047,0,2026-03-31T09:00:42.968246
2637,2637,0.0011,0,2026-03-31T09:00:42.968246
2638,2638,0.0951,0,2026-03-31T09:00:42.968246
2639,2639,0.0064,0,2026-03-31T09:00:42.968246
2640,2640,0.3914,0,2026-03-31T09:00:42.968246
2641,2641,0.4415,0,2026-03-31T09:00:42.968246
2642,2642,0.0095,0,2026-03-31T09:00:42.968246
2643,2643,0.0245,0,2026-03-31T09:00:42.968246
2644,2644,0.0,0,2026-03-31T09:00:42.968246
2645,2645,0.0036,0,2026-03-31T09:00:42.968246
2646,2646,0.0347,0,2026-03-31T09:00:42.968246
2647,2647,0.2345,0,2026-03-31T09:00:42.968246
2648,2648,0.115,0,2026-03-31T09:00:42.968246
2649,2649,0.0318,0,2026-03-31T09:00:42.968246
2650,2650,0.1531,0,2026-03-31T09:00:42.968246
2651,2651,0.0216,0,2026-03-31T09:00:42.968246
2652,2652,0.015,0,2026-03-31T09:00:42.968246
2653,2653,0.0326,0,2026-03-31T09:00:42.968246
2654,2654,0.1488,0,2026-03-31T09:00:42.968246
2655,2655,0.0226,0,2026-03-31T09:00:42.968246
2656,2656,0.0957,0,2026-03-31T09:00:42.968246
2657,2657,0.0184,0,2026-03-31T09:00:42.968246
2658,2658,0.2007,0,2026-03-31T09:00:42.968246
2659,2659,0.0438,0,2026-03-31T09:00:42.968246
2660,2660,0.22,0,2026-03-31T09:00:42.968246
2661,2661,0.7425,1,2026-03-31T09:00:42.968246
2662,2662,0.0265,0,2026-03-31T09:00:42.968246
2663,2663,0.3769,0,2026-03-31T09:00:42.968246
2664,2664,0.0009,0,2026-03-31T09:00:42.968246
2665,2665,0.0776,0,2026-03-31T09:00:42.968246
2666,2666,0.0,0,2026-03-31T09:00:42.968246
2667,2667,0.0,0,2026-03-31T09:00:42.968246
2668,2668,0.25,0,2026-03-31T09:00:42.968246
2669,2669,0.2614,0,2026-03-31T09:00:42.968246
2670,2670,0.018,0,2026-03-31T09:00:42.968246
2671,2671,0.0073,0,2026-03-31T09:00:42.968246
2672,2672,0.0312,0,2026-03-31T09:00:42.968246
2673,2673,0.1728,0,2026-03-31T09:00:42.968246
2674,2674,0.0177,0,2026-03-31T09:00:42.968246
2675,2675,0.0174,0,2026-03-31T09:00:42.968246
2676,2676,0.2647,0,2026-03-31T09:00:42.968246
2677,2677,0.1648,0,2026-03-31T09:00:42.968246
2678,2678,0.1905,0,2026-03-31T09:00:42.968246
2679,2679,0.0547,0,2026-03-31T09:00:42.968246
2680,2680,0.1494,0,2026-03-31T09:00:42.968246
2681,2681,0.1693,0,2026-03-31T09:00:42.968246
2682,2682,0.1051,0,2026-03-31T09:00:42.968246
2683,2683,0.0188,0,2026-03-31T09:00:42.968246
2684,2684,0.407,0,2026-03-31T09:00:42.968246
2685,2685,0.015,0,2026-03-31T09:00:42.968246
2686,2686,0.143,0,2026-03-31T09:00:42.968246
2687,2687,0.1035,0,2026-03-31T09:00:42.968246
2688,2688,0.0062,0,2026-03-31T09:00:42.968246
2689,2689,0.0932,0,2026-03-31T09:00:42.968246
2690,2690,0.0,0,2026-03-31T09:00:42.968246
2691,2691,0.0,0,2026-03-31T09:00:42.968246
2692,2692,0.0064,0,2026-03-31T09:00:42.968246
2693,2693,0.1322,0,2026-03-31T09:00:42.968246
2694,2694,0.0234,0,2026-03-31T09:00:42.968246
2695,2695,0.0118,0,2026-03-31T09:00:42.968246
2696,2696,0.0116,0,2026-03-31T09:00:42.968246
2697,2697,0.1441,0,2026-03-31T09:00:42.968246
2698,2698,0.2146,0,2026-03-31T09:00:42.968246
2699,2699,0.0,0,2026-03-31T09:00:42.968246
2700,2700,0.0398,0,2026-03-31T09:00:42.968246
2701,2701,0.0038,0,2026-03-31T09:00:42.968246
2702,2702,0.0198,0,2026-03-31T09:00:42.968246
2703,2703,0.0036,0,2026-03-31T09:00:42.968246
2704,2704,0.0,0,2026-03-31T09:00:42.968246
2705,2705,0.1877,0,2026-03-31T09:00:42.968246
2706,2706,0.0236,0,2026-03-31T09:00:42.968246
2707,2707,0.0172,0,2026-03-31T09:00:42.968246
2708,2708,0.1829,0,2026-03-31T09:00:42.968246
2709,2709,0.0,0,2026-03-31T09:00:42.968246
2710,2710,0.0019,0,2026-03-31T09:00:42.968246
2711,2711,0.1225,0,2026-03-31T09:00:42.968246
2712,2712,0.0,0,2026-03-31T09:00:42.968246
2713,2713,0.0212,0,2026-03-31T09:00:42.968246
2714,2714,0.0413,0,2026-03-31T09:00:42.968246
2715,2715,0.0096,0,2026-03-31T09:00:42.968246
2716,2716,0.0188,0,2026-03-31T09:00:42.968246
2717,2717,0.005,0,2026-03-31T09:00:42.968246
2718,2718,0.0051,0,2026-03-31T09:00:42.968246
2719,2719,0.0,0,2026-03-31T09:00:42.968246
2720,2720,0.1786,0,2026-03-31T09:00:42.968246
2721,2721,0.0183,0,2026-03-31T09:00:42.968246
2722,2722,0.091,0,2026-03-31T09:00:42.968246
2723,2723,0.0911,0,2026-03-31T09:00:42.968246
2724,2724,0.0047,0,2026-03-31T09:00:42.968246
2725,2725,0.0555,0,2026-03-31T09:00:42.968246
2726,2726,0.0548,0,2026-03-31T09:00:42.968246
2727,2727,0.6412,1,2026-03-31T09:00:42.968246
2728,2728,0.0251,0,2026-03-31T09:00:42.968246
2729,2729,0.0533,0,2026-03-31T09:00:42.968246
2730,2730,0.0957,0,2026-03-31T09:00:42.968246
2731,2731,0.7188,1,2026-03-31T09:00:42.968246
2732,2732,0.0178,0,2026-03-31T09:00:42.968246
2733,2733,0.0055,0,2026-03-31T09:00:42.968246
2734,2734,0.0627,0,2026-03-31T09:00:42.968246
2735,2735,0.1236,0,2026-03-31T09:00:42.968246
2736,2736,0.2641,0,2026-03-31T09:00:42.968246
2737,2737,0.6305,1,2026-03-31T09:00:42.968246
2738,2738,0.0,0,2026-03-31T09:00:42.968246
2739,2739,0.3339,0,2026-03-31T09:00:42.968246
2740,2740,0.0155,0,2026-03-31T09:00:42.968246
2741,2741,0.4731,0,2026-03-31T09:00:42.968246
2742,2742,0.0543,0,2026-03-31T09:00:42.968246
2743,2743,0.0925,0,2026-03-31T09:00:42.968246
2744,2744,0.0034,0,2026-03-31T09:00:42.968246
2745,2745,0.0035,0,2026-03-31T09:00:42.968246
2746,2746,0.0081,0,2026-03-31T09:00:42.968246
2747,2747,0.0138,0,2026-03-31T09:00:42.968246
2748,2748,0.0057,0,2026-03-31T09:00:42.968246
2749,2749,0.204,0,2026-03-31T09:00:42.968246
2750,2750,0.0243,0,2026-03-31T09:00:42.968246
2751,2751,0.1483,0,2026-03-31T09:00:42.968246
2752,2752,0.2387,0,2026-03-31T09:00:42.968246
2753,2753,0.0138,0,2026-03-31T09:00:42.968246
2754,2754,0.2057,0,2026-03-31T09:00:42.968246
2755,2755,0.1174,0,2026-03-31T09:00:42.968246
2756,2756,0.0044,0,2026-03-31T09:00:42.968246
2757,2757,0.0375,0,2026-03-31T09:00:42.968246
2758,2758,0.0206,0,2026-03-31T09:00:42.968246
2759,2759,0.2295,0,2026-03-31T09:00:42.968246
2760,2760,0.1391,0,2026-03-31T09:00:42.968246
2761,2761,0.0,0,2026-03-31T09:00:42.968246
2762,2762,0.2089,0,2026-03-31T09:00:42.968246
2763,2763,0.0011,0,2026-03-31T09:00:42.968246
2764,2764,0.0032,0,2026-03-31T09:00:42.968246
2765,2765,0.0,0,2026-03-31T09:00:42.968246
2766,2766,0.213,0,2026-03-31T09:00:42.968246
2767,2767,0.2012,0,2026-03-31T09:00:42.968246
2768,2768,0.2209,0,2026-03-31T09:00:42.968246
2769,2769,0.0412,0,2026-03-31T09:00:42.968246
2770,2770,0.0048,0,2026-03-31T09:00:42.968246
2771,2771,0.2225,0,2026-03-31T09:00:42.968246
2772,2772,0.0403,0,2026-03-31T09:00:42.968246
2773,2773,0.0019,0,2026-03-31T09:00:42.968246
2774,2774,0.0149,0,2026-03-31T09:00:42.968246
2775,2775,0.03,0,2026-03-31T09:00:42.968246
2776,2776,0.2456,0,2026-03-31T09:00:42.968246
2777,2777,0.2246,0,2026-03-31T09:00:42.968246
2778,2778,0.4577,0,2026-03-31T09:00:42.968246
2779,2779,0.0859,0,2026-03-31T09:00:42.968246
2780,2780,0.0514,0,2026-03-31T09:00:42.968246
2781,2781,0.2078,0,2026-03-31T09:00:42.968246
2782,2782,0.2379,0,2026-03-31T09:00:42.968246
2783,2783,0.4153,0,2026-03-31T09:00:42.968246
2784,2784,0.2173,0,2026-03-31T09:00:42.968246
2785,2785,0.492,0,2026-03-31T09:00:42.968246
2786,2786,0.7619,1,2026-03-31T09:00:42.968246
2787,2787,0.0528,0,2026-03-31T09:00:42.968246
2788,2788,0.6919,1,2026-03-31T09:00:42.968246
2789,2789,0.0011,0,2026-03-31T09:00:42.968246
2790,2790,0.0,0,2026-03-31T09:00:42.968246
2791,2791,0.0694,0,2026-03-31T09:00:42.968246
2792,2792,0.0,0,2026-03-31T09:00:42.968246
2793,2793,0.0261,0,2026-03-31T09:00:42.968246
2794,2794,0.332,0,2026-03-31T09:00:42.968246
2795,2795,0.0891,0,2026-03-31T09:00:42.968246
2796,2796,0.005,0,2026-03-31T09:00:42.968246
2797,2797,0.6312,1,2026-03-31T09:00:42.968246
2798,2798,0.0298,0,2026-03-31T09:00:42.968246
2799,2799,0.0,0,2026-03-31T09:00:42.968246
2800,2800,0.0149,0,2026-03-31T09:00:42.968246
2801,2801,0.1892,0,2026-03-31T09:00:42.968246
2802,2802,0.0032,0,2026-03-31T09:00:42.968246
2803,2803,0.0375,0,2026-03-31T09:00:42.968246
2804,2804,0.3997,0,2026-03-31T09:00:42.968246
2805,2805,0.2322,0,2026-03-31T09:00:42.968246
2806,2806,0.1113,0,2026-03-31T09:00:42.968246
2807,2807,0.0,0,2026-03-31T09:00:42.968246
2808,2808,0.0828,0,2026-03-31T09:00:42.968246
2809,2809,0.2272,0,2026-03-31T09:00:42.968246
2810,2810,0.0933,0,2026-03-31T09:00:42.968246
2811,2811,0.3087,0,2026-03-31T09:00:42.968246
2812,2812,0.0872,0,2026-03-31T09:00:42.968246
2813,2813,0.1666,0,2026-03-31T09:00:42.968246
2814,2814,0.0073,0,2026-03-31T09:00:42.968246
2815,2815,0.3141,0,2026-03-31T09:00:42.968246
2816,2816,0.048,0,2026-03-31T09:00:42.968246
2817,2817,0.0488,0,2026-03-31T09:00:42.968246
2818,2818,0.0409,0,2026-03-31T09:00:42.968246
2819,2819,0.0727,0,2026-03-31T09:00:42.968246
2820,2820,0.1417,0,2026-03-31T09:00:42.968246
2821,2821,0.4318,0,2026-03-31T09:00:42.968246
2822,2822,0.6449,1,2026-03-31T09:00:42.968246
2823,2823,0.1776,0,2026-03-31T09:00:42.968246
2824,2824,0.6482,1,2026-03-31T09:00:42.968246
2825,2825,0.0242,0,2026-03-31T09:00:42.968246
2826,2826,0.0129,0,2026-03-31T09:00:42.968246
2827,2827,0.0462,0,2026-03-31T09:00:42.968246
2828,2828,0.259,0,2026-03-31T09:00:42.968246
2829,2829,0.1962,0,2026-03-31T09:00:42.968246
2830,2830,0.0049,0,2026-03-31T09:00:42.968246
2831,2831,0.1268,0,2026-03-31T09:00:42.968246
2832,2832,0.0172,0,2026-03-31T09:00:42.968246
2833,2833,0.226,0,2026-03-31T09:00:42.968246
2834,2834,0.3432,0,2026-03-31T09:00:42.968246
2835,2835,0.1457,0,2026-03-31T09:00:42.968246
2836,2836,0.1701,0,2026-03-31T09:00:42.968246
2837,2837,0.3534,0,2026-03-31T09:00:42.968246
2838,2838,0.0505,0,2026-03-31T09:00:42.968246
2839,2839,0.2676,0,2026-03-31T09:00:42.968246
2840,2840,0.1369,0,2026-03-31T09:00:42.968246
2841,2841,0.0,0,2026-03-31T09:00:42.968246
2842,2842,0.0,0,2026-03-31T09:00:42.968246
2843,2843,0.0913,0,2026-03-31T09:00:42.968246
2844,2844,0.1688,0,2026-03-31T09:00:42.968246
2845,2845,0.0126,0,2026-03-31T09:00:42.968246
2846,2846,0.0358,0,2026-03-31T09:00:42.968246
2847,2847,0.0,0,2026-03-31T09:00:42.968246
2848,2848,0.1361,0,2026-03-31T09:00:42.968246
2849,2849,0.3076,0,2026-03-31T09:00:42.968246
2850,2850,0.2337,0,2026-03-31T09:00:42.968246
2851,2851,0.2869,0,2026-03-31T09:00:42.968246
2852,2852,0.0642,0,2026-03-31T09:00:42.968246
2853,2853,0.1223,0,2026-03-31T09:00:42.968246
2854,2854,0.0485,0,2026-03-31T09:00:42.968246
2855,2855,0.005,0,2026-03-31T09:00:42.968246
2856,2856,0.0933,0,2026-03-31T09:00:42.968246
2857,2857,0.0825,0,2026-03-31T09:00:42.968246
2858,2858,0.0345,0,2026-03-31T09:00:42.968246
2859,2859,0.0748,0,2026-03-31T09:00:42.968246
2860,2860,0.0048,0,2026-03-31T09:00:42.968246
2861,2861,0.0533,0,2026-03-31T09:00:42.968246
2862,2862,0.0074,0,2026-03-31T09:00:42.968246
2863,2863,0.1854,0,2026-03-31T09:00:42.968246
2864,2864,0.0739,0,2026-03-31T09:00:42.968246
2865,2865,0.0755,0,2026-03-31T09:00:42.968246
2866,2866,0.0715,0,2026-03-31T09:00:42.968246
2867,2867,0.4835,0,2026-03-31T09:00:42.968246
2868,2868,0.0522,0,2026-03-31T09:00:42.968246
2869,2869,0.156,0,2026-03-31T09:00:42.968246
2870,2870,0.0595,0,2026-03-31T09:00:42.968246
2871,2871,0.0036,0,2026-03-31T09:00:42.968246
2872,2872,0.0039,0,2026-03-31T09:00:42.968246
2873,2873,0.0093,0,2026-03-31T09:00:42.968246
2874,2874,0.0973,0,2026-03-31T09:00:42.968246
2875,2875,0.0111,0,2026-03-31T09:00:42.968246
2876,2876,0.0202,0,2026-03-31T09:00:42.968246
2877,2877,0.0539,0,2026-03-31T09:00:42.968246
2878,2878,0.7661,1,2026-03-31T09:00:42.968246
2879,2879,0.1657,0,2026-03-31T09:00:42.968246
2880,2880,0.0,0,2026-03-31T09:00:42.968246
2881,2881,0.1888,0,2026-03-31T09:00:42.968246
2882,2882,0.0148,0,2026-03-31T09:00:42.968246
2883,2883,0.2044,0,2026-03-31T09:00:42.968246
2884,2884,0.4468,0,2026-03-31T09:00:42.968246
2885,2885,0.005,0,2026-03-31T09:00:42.968246
2886,2886,0.1692,0,2026-03-31T09:00:42.968246
2887,2887,0.1372,0,2026-03-31T09:00:42.968246
2888,2888,0.011,0,2026-03-31T09:00:42.968246
2889,2889,0.0068,0,2026-03-31T09:00:42.968246
2890,2890,0.0226,0,2026-03-31T09:00:42.968246
2891,2891,0.0128,0,2026-03-31T09:00:42.968246
2892,2892,0.2028,0,2026-03-31T09:00:42.968246
2893,2893,0.417,0,2026-03-31T09:00:42.968246
2894,2894,0.0302,0,2026-03-31T09:00:42.968246
2895,2895,0.4768,0,2026-03-31T09:00:42.968246
2896,2896,0.3412,0,2026-03-31T09:00:42.968246
2897,2897,0.0,0,2026-03-31T09:00:42.968246
2898,2898,0.1591,0,2026-03-31T09:00:42.968246
2899,2899,0.0,0,2026-03-31T09:00:42.968246
2900,2900,0.0009,0,2026-03-31T09:00:42.968246
2901,2901,0.0209,0,2026-03-31T09:00:42.968246
2902,2902,0.0141,0,2026-03-31T09:00:42.968246
2903,2903,0.1716,0,2026-03-31T09:00:42.968246
2904,2904,0.0487,0,2026-03-31T09:00:42.968246
2905,2905,0.1544,0,2026-03-31T09:00:42.968246
2906,2906,0.0625,0,2026-03-31T09:00:42.968246
2907,2907,0.0009,0,2026-03-31T09:00:42.968246
2908,2908,0.6002,1,2026-03-31T09:00:42.968246
2909,2909,0.6025,1,2026-03-31T09:00:42.968246
2910,2910,0.0019,0,2026-03-31T09:00:42.968246
2911,2911,0.0,0,2026-03-31T09:00:42.968246
2912,2912,0.0168,0,2026-03-31T09:00:42.968246
2913,2913,0.007,0,2026-03-31T09:00:42.968246
2914,2914,0.0801,0,2026-03-31T09:00:42.968246
2915,2915,0.1119,0,2026-03-31T09:00:42.968246
2916,2916,0.2238,0,2026-03-31T09:00:42.968246
2917,2917,0.1865,0,2026-03-31T09:00:42.968246
2918,2918,0.2024,0,2026-03-31T09:00:42.968246
2919,2919,0.0078,0,2026-03-31T09:00:42.968246
2920,2920,0.0596,0,2026-03-31T09:00:42.968246
2921,2921,0.1171,0,2026-03-31T09:00:42.968246
2922,2922,0.003,0,2026-03-31T09:00:42.968246
2923,2923,0.01,0,2026-03-31T09:00:42.968246
2924,2924,0.1012,0,2026-03-31T09:00:42.968246
2925,2925,0.2317,0,2026-03-31T09:00:42.968246
2926,2926,0.0134,0,2026-03-31T09:00:42.968246
2927,2927,0.0044,0,2026-03-31T09:00:42.968246
2928,2928,0.0283,0,2026-03-31T09:00:42.968246
2929,2929,0.0924,0,2026-03-31T09:00:42.968246
2930,2930,0.0073,0,2026-03-31T09:00:42.968246
2931,2931,0.005,0,2026-03-31T09:00:42.968246
2932,2932,0.2678,0,2026-03-31T09:00:42.968246
2933,2933,0.0349,0,2026-03-31T09:00:42.968246
2934,2934,0.0046,0,2026-03-31T09:00:42.968246
2935,2935,0.0899,0,2026-03-31T09:00:42.968246
2936,2936,0.0743,0,2026-03-31T09:00:42.968246
2937,2937,0.0132,0,2026-03-31T09:00:42.968246
2938,2938,0.0266,0,2026-03-31T09:00:42.968246
2939,2939,0.0064,0,2026-03-31T09:00:42.968246
2940,2940,0.1464,0,2026-03-31T09:00:42.968246
2941,2941,0.7663,1,2026-03-31T09:00:42.968246
2942,2942,0.2125,0,2026-03-31T09:00:42.968246
2943,2943,0.0172,0,2026-03-31T09:00:42.968246
2944,2944,0.0107,0,2026-03-31T09:00:42.968246
2945,2945,0.0048,0,2026-03-31T09:00:42.968246
2946,2946,0.7561,1,2026-03-31T09:00:42.968246
2947,2947,0.021,0,2026-03-31T09:00:42.968246
2948,2948,0.0226,0,2026-03-31T09:00:42.968246
2949,2949,0.3452,0,2026-03-31T09:00:42.968246
2950,2950,0.67,1,2026-03-31T09:00:42.968246
2951,2951,0.239,0,2026-03-31T09:00:42.968246
2952,2952,0.0166,0,2026-03-31T09:00:42.968246
2953,2953,0.6697,1,2026-03-31T09:00:42.968246
2954,2954,0.2709,0,2026-03-31T09:00:42.968246
2955,2955,0.0329,0,2026-03-31T09:00:42.968246
2956,2956,0.0087,0,2026-03-31T09:00:42.968246
2957,2957,0.0798,0,2026-03-31T09:00:42.968246
2958,2958,0.5009,1,2026-03-31T09:00:42.968246
2959,2959,0.0073,0,2026-03-31T09:00:42.968246
2960,2960,0.0299,0,2026-03-31T09:00:42.968246
2961,2961,0.3079,0,2026-03-31T09:00:42.968246
2962,2962,0.008,0,2026-03-31T09:00:42.968246
2963,2963,0.2339,0,2026-03-31T09:00:42.968246
2964,2964,0.0764,0,2026-03-31T09:00:42.968246
2965,2965,0.0548,0,2026-03-31T09:00:42.968246
2966,2966,0.0413,0,2026-03-31T09:00:42.968246
2967,2967,0.0128,0,2026-03-31T09:00:42.968246
2968,2968,0.0421,0,2026-03-31T09:00:42.968246
2969,2969,0.275,0,2026-03-31T09:00:42.968246
2970,2970,0.0999,0,2026-03-31T09:00:42.968246
2971,2971,0.6078,1,2026-03-31T09:00:42.968246
2972,2972,0.0181,0,2026-03-31T09:00:42.968246
2973,2973,0.0011,0,2026-03-31T09:00:42.968246
2974,2974,0.389,0,2026-03-31T09:00:42.968246
2975,2975,0.0264,0,2026-03-31T09:00:42.968246
2976,2976,0.2428,0,2026-03-31T09:00:42.968246
2977,2977,0.3534,0,2026-03-31T09:00:42.968246
2978,2978,0.0204,0,2026-03-31T09:00:42.968246
2979,2979,0.0385,0,2026-03-31T09:00:42.968246
2980,2980,0.0069,0,2026-03-31T09:00:42.968246
2981,2981,0.0197,0,2026-03-31T09:00:42.968246
2982,2982,0.0,0,2026-03-31T09:00:42.968246
2983,2983,0.0562,0,2026-03-31T09:00:42.968246
2984,2984,0.207,0,2026-03-31T09:00:42.968246
2985,2985,0.0016,0,2026-03-31T09:00:42.968246
2986,2986,0.0086,0,2026-03-31T09:00:42.968246
2987,2987,0.009,0,2026-03-31T09:00:42.968246
2988,2988,0.0601,0,2026-03-31T09:00:42.968246
2989,2989,0.0005,0,2026-03-31T09:00:42.968246
2990,2990,0.0184,0,2026-03-31T09:00:42.968246
2991,2991,0.0246,0,2026-03-31T09:00:42.968246
2992,2992,0.0,0,2026-03-31T09:00:42.968246
2993,2993,0.0163,0,2026-03-31T09:00:42.968246
2994,2994,0.1332,0,2026-03-31T09:00:42.968246
2995,2995,0.0588,0,2026-03-31T09:00:42.968246
2996,2996,0.0076,0,2026-03-31T09:00:42.968246
2997,2997,0.0286,0,2026-03-31T09:00:42.968246
2998,2998,0.0365,0,2026-03-31T09:00:42.968246
2999,2999,0.1078,0,2026-03-31T09:00:42.968246
3000,3000,0.0055,0,2026-03-31T09:00:42.968246
3001,3001,0.0095,0,2026-03-31T09:00:42.968246
3002,3002,0.0098,0,2026-03-31T09:00:42.968246
3003,3003,0.0763,0,2026-03-31T09:00:42.968246
3004,3004,0.2918,0,2026-03-31T09:00:42.968246
3005,3005,0.0723,0,2026-03-31T09:00:42.968246
3006,3006,0.0063,0,2026-03-31T09:00:42.968246
3007,3007,0.0055,0,2026-03-31T09:00:42.968246
3008,3008,0.6377,1,2026-03-31T09:00:42.968246
3009,3009,0.0611,0,2026-03-31T09:00:42.968246
3010,3010,0.0066,0,2026-03-31T09:00:42.968246
3011,3011,0.0072,0,2026-03-31T09:00:42.968246
3012,3012,0.0117,0,2026-03-31T09:00:42.968246
3013,3013,0.0047,0,2026-03-31T09:00:42.968246
3014,3014,0.0101,0,2026-03-31T09:00:42.968246
3015,3015,0.0,0,2026-03-31T09:00:42.968246
3016,3016,0.018,0,2026-03-31T09:00:42.968246
3017,3017,0.0186,0,2026-03-31T09:00:42.968246
3018,3018,0.0442,0,2026-03-31T09:00:42.968246
3019,3019,0.1025,0,2026-03-31T09:00:42.968246
3020,3020,0.0249,0,2026-03-31T09:00:42.968246
3021,3021,0.0066,0,2026-03-31T09:00:42.968246
3022,3022,0.0249,0,2026-03-31T09:00:42.968246
3023,3023,0.0766,0,2026-03-31T09:00:42.968246
3024,3024,0.265,0,2026-03-31T09:00:42.968246
3025,3025,0.1762,0,2026-03-31T09:00:42.968246
3026,3026,0.0852,0,2026-03-31T09:00:42.968246
3027,3027,0.014,0,2026-03-31T09:00:42.968246
3028,3028,0.0438,0,2026-03-31T09:00:42.968246
3029,3029,0.0626,0,2026-03-31T09:00:42.968246
3030,3030,0.0039,0,2026-03-31T09:00:42.968246
3031,3031,0.604,1,2026-03-31T09:00:42.968246
3032,3032,0.2859,0,2026-03-31T09:00:42.968246
3033,3033,0.0021,0,2026-03-31T09:00:42.968246
3034,3034,0.0379,0,2026-03-31T09:00:42.968246
3035,3035,0.1299,0,2026-03-31T09:00:42.968246
3036,3036,0.0082,0,2026-03-31T09:00:42.968246
3037,3037,0.2006,0,2026-03-31T09:00:42.968246
3038,3038,0.0061,0,2026-03-31T09:00:42.968246
3039,3039,0.057,0,2026-03-31T09:00:42.968246
3040,3040,0.0076,0,2026-03-31T09:00:42.968246
3041,3041,0.0793,0,2026-03-31T09:00:42.968246
3042,3042,0.0095,0,2026-03-31T09:00:42.968246
3043,3043,0.003,0,2026-03-31T09:00:42.968246
3044,3044,0.0095,0,2026-03-31T09:00:42.968246
3045,3045,0.0,0,2026-03-31T09:00:42.968246
3046,3046,0.0019,0,2026-03-31T09:00:42.968246
3047,3047,0.0308,0,2026-03-31T09:00:42.968246
3048,3048,0.0299,0,2026-03-31T09:00:42.968246
3049,3049,0.0037,0,2026-03-31T09:00:42.968246
3050,3050,0.0,0,2026-03-31T09:00:42.968246
3051,3051,0.0119,0,2026-03-31T09:00:42.968246
3052,3052,0.0016,0,2026-03-31T09:00:42.968246
3053,3053,0.0709,0,2026-03-31T09:00:42.968246
3054,3054,0.0802,0,2026-03-31T09:00:42.968246
3055,3055,0.0047,0,2026-03-31T09:00:42.968246
3056,3056,0.0468,0,2026-03-31T09:00:42.968246
3057,3057,0.0556,0,2026-03-31T09:00:42.968246
3058,3058,0.2455,0,2026-03-31T09:00:42.968246
3059,3059,0.0011,0,2026-03-31T09:00:42.968246
3060,3060,0.0179,0,2026-03-31T09:00:42.968246
3061,3061,0.0101,0,2026-03-31T09:00:42.968246
3062,3062,0.0169,0,2026-03-31T09:00:42.968246
3063,3063,0.0679,0,2026-03-31T09:00:42.968246
3064,3064,0.0055,0,2026-03-31T09:00:42.968246
3065,3065,0.1368,0,2026-03-31T09:00:42.968246
3066,3066,0.1712,0,2026-03-31T09:00:42.968246
3067,3067,0.2456,0,2026-03-31T09:00:42.968246
3068,3068,0.1826,0,2026-03-31T09:00:42.968246
3069,3069,0.0164,0,2026-03-31T09:00:42.968246
3070,3070,0.0057,0,2026-03-31T09:00:42.968246
3071,3071,0.0567,0,2026-03-31T09:00:42.968246
3072,3072,0.0909,0,2026-03-31T09:00:42.968246
3073,3073,0.0026,0,2026-03-31T09:00:42.968246
3074,3074,0.071,0,2026-03-31T09:00:42.968246
3075,3075,0.0091,0,2026-03-31T09:00:42.968246
3076,3076,0.0,0,2026-03-31T09:00:42.968246
3077,3077,0.0048,0,2026-03-31T09:00:42.968246
3078,3078,0.0278,0,2026-03-31T09:00:42.968246
3079,3079,0.0091,0,2026-03-31T09:00:42.968246
3080,3080,0.658,1,2026-03-31T09:00:42.968246
3081,3081,0.0557,0,2026-03-31T09:00:42.968246
3082,3082,0.2221,0,2026-03-31T09:00:42.968246
3083,3083,0.6007,1,2026-03-31T09:00:42.968246
3084,3084,0.0092,0,2026-03-31T09:00:42.968246
3085,3085,0.0009,0,2026-03-31T09:00:42.968246
3086,3086,0.0925,0,2026-03-31T09:00:42.968246
3087,3087,0.012,0,2026-03-31T09:00:42.968246
3088,3088,0.0078,0,2026-03-31T09:00:42.968246
3089,3089,0.0,0,2026-03-31T09:00:42.968246
3090,3090,0.0124,0,2026-03-31T09:00:42.968246
3091,3091,0.0312,0,2026-03-31T09:00:42.968246
3092,3092,0.1546,0,2026-03-31T09:00:42.968246
3093,3093,0.0208,0,2026-03-31T09:00:42.968246
3094,3094,0.0,0,2026-03-31T09:00:42.968246
3095,3095,0.0066,0,2026-03-31T09:00:42.968246
3096,3096,0.0381,0,2026-03-31T09:00:42.968246
3097,3097,0.0257,0,2026-03-31T09:00:42.968246
3098,3098,0.0115,0,2026-03-31T09:00:42.968246
3099,3099,0.1051,0,2026-03-31T09:00:42.968246
3100,3100,0.2063,0,2026-03-31T09:00:42.968246
3101,3101,0.0908,0,2026-03-31T09:00:42.968246
3102,3102,0.007,0,2026-03-31T09:00:42.968246
3103,3103,0.2491,0,2026-03-31T09:00:42.968246
3104,3104,0.0015,0,2026-03-31T09:00:42.968246
3105,3105,0.039,0,2026-03-31T09:00:42.968246
3106,3106,0.0059,0,2026-03-31T09:00:42.968246
3107,3107,0.0095,0,2026-03-31T09:00:42.968246
3108,3108,0.1315,0,2026-03-31T09:00:42.968246
3109,3109,0.0129,0,2026-03-31T09:00:42.968246
3110,3110,0.6145,1,2026-03-31T09:00:42.968246
3111,3111,0.0287,0,2026-03-31T09:00:42.968246
3112,3112,0.0555,0,2026-03-31T09:00:42.968246
3113,3113,0.0053,0,2026-03-31T09:00:42.968246
3114,3114,0.0322,0,2026-03-31T09:00:42.968246
3115,3115,0.0349,0,2026-03-31T09:00:42.968246
3116,3116,0.1313,0,2026-03-31T09:00:42.968246
3117,3117,0.0,0,2026-03-31T09:00:42.968246
3118,3118,0.0016,0,2026-03-31T09:00:42.968246
3119,3119,0.6555,1,2026-03-31T09:00:42.968246
3120,3120,0.0078,0,2026-03-31T09:00:42.968246
3121,3121,0.115,0,2026-03-31T09:00:42.968246
3122,3122,0.0,0,2026-03-31T09:00:42.968246
3123,3123,0.0134,0,2026-03-31T09:00:42.968246
3124,3124,0.1763,0,2026-03-31T09:00:42.968246
3125,3125,0.1657,0,2026-03-31T09:00:42.968246
3126,3126,0.0484,0,2026-03-31T09:00:42.968246
3127,3127,0.1237,0,2026-03-31T09:00:42.968246
3128,3128,0.0173,0,2026-03-31T09:00:42.968246
3129,3129,0.0255,0,2026-03-31T09:00:42.968246
3130,3130,0.1889,0,2026-03-31T09:00:42.968246
3131,3131,0.0047,0,2026-03-31T09:00:42.968246
3132,3132,0.2589,0,2026-03-31T09:00:42.968246
3133,3133,0.0209,0,2026-03-31T09:00:42.968246
3134,3134,0.2222,0,2026-03-31T09:00:42.968246
3135,3135,0.0052,0,2026-03-31T09:00:42.968246
3136,3136,0.018,0,2026-03-31T09:00:42.968246
3137,3137,0.224,0,2026-03-31T09:00:42.968246
3138,3138,0.0174,0,2026-03-31T09:00:42.968246
3139,3139,0.0283,0,2026-03-31T09:00:42.968246
3140,3140,0.0038,0,2026-03-31T09:00:42.968246
3141,3141,0.0549,0,2026-03-31T09:00:42.968246
3142,3142,0.0678,0,2026-03-31T09:00:42.968246
3143,3143,0.002,0,2026-03-31T09:00:42.968246
3144,3144,0.4361,0,2026-03-31T09:00:42.968246
3145,3145,0.0143,0,2026-03-31T09:00:42.968246
3146,3146,0.007,0,2026-03-31T09:00:42.968246
3147,3147,0.7431,1,2026-03-31T09:00:42.968246
3148,3148,0.0361,0,2026-03-31T09:00:42.968246
3149,3149,0.0,0,2026-03-31T09:00:42.968246
3150,3150,0.304,0,2026-03-31T09:00:42.968246
3151,3151,0.0383,0,2026-03-31T09:00:42.968246
3152,3152,0.0062,0,2026-03-31T09:00:42.968246
3153,3153,0.0097,0,2026-03-31T09:00:42.968246
3154,3154,0.0525,0,2026-03-31T09:00:42.968246
3155,3155,0.0107,0,2026-03-31T09:00:42.968246
3156,3156,0.0358,0,2026-03-31T09:00:42.968246
3157,3157,0.3226,0,2026-03-31T09:00:42.968246
3158,3158,0.1444,0,2026-03-31T09:00:42.968246
3159,3159,0.0118,0,2026-03-31T09:00:42.968246
3160,3160,0.0055,0,2026-03-31T09:00:42.968246
3161,3161,0.045,0,2026-03-31T09:00:42.968246
3162,3162,0.3485,0,2026-03-31T09:00:42.968246
3163,3163,0.0026,0,2026-03-31T09:00:42.968246
3164,3164,0.0028,0,2026-03-31T09:00:42.968246
3165,3165,0.0125,0,2026-03-31T09:00:42.968246
3166,3166,0.0132,0,2026-03-31T09:00:42.968246
3167,3167,0.1715,0,2026-03-31T09:00:42.968246
3168,3168,0.0109,0,2026-03-31T09:00:42.968246
3169,3169,0.0086,0,2026-03-31T09:00:42.968246
3170,3170,0.0028,0,2026-03-31T09:00:42.968246
3171,3171,0.0034,0,2026-03-31T09:00:42.968246
3172,3172,0.0134,0,2026-03-31T09:00:42.968246
3173,3173,0.0095,0,2026-03-31T09:00:42.968246
3174,3174,0.0254,0,2026-03-31T09:00:42.968246
3175,3175,0.065,0,2026-03-31T09:00:42.968246
3176,3176,0.0363,0,2026-03-31T09:00:42.968246
3177,3177,0.1573,0,2026-03-31T09:00:42.968246
3178,3178,0.0124,0,2026-03-31T09:00:42.968246
3179,3179,0.1889,0,2026-03-31T09:00:42.968246
3180,3180,0.032,0,2026-03-31T09:00:42.968246
3181,3181,0.0785,0,2026-03-31T09:00:42.968246
3182,3182,0.0161,0,2026-03-31T09:00:42.968246
3183,3183,0.0066,0,2026-03-31T09:00:42.968246
3184,3184,0.0246,0,2026-03-31T09:00:42.968246
3185,3185,0.0119,0,2026-03-31T09:00:42.968246
3186,3186,0.0474,0,2026-03-31T09:00:42.968246
3187,3187,0.0072,0,2026-03-31T09:00:42.968246
3188,3188,0.2417,0,2026-03-31T09:00:42.968246
3189,3189,0.0063,0,2026-03-31T09:00:42.968246
3190,3190,0.0407,0,2026-03-31T09:00:42.968246
3191,3191,0.1272,0,2026-03-31T09:00:42.968246
3192,3192,0.0082,0,2026-03-31T09:00:42.968246
3193,3193,0.2579,0,2026-03-31T09:00:42.968246
3194,3194,0.0288,0,2026-03-31T09:00:42.968246
3195,3195,0.1624,0,2026-03-31T09:00:42.968246
3196,3196,0.5968,1,2026-03-31T09:00:42.968246
3197,3197,0.0082,0,2026-03-31T09:00:42.968246
3198,3198,0.005,0,2026-03-31T09:00:42.968246
3199,3199,0.0521,0,2026-03-31T09:00:42.968246
3200,3200,0.0019,0,2026-03-31T09:00:42.968246
3201,3201,0.0019,0,2026-03-31T09:00:42.968246
3202,3202,0.008,0,2026-03-31T09:00:42.968246
3203,3203,0.0382,0,2026-03-31T09:00:42.968246
3204,3204,0.0104,0,2026-03-31T09:00:42.968246
3205,3205,0.6205,1,2026-03-31T09:00:42.968246
3206,3206,0.2011,0,2026-03-31T09:00:42.968246
3207,3207,0.0671,0,2026-03-31T09:00:42.968246
3208,3208,0.0,0,2026-03-31T09:00:42.968246
3209,3209,0.0438,0,2026-03-31T09:00:42.968246
3210,3210,0.0055,0,2026-03-31T09:00:42.968246
3211,3211,0.013,0,2026-03-31T09:00:42.968246
3212,3212,0.0061,0,2026-03-31T09:00:42.968246
3213,3213,0.0836,0,2026-03-31T09:00:42.968246
3214,3214,0.1965,0,2026-03-31T09:00:42.968246
3215,3215,0.2332,0,2026-03-31T09:00:42.968246
3216,3216,0.0,0,2026-03-31T09:00:42.968246
3217,3217,0.3499,0,2026-03-31T09:00:42.968246
3218,3218,0.1616,0,2026-03-31T09:00:42.968246
3219,3219,0.0261,0,2026-03-31T09:00:42.968246
3220,3220,0.0294,0,2026-03-31T09:00:42.968246
3221,3221,0.0128,0,2026-03-31T09:00:42.968246
3222,3222,0.1301,0,2026-03-31T09:00:42.968246
3223,3223,0.0009,0,2026-03-31T09:00:42.968246
3224,3224,0.0111,0,2026-03-31T09:00:42.968246
3225,3225,0.2904,0,2026-03-31T09:00:42.968246
3226,3226,0.1182,0,2026-03-31T09:00:42.968246
3227,3227,0.043,0,2026-03-31T09:00:42.968246
3228,3228,0.0212,0,2026-03-31T09:00:42.968246
3229,3229,0.0112,0,2026-03-31T09:00:42.968246
3230,3230,0.0015,0,2026-03-31T09:00:42.968246
3231,3231,0.3081,0,2026-03-31T09:00:42.968246
3232,3232,0.0062,0,2026-03-31T09:00:42.968246
3233,3233,0.0102,0,2026-03-31T09:00:42.968246
3234,3234,0.0062,0,2026-03-31T09:00:42.968246
3235,3235,0.2065,0,2026-03-31T09:00:42.968246
3236,3236,0.1261,0,2026-03-31T09:00:42.968246
3237,3237,0.0009,0,2026-03-31T09:00:42.968246
3238,3238,0.0123,0,2026-03-31T09:00:42.968246
3239,3239,0.0066,0,2026-03-31T09:00:42.968246
3240,3240,0.005,0,2026-03-31T09:00:42.968246
3241,3241,0.018,0,2026-03-31T09:00:42.968246
3242,3242,0.0,0,2026-03-31T09:00:42.968246
3243,3243,0.0204,0,2026-03-31T09:00:42.968246
3244,3244,0.2115,0,2026-03-31T09:00:42.968246
3245,3245,0.0045,0,2026-03-31T09:00:42.968246
3246,3246,0.0237,0,2026-03-31T09:00:42.968246
3247,3247,0.0054,0,2026-03-31T09:00:42.968246
3248,3248,0.0699,0,2026-03-31T09:00:42.968246
3249,3249,0.0034,0,2026-03-31T09:00:42.968246
3250,3250,0.0045,0,2026-03-31T09:00:42.968246
3251,3251,0.2742,0,2026-03-31T09:00:42.968246
3252,3252,0.6119,1,2026-03-31T09:00:42.968246
3253,3253,0.0388,0,2026-03-31T09:00:42.968246
3254,3254,0.0333,0,2026-03-31T09:00:42.968246
3255,3255,0.007,0,2026-03-31T09:00:42.968246
3256,3256,0.0134,0,2026-03-31T09:00:42.968246
3257,3257,0.0284,0,2026-03-31T09:00:42.968246
3258,3258,0.0084,0,2026-03-31T09:00:42.968246
3259,3259,0.0283,0,2026-03-31T09:00:42.968246
3260,3260,0.0,0,2026-03-31T09:00:42.968246
3261,3261,0.3557,0,2026-03-31T09:00:42.968246
3262,3262,0.2157,0,2026-03-31T09:00:42.968246
3263,3263,0.0571,0,2026-03-31T09:00:42.968246
3264,3264,0.0045,0,2026-03-31T09:00:42.968246
3265,3265,0.0213,0,2026-03-31T09:00:42.968246
3266,3266,0.0107,0,2026-03-31T09:00:42.968246
3267,3267,0.0,0,2026-03-31T09:00:42.968246
3268,3268,0.013,0,2026-03-31T09:00:42.968246
3269,3269,0.1576,0,2026-03-31T09:00:42.968246
3270,3270,0.01,0,2026-03-31T09:00:42.968246
3271,3271,0.0073,0,2026-03-31T09:00:42.968246
3272,3272,0.0405,0,2026-03-31T09:00:42.968246
3273,3273,0.298,0,2026-03-31T09:00:42.968246
3274,3274,0.706,1,2026-03-31T09:00:42.968246
3275,3275,0.1735,0,2026-03-31T09:00:42.968246
3276,3276,0.0139,0,2026-03-31T09:00:42.968246
3277,3277,0.2208,0,2026-03-31T09:00:42.968246
3278,3278,0.0093,0,2026-03-31T09:00:42.968246
3279,3279,0.005,0,2026-03-31T09:00:42.968246
3280,3280,0.1497,0,2026-03-31T09:00:42.968246
3281,3281,0.3375,0,2026-03-31T09:00:42.968246
3282,3282,0.2085,0,2026-03-31T09:00:42.968246
3283,3283,0.0167,0,2026-03-31T09:00:42.968246
3284,3284,0.3391,0,2026-03-31T09:00:42.968246
3285,3285,0.1498,0,2026-03-31T09:00:42.968246
3286,3286,0.4384,0,2026-03-31T09:00:42.968246
3287,3287,0.0194,0,2026-03-31T09:00:42.968246
3288,3288,0.3627,0,2026-03-31T09:00:42.968246
3289,3289,0.0011,0,2026-03-31T09:00:42.968246
3290,3290,0.0187,0,2026-03-31T09:00:42.968246
3291,3291,0.1384,0,2026-03-31T09:00:42.968246
3292,3292,0.0387,0,2026-03-31T09:00:42.968246
3293,3293,0.0499,0,2026-03-31T09:00:42.968246
3294,3294,0.0224,0,2026-03-31T09:00:42.968246
3295,3295,0.0652,0,2026-03-31T09:00:42.968246
3296,3296,0.0867,0,2026-03-31T09:00:42.968246
3297,3297,0.0,0,2026-03-31T09:00:42.968246
3298,3298,0.3697,0,2026-03-31T09:00:42.968246
3299,3299,0.2183,0,2026-03-31T09:00:42.968246
3300,3300,0.0286,0,2026-03-31T09:00:42.968246
3301,3301,0.0,0,2026-03-31T09:00:42.968246
3302,3302,0.0,0,2026-03-31T09:00:42.968246
3303,3303,0.0021,0,2026-03-31T09:00:42.968246
3304,3304,0.2021,0,2026-03-31T09:00:42.968246
3305,3305,0.0572,0,2026-03-31T09:00:42.968246
3306,3306,0.026,0,2026-03-31T09:00:42.968246
3307,3307,0.0349,0,2026-03-31T09:00:42.968246
3308,3308,0.7055,1,2026-03-31T09:00:42.968246
3309,3309,0.2381,0,2026-03-31T09:00:42.968246
3310,3310,0.2963,0,2026-03-31T09:00:42.968246
3311,3311,0.0876,0,2026-03-31T09:00:42.968246
3312,3312,0.2535,0,2026-03-31T09:00:42.968246
3313,3313,0.0087,0,2026-03-31T09:00:42.968246
3314,3314,0.0041,0,2026-03-31T09:00:42.968246
3315,3315,0.0161,0,2026-03-31T09:00:42.968246
3316,3316,0.0037,0,2026-03-31T09:00:42.968246
3317,3317,0.0973,0,2026-03-31T09:00:42.968246
3318,3318,0.0353,0,2026-03-31T09:00:42.968246
3319,3319,0.0808,0,2026-03-31T09:00:42.968246
3320,3320,0.0,0,2026-03-31T09:00:42.968246
3321,3321,0.0407,0,2026-03-31T09:00:42.968246
3322,3322,0.0928,0,2026-03-31T09:00:42.968246
3323,3323,0.0088,0,2026-03-31T09:00:42.968246
3324,3324,0.3262,0,2026-03-31T09:00:42.968246
3325,3325,0.6141,1,2026-03-31T09:00:42.968246
3326,3326,0.2564,0,2026-03-31T09:00:42.968246
3327,3327,0.2051,0,2026-03-31T09:00:42.968246
3328,3328,0.2227,0,2026-03-31T09:00:42.968246
3329,3329,0.6333,1,2026-03-31T09:00:42.968246
3330,3330,0.1157,0,2026-03-31T09:00:42.968246
3331,3331,0.3702,0,2026-03-31T09:00:42.968246
3332,3332,0.2594,0,2026-03-31T09:00:42.968246
3333,3333,0.1769,0,2026-03-31T09:00:42.968246
3334,3334,0.0504,0,2026-03-31T09:00:42.968246
3335,3335,0.0679,0,2026-03-31T09:00:42.968246
3336,3336,0.1104,0,2026-03-31T09:00:42.968246
3337,3337,0.1429,0,2026-03-31T09:00:42.968246
3338,3338,0.2266,0,2026-03-31T09:00:42.968246
3339,3339,0.0425,0,2026-03-31T09:00:42.968246
3340,3340,0.0028,0,2026-03-31T09:00:42.968246
3341,3341,0.2322,0,2026-03-31T09:00:42.968246
3342,3342,0.1925,0,2026-03-31T09:00:42.968246
3343,3343,0.0049,0,2026-03-31T09:00:42.968246
3344,3344,0.3083,0,2026-03-31T09:00:42.968246
3345,3345,0.0711,0,2026-03-31T09:00:42.968246
3346,3346,0.0148,0,2026-03-31T09:00:42.968246
3347,3347,0.0062,0,2026-03-31T09:00:42.968246
3348,3348,0.1224,0,2026-03-31T09:00:42.968246
3349,3349,0.0324,0,2026-03-31T09:00:42.968246
3350,3350,0.0059,0,2026-03-31T09:00:42.968246
3351,3351,0.2528,0,2026-03-31T09:00:42.968246
3352,3352,0.1377,0,2026-03-31T09:00:42.968246
3353,3353,0.0081,0,2026-03-31T09:00:42.968246
3354,3354,0.0543,0,2026-03-31T09:00:42.968246
3355,3355,0.0164,0,2026-03-31T09:00:42.968246
3356,3356,0.0,0,2026-03-31T09:00:42.968246
3357,3357,0.0059,0,2026-03-31T09:00:42.968246
3358,3358,0.0049,0,2026-03-31T09:00:42.968246
3359,3359,0.0595,0,2026-03-31T09:00:42.968246
3360,3360,0.2666,0,2026-03-31T09:00:42.968246
3361,3361,0.0228,0,2026-03-31T09:00:42.968246
3362,3362,0.0084,0,2026-03-31T09:00:42.968246
3363,3363,0.1197,0,2026-03-31T09:00:42.968246
3364,3364,0.005,0,2026-03-31T09:00:42.968246
3365,3365,0.0093,0,2026-03-31T09:00:42.968246
3366,3366,0.2977,0,2026-03-31T09:00:42.968246
3367,3367,0.0422,0,2026-03-31T09:00:42.968246
3368,3368,0.0825,0,2026-03-31T09:00:42.968246
3369,3369,0.2876,0,2026-03-31T09:00:42.968246
3370,3370,0.6741,1,2026-03-31T09:00:42.968246
3371,3371,0.6508,1,2026-03-31T09:00:42.968246
3372,3372,0.0064,0,2026-03-31T09:00:42.968246
3373,3373,0.1333,0,2026-03-31T09:00:42.968246
3374,3374,0.0021,0,2026-03-31T09:00:42.968246
3375,3375,0.2569,0,2026-03-31T09:00:42.968246
3376,3376,0.0212,0,2026-03-31T09:00:42.968246
3377,3377,0.0009,0,2026-03-31T09:00:42.968246
3378,3378,0.0018,0,2026-03-31T09:00:42.968246
3379,3379,0.4028,0,2026-03-31T09:00:42.968246
3380,3380,0.0914,0,2026-03-31T09:00:42.968246
3381,3381,0.2158,0,2026-03-31T09:00:42.968246
3382,3382,0.2004,0,2026-03-31T09:00:42.968246
3383,3383,0.0601,0,2026-03-31T09:00:42.968246
3384,3384,0.2159,0,2026-03-31T09:00:42.968246
3385,3385,0.0023,0,2026-03-31T09:00:42.968246
3386,3386,0.2253,0,2026-03-31T09:00:42.968246
3387,3387,0.0246,0,2026-03-31T09:00:42.968246
3388,3388,0.6634,1,2026-03-31T09:00:42.968246
3389,3389,0.3345,0,2026-03-31T09:00:42.968246
3390,3390,0.0655,0,2026-03-31T09:00:42.968246
3391,3391,0.2725,0,2026-03-31T09:00:42.968246
3392,3392,0.1797,0,2026-03-31T09:00:42.968246
3393,3393,0.2556,0,2026-03-31T09:00:42.968246
3394,3394,0.0061,0,2026-03-31T09:00:42.968246
3395,3395,0.3071,0,2026-03-31T09:00:42.968246
3396,3396,0.0103,0,2026-03-31T09:00:42.968246
3397,3397,0.1617,0,2026-03-31T09:00:42.968246
3398,3398,0.3379,0,2026-03-31T09:00:42.968246
3399,3399,0.1639,0,2026-03-31T09:00:42.968246
3400,3400,0.7428,1,2026-03-31T09:00:42.968246
3401,3401,0.0085,0,2026-03-31T09:00:42.968246
3402,3402,0.3209,0,2026-03-31T09:00:42.968246
3403,3403,0.7104,1,2026-03-31T09:00:42.968246
3404,3404,0.0264,0,2026-03-31T09:00:42.968246
3405,3405,0.2621,0,2026-03-31T09:00:42.968246
3406,3406,0.2134,0,2026-03-31T09:00:42.968246
3407,3407,0.2499,0,2026-03-31T09:00:42.968246
3408,3408,0.0691,0,2026-03-31T09:00:42.968246
3409,3409,0.0855,0,2026-03-31T09:00:42.968246
3410,3410,0.065,0,2026-03-31T09:00:42.968246
3411,3411,0.0776,0,2026-03-31T09:00:42.968246
3412,3412,0.6849,1,2026-03-31T09:00:42.968246
3413,3413,0.104,0,2026-03-31T09:00:42.968246
3414,3414,0.0078,0,2026-03-31T09:00:42.968246
3415,3415,0.0086,0,2026-03-31T09:00:42.968246
3416,3416,0.0209,0,2026-03-31T09:00:42.968246
3417,3417,0.003,0,2026-03-31T09:00:42.968246
3418,3418,0.0,0,2026-03-31T09:00:42.968246
3419,3419,0.2368,0,2026-03-31T09:00:42.968246
3420,3420,0.016,0,2026-03-31T09:00:42.968246
3421,3421,0.0064,0,2026-03-31T09:00:42.968246
3422,3422,0.1366,0,2026-03-31T09:00:42.968246
3423,3423,0.1404,0,2026-03-31T09:00:42.968246
3424,3424,0.0037,0,2026-03-31T09:00:42.968246
3425,3425,0.0,0,2026-03-31T09:00:42.968246
3426,3426,0.0066,0,2026-03-31T09:00:42.968246
3427,3427,0.007,0,2026-03-31T09:00:42.968246
3428,3428,0.0,0,2026-03-31T09:00:42.968246
3429,3429,0.0011,0,2026-03-31T09:00:42.968246
3430,3430,0.0,0,2026-03-31T09:00:42.968246
3431,3431,0.2481,0,2026-03-31T09:00:42.968246
3432,3432,0.1137,0,2026-03-31T09:00:42.968246
3433,3433,0.1133,0,2026-03-31T09:00:42.968246
3434,3434,0.0607,0,2026-03-31T09:00:42.968246
3435,3435,0.0132,0,2026-03-31T09:00:42.968246
3436,3436,0.1902,0,2026-03-31T09:00:42.968246
3437,3437,0.0155,0,2026-03-31T09:00:42.968246
3438,3438,0.2159,0,2026-03-31T09:00:42.968246
3439,3439,0.1802,0,2026-03-31T09:00:42.968246
3440,3440,0.2812,0,2026-03-31T09:00:42.968246
3441,3441,0.0,0,2026-03-31T09:00:42.968246
3442,3442,0.1086,0,2026-03-31T09:00:42.968246
3443,3443,0.0015,0,2026-03-31T09:00:42.968246
3444,3444,0.011,0,2026-03-31T09:00:42.968246
3445,3445,0.0,0,2026-03-31T09:00:42.968246
3446,3446,0.0134,0,2026-03-31T09:00:42.968246
3447,3447,0.1905,0,2026-03-31T09:00:42.968246
3448,3448,0.0094,0,2026-03-31T09:00:42.968246
3449,3449,0.0839,0,2026-03-31T09:00:42.968246
3450,3450,0.3319,0,2026-03-31T09:00:42.968246
3451,3451,0.005,0,2026-03-31T09:00:42.968246
3452,3452,0.0374,0,2026-03-31T09:00:42.968246
3453,3453,0.0099,0,2026-03-31T09:00:42.968246
3454,3454,0.0233,0,2026-03-31T09:00:42.968246
3455,3455,0.1506,0,2026-03-31T09:00:42.968246
3456,3456,0.0127,0,2026-03-31T09:00:42.968246
3457,3457,0.0097,0,2026-03-31T09:00:42.968246
3458,3458,0.0042,0,2026-03-31T09:00:42.968246
3459,3459,0.1614,0,2026-03-31T09:00:42.968246
3460,3460,0.2495,0,2026-03-31T09:00:42.968246
3461,3461,0.033,0,2026-03-31T09:00:42.968246
3462,3462,0.0223,0,2026-03-31T09:00:42.968246
3463,3463,0.0038,0,2026-03-31T09:00:42.968246
3464,3464,0.0,0,2026-03-31T09:00:42.968246
3465,3465,0.1414,0,2026-03-31T09:00:42.968246
3466,3466,0.3293,0,2026-03-31T09:00:42.968246
3467,3467,0.0,0,2026-03-31T09:00:42.968246
3468,3468,0.0,0,2026-03-31T09:00:42.968246
3469,3469,0.174,0,2026-03-31T09:00:42.968246
3470,3470,0.2645,0,2026-03-31T09:00:42.968246
3471,3471,0.2631,0,2026-03-31T09:00:42.968246
3472,3472,0.0017,0,2026-03-31T09:00:42.968246
3473,3473,0.0,0,2026-03-31T09:00:42.968246
3474,3474,0.033,0,2026-03-31T09:00:42.968246
3475,3475,0.2003,0,2026-03-31T09:00:42.968246
3476,3476,0.0444,0,2026-03-31T09:00:42.968246
3477,3477,0.0328,0,2026-03-31T09:00:42.968246
3478,3478,0.0634,0,2026-03-31T09:00:42.968246
3479,3479,0.2153,0,2026-03-31T09:00:42.968246
3480,3480,0.0025,0,2026-03-31T09:00:42.968246
3481,3481,0.0205,0,2026-03-31T09:00:42.968246
3482,3482,0.005,0,2026-03-31T09:00:42.968246
3483,3483,0.0136,0,2026-03-31T09:00:42.968246
3484,3484,0.1397,0,2026-03-31T09:00:42.968246
3485,3485,0.0,0,2026-03-31T09:00:42.968246
3486,3486,0.3254,0,2026-03-31T09:00:42.968246
3487,3487,0.1647,0,2026-03-31T09:00:42.968246
3488,3488,0.3251,0,2026-03-31T09:00:42.968246
3489,3489,0.0036,0,2026-03-31T09:00:42.968246
3490,3490,0.0195,0,2026-03-31T09:00:42.968246
3491,3491,0.0524,0,2026-03-31T09:00:42.968246
3492,3492,0.0,0,2026-03-31T09:00:42.968246
3493,3493,0.1471,0,2026-03-31T09:00:42.968246
3494,3494,0.2691,0,2026-03-31T09:00:42.968246
3495,3495,0.0685,0,2026-03-31T09:00:42.968246
3496,3496,0.4116,0,2026-03-31T09:00:42.968246
3497,3497,0.011,0,2026-03-31T09:00:42.968246
3498,3498,0.0968,0,2026-03-31T09:00:42.968246
3499,3499,0.2395,0,2026-03-31T09:00:42.968246
3500,3500,0.267,0,2026-03-31T09:00:42.968246
3501,3501,0.0058,0,2026-03-31T09:00:42.968246
3502,3502,0.0247,0,2026-03-31T09:00:42.968246
3503,3503,0.3712,0,2026-03-31T09:00:42.968246
3504,3504,0.2325,0,2026-03-31T09:00:42.968246
3505,3505,0.294,0,2026-03-31T09:00:42.968246
3506,3506,0.0059,0,2026-03-31T09:00:42.968246
3507,3507,0.2798,0,2026-03-31T09:00:42.968246
3508,3508,0.0176,0,2026-03-31T09:00:42.968246
3509,3509,0.1226,0,2026-03-31T09:00:42.968246
3510,3510,0.1015,0,2026-03-31T09:00:42.968246
3511,3511,0.066,0,2026-03-31T09:00:42.968246
3512,3512,0.2226,0,2026-03-31T09:00:42.968246
3513,3513,0.0,0,2026-03-31T09:00:42.968246
3514,3514,0.1734,0,2026-03-31T09:00:42.968246
3515,3515,0.092,0,2026-03-31T09:00:42.968246
3516,3516,0.2269,0,2026-03-31T09:00:42.968246
3517,3517,0.0338,0,2026-03-31T09:00:42.968246
3518,3518,0.0709,0,2026-03-31T09:00:42.968246
3519,3519,0.0841,0,2026-03-31T09:00:42.968246
3520,3520,0.0083,0,2026-03-31T09:00:42.968246
3521,3521,0.1984,0,2026-03-31T09:00:42.968246
3522,3522,0.0117,0,2026-03-31T09:00:42.968246
3523,3523,0.1937,0,2026-03-31T09:00:42.968246
3524,3524,0.1702,0,2026-03-31T09:00:42.968246
3525,3525,0.2645,0,2026-03-31T09:00:42.968246
3526,3526,0.0079,0,2026-03-31T09:00:42.968246
3527,3527,0.6038,1,2026-03-31T09:00:42.968246
3528,3528,0.0012,0,2026-03-31T09:00:42.968246
3529,3529,0.0215,0,2026-03-31T09:00:42.968246
3530,3530,0.0988,0,2026-03-31T09:00:42.968246
3531,3531,0.2586,0,2026-03-31T09:00:42.968246
3532,3532,0.231,0,2026-03-31T09:00:42.968246
3533,3533,0.0797,0,2026-03-31T09:00:42.968246
3534,3534,0.0011,0,2026-03-31T09:00:42.968246
3535,3535,0.6504,1,2026-03-31T09:00:42.968246
3536,3536,0.2487,0,2026-03-31T09:00:42.968246
3537,3537,0.0,0,2026-03-31T09:00:42.968246
3538,3538,0.0331,0,2026-03-31T09:00:42.968246
3539,3539,0.0091,0,2026-03-31T09:00:42.968246
3540,3540,0.2008,0,2026-03-31T09:00:42.968246
3541,3541,0.003,0,2026-03-31T09:00:42.968246
3542,3542,0.1001,0,2026-03-31T09:00:42.968246
3543,3543,0.134,0,2026-03-31T09:00:42.968246
3544,3544,0.0007,0,2026-03-31T09:00:42.968246
3545,3545,0.0142,0,2026-03-31T09:00:42.968246
3546,3546,0.01,0,2026-03-31T09:00:42.968246
3547,3547,0.036,0,2026-03-31T09:00:42.968246
3548,3548,0.0266,0,2026-03-31T09:00:42.968246
3549,3549,0.0164,0,2026-03-31T09:00:42.968246
3550,3550,0.1862,0,2026-03-31T09:00:42.968246
3551,3551,0.005,0,2026-03-31T09:00:42.968246
3552,3552,0.0005,0,2026-03-31T09:00:42.968246
3553,3553,0.0178,0,2026-03-31T09:00:42.968246
3554,3554,0.005,0,2026-03-31T09:00:42.968246
3555,3555,0.015,0,2026-03-31T09:00:42.968246
3556,3556,0.1764,0,2026-03-31T09:00:42.968246
3557,3557,0.0386,0,2026-03-31T09:00:42.968246
3558,3558,0.0058,0,2026-03-31T09:00:42.968246
3559,3559,0.1361,0,2026-03-31T09:00:42.968246
3560,3560,0.0,0,2026-03-31T09:00:42.968246
3561,3561,0.0144,0,2026-03-31T09:00:42.968246
3562,3562,0.0749,0,2026-03-31T09:00:42.968246
3563,3563,0.0821,0,2026-03-31T09:00:42.968246
3564,3564,0.0,0,2026-03-31T09:00:42.968246
3565,3565,0.0,0,2026-03-31T09:00:42.968246
3566,3566,0.0088,0,2026-03-31T09:00:42.968246
3567,3567,0.0,0,2026-03-31T09:00:42.968246
3568,3568,0.2532,0,2026-03-31T09:00:42.968246
3569,3569,0.1639,0,2026-03-31T09:00:42.968246
3570,3570,0.0,0,2026-03-31T09:00:42.968246
3571,3571,0.0539,0,2026-03-31T09:00:42.968246
3572,3572,0.0765,0,2026-03-31T09:00:42.968246
3573,3573,0.0629,0,2026-03-31T09:00:42.968246
3574,3574,0.0024,0,2026-03-31T09:00:42.968246
3575,3575,0.0,0,2026-03-31T09:00:42.968246
3576,3576,0.1953,0,2026-03-31T09:00:42.968246
3577,3577,0.0027,0,2026-03-31T09:00:42.968246
3578,3578,0.0216,0,2026-03-31T09:00:42.968246
3579,3579,0.0048,0,2026-03-31T09:00:42.968246
3580,3580,0.2327,0,2026-03-31T09:00:42.968246
3581,3581,0.2036,0,2026-03-31T09:00:42.968246
3582,3582,0.0488,0,2026-03-31T09:00:42.968246
3583,3583,0.0045,0,2026-03-31T09:00:42.968246
3584,3584,0.0,0,2026-03-31T09:00:42.968246
3585,3585,0.4694,0,2026-03-31T09:00:42.968246
3586,3586,0.2886,0,2026-03-31T09:00:42.968246
3587,3587,0.0997,0,2026-03-31T09:00:42.968246
3588,3588,0.6778,1,2026-03-31T09:00:42.968246
3589,3589,0.0123,0,2026-03-31T09:00:42.968246
3590,3590,0.0802,0,2026-03-31T09:00:42.968246
3591,3591,0.017,0,2026-03-31T09:00:42.968246
3592,3592,0.0,0,2026-03-31T09:00:42.968246
3593,3593,0.2898,0,2026-03-31T09:00:42.968246
3594,3594,0.0,0,2026-03-31T09:00:42.968246
3595,3595,0.0046,0,2026-03-31T09:00:42.968246
3596,3596,0.0151,0,2026-03-31T09:00:42.968246
3597,3597,0.0118,0,2026-03-31T09:00:42.968246
3598,3598,0.0051,0,2026-03-31T09:00:42.968246
3599,3599,0.0041,0,2026-03-31T09:00:42.968246
3600,3600,0.0243,0,2026-03-31T09:00:42.968246
3601,3601,0.3405,0,2026-03-31T09:00:42.968246
3602,3602,0.6874,1,2026-03-31T09:00:42.968246
3603,3603,0.2901,0,2026-03-31T09:00:42.968246
3604,3604,0.2529,0,2026-03-31T09:00:42.968246
3605,3605,0.4442,0,2026-03-31T09:00:42.968246
3606,3606,0.0235,0,2026-03-31T09:00:42.968246
3607,3607,0.0,0,2026-03-31T09:00:42.968246
3608,3608,0.0334,0,2026-03-31T09:00:42.968246
3609,3609,0.2211,0,2026-03-31T09:00:42.968246
3610,3610,0.0116,0,2026-03-31T09:00:42.968246
3611,3611,0.3371,0,2026-03-31T09:00:42.968246
3612,3612,0.7085,1,2026-03-31T09:00:42.968246
3613,3613,0.1737,0,2026-03-31T09:00:42.968246
3614,3614,0.0005,0,2026-03-31T09:00:42.968246
3615,3615,0.3667,0,2026-03-31T09:00:42.968246
3616,3616,0.0154,0,2026-03-31T09:00:42.968246
3617,3617,0.005,0,2026-03-31T09:00:42.968246
3618,3618,0.1383,0,2026-03-31T09:00:42.968246
3619,3619,0.6028,1,2026-03-31T09:00:42.968246
3620,3620,0.1223,0,2026-03-31T09:00:42.968246
3621,3621,0.74,1,2026-03-31T09:00:42.968246
3622,3622,0.0297,0,2026-03-31T09:00:42.968246
3623,3623,0.0102,0,2026-03-31T09:00:42.968246
3624,3624,0.0,0,2026-03-31T09:00:42.968246
3625,3625,0.0,0,2026-03-31T09:00:42.968246
3626,3626,0.6379,1,2026-03-31T09:00:42.968246
3627,3627,0.0728,0,2026-03-31T09:00:42.968246
3628,3628,0.0456,0,2026-03-31T09:00:42.968246
3629,3629,0.2657,0,2026-03-31T09:00:42.968246
3630,3630,0.3278,0,2026-03-31T09:00:42.968246
3631,3631,0.3064,0,2026-03-31T09:00:42.968246
3632,3632,0.2525,0,2026-03-31T09:00:42.968246
3633,3633,0.192,0,2026-03-31T09:00:42.968246
3634,3634,0.0082,0,2026-03-31T09:00:42.968246
3635,3635,0.2458,0,2026-03-31T09:00:42.968246
3636,3636,0.0039,0,2026-03-31T09:00:42.968246
3637,3637,0.1077,0,2026-03-31T09:00:42.968246
3638,3638,0.0848,0,2026-03-31T09:00:42.968246
3639,3639,0.2791,0,2026-03-31T09:00:42.968246
3640,3640,0.0531,0,2026-03-31T09:00:42.968246
3641,3641,0.0,0,2026-03-31T09:00:42.968246
3642,3642,0.007,0,2026-03-31T09:00:42.968246
3643,3643,0.0371,0,2026-03-31T09:00:42.968246
3644,3644,0.0018,0,2026-03-31T09:00:42.968246
3645,3645,0.0011,0,2026-03-31T09:00:42.968246
3646,3646,0.0033,0,2026-03-31T09:00:42.968246
3647,3647,0.6084,1,2026-03-31T09:00:42.968246
3648,3648,0.1577,0,2026-03-31T09:00:42.968246
3649,3649,0.1796,0,2026-03-31T09:00:42.968246
3650,3650,0.0066,0,2026-03-31T09:00:42.968246
3651,3651,0.0059,0,2026-03-31T09:00:42.968246
3652,3652,0.0853,0,2026-03-31T09:00:42.968246
3653,3653,0.0625,0,2026-03-31T09:00:42.968246
3654,3654,0.0018,0,2026-03-31T09:00:42.968246
3655,3655,0.0469,0,2026-03-31T09:00:42.968246
3656,3656,0.005,0,2026-03-31T09:00:42.968246
3657,3657,0.2681,0,2026-03-31T09:00:42.968246
3658,3658,0.1951,0,2026-03-31T09:00:42.968246
3659,3659,0.3323,0,2026-03-31T09:00:42.968246
3660,3660,0.0132,0,2026-03-31T09:00:42.968246
3661,3661,0.3232,0,2026-03-31T09:00:42.968246
3662,3662,0.0016,0,2026-03-31T09:00:42.968246
3663,3663,0.0345,0,2026-03-31T09:00:42.968246
3664,3664,0.0016,0,2026-03-31T09:00:42.968246
3665,3665,0.0147,0,2026-03-31T09:00:42.968246
3666,3666,0.0013,0,2026-03-31T09:00:42.968246
3667,3667,0.0039,0,2026-03-31T09:00:42.968246
3668,3668,0.0299,0,2026-03-31T09:00:42.968246
3669,3669,0.0069,0,2026-03-31T09:00:42.968246
3670,3670,0.011,0,2026-03-31T09:00:42.968246
3671,3671,0.3309,0,2026-03-31T09:00:42.968246
3672,3672,0.0126,0,2026-03-31T09:00:42.968246
3673,3673,0.0644,0,2026-03-31T09:00:42.968246
3674,3674,0.0208,0,2026-03-31T09:00:42.968246
3675,3675,0.1923,0,2026-03-31T09:00:42.968246
3676,3676,0.0024,0,2026-03-31T09:00:42.968246
3677,3677,0.1705,0,2026-03-31T09:00:42.968246
3678,3678,0.121,0,2026-03-31T09:00:42.968246
3679,3679,0.2253,0,2026-03-31T09:00:42.968246
3680,3680,0.0064,0,2026-03-31T09:00:42.968246
3681,3681,0.0141,0,2026-03-31T09:00:42.968246
3682,3682,0.1683,0,2026-03-31T09:00:42.968246
3683,3683,0.061,0,2026-03-31T09:00:42.968246
3684,3684,0.13,0,2026-03-31T09:00:42.968246
3685,3685,0.7108,1,2026-03-31T09:00:42.968246
3686,3686,0.1146,0,2026-03-31T09:00:42.968246
3687,3687,0.3984,0,2026-03-31T09:00:42.968246
3688,3688,0.0244,0,2026-03-31T09:00:42.968246
3689,3689,0.0816,0,2026-03-31T09:00:42.968246
3690,3690,0.3578,0,2026-03-31T09:00:42.968246
3691,3691,0.2377,0,2026-03-31T09:00:42.968246
3692,3692,0.3116,0,2026-03-31T09:00:42.968246
3693,3693,0.124,0,2026-03-31T09:00:42.968246
3694,3694,0.2256,0,2026-03-31T09:00:42.968246
3695,3695,0.0105,0,2026-03-31T09:00:42.968246
3696,3696,0.0036,0,2026-03-31T09:00:42.968246
3697,3697,0.0,0,2026-03-31T09:00:42.968246
3698,3698,0.0451,0,2026-03-31T09:00:42.968246
3699,3699,0.0,0,2026-03-31T09:00:42.968246
3700,3700,0.005,0,2026-03-31T09:00:42.968246
3701,3701,0.0016,0,2026-03-31T09:00:42.968246
3702,3702,0.1883,0,2026-03-31T09:00:42.968246
3703,3703,0.0025,0,2026-03-31T09:00:42.968246
3704,3704,0.0,0,2026-03-31T09:00:42.968246
3705,3705,0.0175,0,2026-03-31T09:00:42.968246
3706,3706,0.6574,1,2026-03-31T09:00:42.968246
3707,3707,0.057,0,2026-03-31T09:00:42.968246
3708,3708,0.1139,0,2026-03-31T09:00:42.968246
3709,3709,0.0354,0,2026-03-31T09:00:42.968246
3710,3710,0.0258,0,2026-03-31T09:00:42.968246
3711,3711,0.0313,0,2026-03-31T09:00:42.968246
3712,3712,0.0435,0,2026-03-31T09:00:42.968246
3713,3713,0.01,0,2026-03-31T09:00:42.968246
3714,3714,0.005,0,2026-03-31T09:00:42.968246
3715,3715,0.0066,0,2026-03-31T09:00:42.968246
3716,3716,0.0433,0,2026-03-31T09:00:42.968246
3717,3717,0.0147,0,2026-03-31T09:00:42.968246
3718,3718,0.018,0,2026-03-31T09:00:42.968246
3719,3719,0.0066,0,2026-03-31T09:00:42.968246
3720,3720,0.089,0,2026-03-31T09:00:42.968246
3721,3721,0.0016,0,2026-03-31T09:00:42.968246
3722,3722,0.0209,0,2026-03-31T09:00:42.968246
3723,3723,0.0974,0,2026-03-31T09:00:42.968246
3724,3724,0.0,0,2026-03-31T09:00:42.968246
3725,3725,0.0076,0,2026-03-31T09:00:42.968246
3726,3726,0.215,0,2026-03-31T09:00:42.968246
3727,3727,0.005,0,2026-03-31T09:00:42.968246
3728,3728,0.015,0,2026-03-31T09:00:42.968246
3729,3729,0.0232,0,2026-03-31T09:00:42.968246
3730,3730,0.0014,0,2026-03-31T09:00:42.968246
3731,3731,0.176,0,2026-03-31T09:00:42.968246
3732,3732,0.0428,0,2026-03-31T09:00:42.968246
3733,3733,0.0455,0,2026-03-31T09:00:42.968246
3734,3734,0.0566,0,2026-03-31T09:00:42.968246
3735,3735,0.0019,0,2026-03-31T09:00:42.968246
3736,3736,0.3055,0,2026-03-31T09:00:42.968246
3737,3737,0.1069,0,2026-03-31T09:00:42.968246
3738,3738,0.0609,0,2026-03-31T09:00:42.968246
3739,3739,0.0752,0,2026-03-31T09:00:42.968246
3740,3740,0.0057,0,2026-03-31T09:00:42.968246
3741,3741,0.099,0,2026-03-31T09:00:42.968246
3742,3742,0.0036,0,2026-03-31T09:00:42.968246
3743,3743,0.0425,0,2026-03-31T09:00:42.968246
3744,3744,0.2997,0,2026-03-31T09:00:42.968246
3745,3745,0.0178,0,2026-03-31T09:00:42.968246
3746,3746,0.0146,0,2026-03-31T09:00:42.968246
3747,3747,0.0,0,2026-03-31T09:00:42.968246
3748,3748,0.0291,0,2026-03-31T09:00:42.968246
3749,3749,0.1018,0,2026-03-31T09:00:42.968246
3750,3750,0.6348,1,2026-03-31T09:00:42.968246
3751,3751,0.1523,0,2026-03-31T09:00:42.968246
3752,3752,0.3718,0,2026-03-31T09:00:42.968246
3753,3753,0.0018,0,2026-03-31T09:00:42.968246
3754,3754,0.0113,0,2026-03-31T09:00:42.968246
3755,3755,0.1371,0,2026-03-31T09:00:42.968246
3756,3756,0.1334,0,2026-03-31T09:00:42.968246
3757,3757,0.0019,0,2026-03-31T09:00:42.968246
3758,3758,0.0097,0,2026-03-31T09:00:42.968246
3759,3759,0.4057,0,2026-03-31T09:00:42.968246
3760,3760,0.0757,0,2026-03-31T09:00:42.968246
3761,3761,0.0541,0,2026-03-31T09:00:42.968246
3762,3762,0.0054,0,2026-03-31T09:00:42.968246
3763,3763,0.1863,0,2026-03-31T09:00:42.968246
3764,3764,0.035,0,2026-03-31T09:00:42.968246
3765,3765,0.1151,0,2026-03-31T09:00:42.968246
3766,3766,0.0,0,2026-03-31T09:00:42.968246
3767,3767,0.0754,0,2026-03-31T09:00:42.968246
3768,3768,0.0077,0,2026-03-31T09:00:42.968246
3769,3769,0.022,0,2026-03-31T09:00:42.968246
3770,3770,0.0695,0,2026-03-31T09:00:42.968246
3771,3771,0.0189,0,2026-03-31T09:00:42.968246
3772,3772,0.0016,0,2026-03-31T09:00:42.968246
3773,3773,0.0196,0,2026-03-31T09:00:42.968246
3774,3774,0.238,0,2026-03-31T09:00:42.968246
3775,3775,0.0363,0,2026-03-31T09:00:42.968246
3776,3776,0.0351,0,2026-03-31T09:00:42.968246
3777,3777,0.045,0,2026-03-31T09:00:42.968246
3778,3778,0.0677,0,2026-03-31T09:00:42.968246
3779,3779,0.0257,0,2026-03-31T09:00:42.968246
3780,3780,0.027,0,2026-03-31T09:00:42.968246
3781,3781,0.0,0,2026-03-31T09:00:42.968246
3782,3782,0.015,0,2026-03-31T09:00:42.968246
3783,3783,0.021,0,2026-03-31T09:00:42.968246
3784,3784,0.0302,0,2026-03-31T09:00:42.968246
3785,3785,0.1831,0,2026-03-31T09:00:42.968246
3786,3786,0.0108,0,2026-03-31T09:00:42.968246
3787,3787,0.0097,0,2026-03-31T09:00:42.968246
3788,3788,0.015,0,2026-03-31T09:00:42.968246
3789,3789,0.0,0,2026-03-31T09:00:42.968246
3790,3790,0.0,0,2026-03-31T09:00:42.968246
3791,3791,0.0247,0,2026-03-31T09:00:42.968246
3792,3792,0.0278,0,2026-03-31T09:00:42.968246
3793,3793,0.4637,0,2026-03-31T09:00:42.968246
3794,3794,0.343,0,2026-03-31T09:00:42.968246
3795,3795,0.164,0,2026-03-31T09:00:42.968246
3796,3796,0.0,0,2026-03-31T09:00:42.968246
3797,3797,0.017,0,2026-03-31T09:00:42.968246
3798,3798,0.4455,0,2026-03-31T09:00:42.968246
3799,3799,0.0079,0,2026-03-31T09:00:42.968246
3800,3800,0.0265,0,2026-03-31T09:00:42.968246
3801,3801,0.1739,0,2026-03-31T09:00:42.968246
3802,3802,0.0128,0,2026-03-31T09:00:42.968246
3803,3803,0.0094,0,2026-03-31T09:00:42.968246
3804,3804,0.0409,0,2026-03-31T09:00:42.968246
3805,3805,0.0,0,2026-03-31T09:00:42.968246
3806,3806,0.0,0,2026-03-31T09:00:42.968246
3807,3807,0.0108,0,2026-03-31T09:00:42.968246
3808,3808,0.0037,0,2026-03-31T09:00:42.968246
3809,3809,0.0119,0,2026-03-31T09:00:42.968246
3810,3810,0.0715,0,2026-03-31T09:00:42.968246
3811,3811,0.1549,0,2026-03-31T09:00:42.968246
3812,3812,0.1505,0,2026-03-31T09:00:42.968246
3813,3813,0.0321,0,2026-03-31T09:00:42.968246
3814,3814,0.1148,0,2026-03-31T09:00:42.968246
3815,3815,0.167,0,2026-03-31T09:00:42.968246
3816,3816,0.221,0,2026-03-31T09:00:42.968246
3817,3817,0.0608,0,2026-03-31T09:00:42.968246
3818,3818,0.004,0,2026-03-31T09:00:42.968246
3819,3819,0.0883,0,2026-03-31T09:00:42.968246
3820,3820,0.0131,0,2026-03-31T09:00:42.968246
3821,3821,0.4214,0,2026-03-31T09:00:42.968246
3822,3822,0.1915,0,2026-03-31T09:00:42.968246
3823,3823,0.0627,0,2026-03-31T09:00:42.968246
3824,3824,0.0011,0,2026-03-31T09:00:42.968246
3825,3825,0.2022,0,2026-03-31T09:00:42.968246
3826,3826,0.0041,0,2026-03-31T09:00:42.968246
3827,3827,0.0,0,2026-03-31T09:00:42.968246
3828,3828,0.0641,0,2026-03-31T09:00:42.968246
3829,3829,0.0132,0,2026-03-31T09:00:42.968246
3830,3830,0.0,0,2026-03-31T09:00:42.968246
3831,3831,0.0034,0,2026-03-31T09:00:42.968246
3832,3832,0.0171,0,2026-03-31T09:00:42.968246
3833,3833,0.0,0,2026-03-31T09:00:42.968246
3834,3834,0.024,0,2026-03-31T09:00:42.968246
3835,3835,0.0081,0,2026-03-31T09:00:42.968246
3836,3836,0.0166,0,2026-03-31T09:00:42.968246
3837,3837,0.1635,0,2026-03-31T09:00:42.968246
3838,3838,0.109,0,2026-03-31T09:00:42.968246
3839,3839,0.0025,0,2026-03-31T09:00:42.968246
3840,3840,0.0,0,2026-03-31T09:00:42.968246
3841,3841,0.01,0,2026-03-31T09:00:42.968246
3842,3842,0.1263,0,2026-03-31T09:00:42.968246
3843,3843,0.0053,0,2026-03-31T09:00:42.968246
3844,3844,0.0045,0,2026-03-31T09:00:42.968246
3845,3845,0.0289,0,2026-03-31T09:00:42.968246
3846,3846,0.2867,0,2026-03-31T09:00:42.968246
3847,3847,0.0066,0,2026-03-31T09:00:42.968246
3848,3848,0.1413,0,2026-03-31T09:00:42.968246
3849,3849,0.0036,0,2026-03-31T09:00:42.968246
3850,3850,0.0,0,2026-03-31T09:00:42.968246
3851,3851,0.0048,0,2026-03-31T09:00:42.968246
3852,3852,0.0173,0,2026-03-31T09:00:42.968246
3853,3853,0.0859,0,2026-03-31T09:00:42.968246
3854,3854,0.0024,0,2026-03-31T09:00:42.968246
3855,3855,0.1765,0,2026-03-31T09:00:42.968246
3856,3856,0.0671,0,2026-03-31T09:00:42.968246
3857,3857,0.0463,0,2026-03-31T09:00:42.968246
3858,3858,0.0,0,2026-03-31T09:00:42.968246
3859,3859,0.0414,0,2026-03-31T09:00:42.968246
3860,3860,0.1781,0,2026-03-31T09:00:42.968246
3861,3861,0.0,0,2026-03-31T09:00:42.968246
3862,3862,0.0654,0,2026-03-31T09:00:42.968246
3863,3863,0.0082,0,2026-03-31T09:00:42.968246
3864,3864,0.0279,0,2026-03-31T09:00:42.968246
3865,3865,0.0148,0,2026-03-31T09:00:42.968246
3866,3866,0.1705,0,2026-03-31T09:00:42.968246
3867,3867,0.0013,0,2026-03-31T09:00:42.968246
3868,3868,0.0041,0,2026-03-31T09:00:42.968246
3869,3869,0.0195,0,2026-03-31T09:00:42.968246
3870,3870,0.1047,0,2026-03-31T09:00:42.968246
3871,3871,0.0285,0,2026-03-31T09:00:42.968246
3872,3872,0.7311,1,2026-03-31T09:00:42.968246
3873,3873,0.0219,0,2026-03-31T09:00:42.968246
3874,3874,0.0178,0,2026-03-31T09:00:42.968246
3875,3875,0.0482,0,2026-03-31T09:00:42.968246
3876,3876,0.005,0,2026-03-31T09:00:42.968246
3877,3877,0.0112,0,2026-03-31T09:00:42.968246
3878,3878,0.0224,0,2026-03-31T09:00:42.968246
3879,3879,0.0037,0,2026-03-31T09:00:42.968246
3880,3880,0.0157,0,2026-03-31T09:00:42.968246
3881,3881,0.1036,0,2026-03-31T09:00:42.968246
3882,3882,0.0476,0,2026-03-31T09:00:42.968246
3883,3883,0.0358,0,2026-03-31T09:00:42.968246
3884,3884,0.0011,0,2026-03-31T09:00:42.968246
3885,3885,0.0309,0,2026-03-31T09:00:42.968246
3886,3886,0.0112,0,2026-03-31T09:00:42.968246
3887,3887,0.0467,0,2026-03-31T09:00:42.968246
3888,3888,0.1218,0,2026-03-31T09:00:42.968246
3889,3889,0.0024,0,2026-03-31T09:00:42.968246
3890,3890,0.005,0,2026-03-31T09:00:42.968246
3891,3891,0.3212,0,2026-03-31T09:00:42.968246
3892,3892,0.0064,0,2026-03-31T09:00:42.968246
3893,3893,0.0246,0,2026-03-31T09:00:42.968246
3894,3894,0.0393,0,2026-03-31T09:00:42.968246
3895,3895,0.0,0,2026-03-31T09:00:42.968246
3896,3896,0.0677,0,2026-03-31T09:00:42.968246
3897,3897,0.005,0,2026-03-31T09:00:42.968246
3898,3898,0.0548,0,2026-03-31T09:00:42.968246
3899,3899,0.005,0,2026-03-31T09:00:42.968246
3900,3900,0.0665,0,2026-03-31T09:00:42.968246
3901,3901,0.2552,0,2026-03-31T09:00:42.968246
3902,3902,0.0281,0,2026-03-31T09:00:42.968246
3903,3903,0.0516,0,2026-03-31T09:00:42.968246
3904,3904,0.1186,0,2026-03-31T09:00:42.968246
3905,3905,0.0095,0,2026-03-31T09:00:42.968246
3906,3906,0.0688,0,2026-03-31T09:00:42.968246
3907,3907,0.0,0,2026-03-31T09:00:42.968246
3908,3908,0.0009,0,2026-03-31T09:00:42.968246
3909,3909,0.0271,0,2026-03-31T09:00:42.968246
3910,3910,0.0568,0,2026-03-31T09:00:42.968246
3911,3911,0.2094,0,2026-03-31T09:00:42.968246
3912,3912,0.01,0,2026-03-31T09:00:42.968246
3913,3913,0.1333,0,2026-03-31T09:00:42.968246
3914,3914,0.0538,0,2026-03-31T09:00:42.968246
3915,3915,0.6184,1,2026-03-31T09:00:42.968246
3916,3916,0.0767,0,2026-03-31T09:00:42.968246
3917,3917,0.0095,0,2026-03-31T09:00:42.968246
3918,3918,0.0249,0,2026-03-31T09:00:42.968246
3919,3919,0.2317,0,2026-03-31T09:00:42.968246
3920,3920,0.0037,0,2026-03-31T09:00:42.968246
3921,3921,0.7108,1,2026-03-31T09:00:42.968246
3922,3922,0.1369,0,2026-03-31T09:00:42.968246
3923,3923,0.0032,0,2026-03-31T09:00:42.968246
3924,3924,0.0532,0,2026-03-31T09:00:42.968246
3925,3925,0.0,0,2026-03-31T09:00:42.968246
3926,3926,0.5171,1,2026-03-31T09:00:42.968246
3927,3927,0.0563,0,2026-03-31T09:00:42.968246
3928,3928,0.0042,0,2026-03-31T09:00:42.968246
3929,3929,0.1423,0,2026-03-31T09:00:42.968246
3930,3930,0.6468,1,2026-03-31T09:00:42.968246
3931,3931,0.1713,0,2026-03-31T09:00:42.968246
3932,3932,0.005,0,2026-03-31T09:00:42.968246
3933,3933,0.1374,0,2026-03-31T09:00:42.968246
3934,3934,0.2138,0,2026-03-31T09:00:42.968246
3935,3935,0.0034,0,2026-03-31T09:00:42.968246
3936,3936,0.0137,0,2026-03-31T09:00:42.968246
3937,3937,0.2291,0,2026-03-31T09:00:42.968246
3938,3938,0.0509,0,2026-03-31T09:00:42.968246
3939,3939,0.2971,0,2026-03-31T09:00:42.968246
3940,3940,0.0204,0,2026-03-31T09:00:42.968246
3941,3941,0.056,0,2026-03-31T09:00:42.968246
3942,3942,0.0,0,2026-03-31T09:00:42.968246
3943,3943,0.0227,0,2026-03-31T09:00:42.968246
3944,3944,0.0099,0,2026-03-31T09:00:42.968246
3945,3945,0.1536,0,2026-03-31T09:00:42.968246
3946,3946,0.649,1,2026-03-31T09:00:42.968246
3947,3947,0.6334,1,2026-03-31T09:00:42.968246
3948,3948,0.0195,0,2026-03-31T09:00:42.968246
3949,3949,0.0805,0,2026-03-31T09:00:42.968246
3950,3950,0.2838,0,2026-03-31T09:00:42.968246
3951,3951,0.3894,0,2026-03-31T09:00:42.968246
3952,3952,0.1143,0,2026-03-31T09:00:42.968246
3953,3953,0.5149,1,2026-03-31T09:00:42.968246
3954,3954,0.293,0,2026-03-31T09:00:42.968246
3955,3955,0.0152,0,2026-03-31T09:00:42.968246
3956,3956,0.0347,0,2026-03-31T09:00:42.968246
3957,3957,0.1817,0,2026-03-31T09:00:42.968246
3958,3958,0.0144,0,2026-03-31T09:00:42.968246
3959,3959,0.0042,0,2026-03-31T09:00:42.968246
3960,3960,0.0041,0,2026-03-31T09:00:42.968246
3961,3961,0.0086,0,2026-03-31T09:00:42.968246
3962,3962,0.0,0,2026-03-31T09:00:42.968246
3963,3963,0.0431,0,2026-03-31T09:00:42.968246
3964,3964,0.321,0,2026-03-31T09:00:42.968246
3965,3965,0.0052,0,2026-03-31T09:00:42.968246
3966,3966,0.005,0,2026-03-31T09:00:42.968246
3967,3967,0.0109,0,2026-03-31T09:00:42.968246
3968,3968,0.2297,0,2026-03-31T09:00:42.968246
3969,3969,0.0997,0,2026-03-31T09:00:42.968246
3970,3970,0.1949,0,2026-03-31T09:00:42.968246
3971,3971,0.0,0,2026-03-31T09:00:42.968246
3972,3972,0.019,0,2026-03-31T09:00:42.968246
3973,3973,0.1232,0,2026-03-31T09:00:42.968246
3974,3974,0.0583,0,2026-03-31T09:00:42.968246
3975,3975,0.0173,0,2026-03-31T09:00:42.968246
3976,3976,0.0254,0,2026-03-31T09:00:42.968246
3977,3977,0.0764,0,2026-03-31T09:00:42.968246
3978,3978,0.1405,0,2026-03-31T09:00:42.968246
3979,3979,0.014,0,2026-03-31T09:00:42.968246
3980,3980,0.1515,0,2026-03-31T09:00:42.968246
3981,3981,0.0,0,2026-03-31T09:00:42.968246
3982,3982,0.0828,0,2026-03-31T09:00:42.968246
3983,3983,0.3007,0,2026-03-31T09:00:42.968246
3984,3984,0.2899,0,2026-03-31T09:00:42.968246
3985,3985,0.0493,0,2026-03-31T09:00:42.968246
3986,3986,0.003,0,2026-03-31T09:00:42.968246
3987,3987,0.064,0,2026-03-31T09:00:42.968246
3988,3988,0.0533,0,2026-03-31T09:00:42.968246
3989,3989,0.0994,0,2026-03-31T09:00:42.968246
3990,3990,0.2107,0,2026-03-31T09:00:42.968246
3991,3991,0.0497,0,2026-03-31T09:00:42.968246
3992,3992,0.0438,0,2026-03-31T09:00:42.968246
3993,3993,0.1087,0,2026-03-31T09:00:42.968246
3994,3994,0.0247,0,2026-03-31T09:00:42.968246
3995,3995,0.2172,0,2026-03-31T09:00:42.968246
3996,3996,0.6829,1,2026-03-31T09:00:42.968246
3997,3997,0.0325,0,2026-03-31T09:00:42.968246
3998,3998,0.0,0,2026-03-31T09:00:42.968246
3999,3999,0.0113,0,2026-03-31T09:00:42.968246
4000,4000,0.0021,0,2026-03-31T09:00:42.968246
4001,4001,0.2861,0,2026-03-31T09:00:42.968246
4002,4002,0.2804,0,2026-03-31T09:00:42.968246
4003,4003,0.0021,0,2026-03-31T09:00:42.968246
4004,4004,0.1809,0,2026-03-31T09:00:42.968246
4005,4005,0.0959,0,2026-03-31T09:00:42.968246
4006,4006,0.0015,0,2026-03-31T09:00:42.968246
4007,4007,0.0028,0,2026-03-31T09:00:42.968246
4008,4008,0.2541,0,2026-03-31T09:00:42.968246
4009,4009,0.4454,0,2026-03-31T09:00:42.968246
4010,4010,0.0058,0,2026-03-31T09:00:42.968246
4011,4011,0.0247,0,2026-03-31T09:00:42.968246
4012,4012,0.0686,0,2026-03-31T09:00:42.968246
4013,4013,0.0947,0,2026-03-31T09:00:42.968246
4014,4014,0.0094,0,2026-03-31T09:00:42.968246
4015,4015,0.2416,0,2026-03-31T09:00:42.968246
4016,4016,0.1739,0,2026-03-31T09:00:42.968246
4017,4017,0.005,0,2026-03-31T09:00:42.968246
4018,4018,0.0538,0,2026-03-31T09:00:42.968246
4019,4019,0.2459,0,2026-03-31T09:00:42.968246
4020,4020,0.0819,0,2026-03-31T09:00:42.968246
4021,4021,0.1026,0,2026-03-31T09:00:42.968246
4022,4022,0.1224,0,2026-03-31T09:00:42.968246
4023,4023,0.0251,0,2026-03-31T09:00:42.968246
4024,4024,0.0,0,2026-03-31T09:00:42.968246
4025,4025,0.0033,0,2026-03-31T09:00:42.968246
4026,4026,0.1285,0,2026-03-31T09:00:42.968246
4027,4027,0.0,0,2026-03-31T09:00:42.968246
4028,4028,0.0253,0,2026-03-31T09:00:42.968246
4029,4029,0.2008,0,2026-03-31T09:00:42.968246
4030,4030,0.0064,0,2026-03-31T09:00:42.968246
4031,4031,0.0097,0,2026-03-31T09:00:42.968246
4032,4032,0.0288,0,2026-03-31T09:00:42.968246
4033,4033,0.0028,0,2026-03-31T09:00:42.968246
4034,4034,0.0,0,2026-03-31T09:00:42.968246
4035,4035,0.005,0,2026-03-31T09:00:42.968246
4036,4036,0.0116,0,2026-03-31T09:00:42.968246
4037,4037,0.3099,0,2026-03-31T09:00:42.968246
4038,4038,0.2851,0,2026-03-31T09:00:42.968246
4039,4039,0.0028,0,2026-03-31T09:00:42.968246
4040,4040,0.0076,0,2026-03-31T09:00:42.968246
4041,4041,0.005,0,2026-03-31T09:00:42.968246
4042,4042,0.0113,0,2026-03-31T09:00:42.968246
4043,4043,0.2703,0,2026-03-31T09:00:42.968246
4044,4044,0.0441,0,2026-03-31T09:00:42.968246
4045,4045,0.0,0,2026-03-31T09:00:42.968246
4046,4046,0.1023,0,2026-03-31T09:00:42.968246
4047,4047,0.1051,0,2026-03-31T09:00:42.968246
4048,4048,0.0016,0,2026-03-31T09:00:42.968246
4049,4049,0.1452,0,2026-03-31T09:00:42.968246
4050,4050,0.0274,0,2026-03-31T09:00:42.968246
4051,4051,0.1572,0,2026-03-31T09:00:42.968246
4052,4052,0.0453,0,2026-03-31T09:00:42.968246
4053,4053,0.0392,0,2026-03-31T09:00:42.968246
4054,4054,0.0698,0,2026-03-31T09:00:42.968246
4055,4055,0.1006,0,2026-03-31T09:00:42.968246
4056,4056,0.0029,0,2026-03-31T09:00:42.968246
4057,4057,0.0512,0,2026-03-31T09:00:42.968246
4058,4058,0.0281,0,2026-03-31T09:00:42.968246
4059,4059,0.005,0,2026-03-31T09:00:42.968246
4060,4060,0.2831,0,2026-03-31T09:00:42.968246
4061,4061,0.005,0,2026-03-31T09:00:42.968246
4062,4062,0.0083,0,2026-03-31T09:00:42.968246
4063,4063,0.252,0,2026-03-31T09:00:42.968246
4064,4064,0.018,0,2026-03-31T09:00:42.968246
4065,4065,0.0054,0,2026-03-31T09:00:42.968246
4066,4066,0.0104,0,2026-03-31T09:00:42.968246
4067,4067,0.0541,0,2026-03-31T09:00:42.968246
4068,4068,0.0169,0,2026-03-31T09:00:42.968246
4069,4069,0.1314,0,2026-03-31T09:00:42.968246
4070,4070,0.0476,0,2026-03-31T09:00:42.968246
4071,4071,0.0437,0,2026-03-31T09:00:42.968246
4072,4072,0.0064,0,2026-03-31T09:00:42.968246
4073,4073,0.0011,0,2026-03-31T09:00:42.968246
4074,4074,0.0032,0,2026-03-31T09:00:42.968246
4075,4075,0.0096,0,2026-03-31T09:00:42.968246
4076,4076,0.005,0,2026-03-31T09:00:42.968246
4077,4077,0.0,0,2026-03-31T09:00:42.968246
4078,4078,0.1368,0,2026-03-31T09:00:42.968246
4079,4079,0.0069,0,2026-03-31T09:00:42.968246
4080,4080,0.007,0,2026-03-31T09:00:42.968246
4081,4081,0.1441,0,2026-03-31T09:00:42.968246
4082,4082,0.1984,0,2026-03-31T09:00:42.968246
4083,4083,0.0103,0,2026-03-31T09:00:42.968246
4084,4084,0.0226,0,2026-03-31T09:00:42.968246
4085,4085,0.1277,0,2026-03-31T09:00:42.968246
4086,4086,0.0,0,2026-03-31T09:00:42.968246
4087,4087,0.0429,0,2026-03-31T09:00:42.968246
4088,4088,0.128,0,2026-03-31T09:00:42.968246
4089,4089,0.1184,0,2026-03-31T09:00:42.968246
4090,4090,0.1296,0,2026-03-31T09:00:42.968246
4091,4091,0.0173,0,2026-03-31T09:00:42.968246
4092,4092,0.4308,0,2026-03-31T09:00:42.968246
4093,4093,0.0326,0,2026-03-31T09:00:42.968246
4094,4094,0.1203,0,2026-03-31T09:00:42.968246
4095,4095,0.0718,0,2026-03-31T09:00:42.968246
4096,4096,0.0814,0,2026-03-31T09:00:42.968246
4097,4097,0.1249,0,2026-03-31T09:00:42.968246
4098,4098,0.0055,0,2026-03-31T09:00:42.968246
4099,4099,0.1028,0,2026-03-31T09:00:42.968246
4100,4100,0.0009,0,2026-03-31T09:00:42.968246
4101,4101,0.0145,0,2026-03-31T09:00:42.968246
4102,4102,0.0327,0,2026-03-31T09:00:42.968246
4103,4103,0.2643,0,2026-03-31T09:00:42.968246
4104,4104,0.0619,0,2026-03-31T09:00:42.968246
4105,4105,0.6066,1,2026-03-31T09:00:42.968246
4106,4106,0.004,0,2026-03-31T09:00:42.968246
4107,4107,0.1522,0,2026-03-31T09:00:42.968246
4108,4108,0.0079,0,2026-03-31T09:00:42.968246
4109,4109,0.0508,0,2026-03-31T09:00:42.968246
4110,4110,0.0283,0,2026-03-31T09:00:42.968246
4111,4111,0.0148,0,2026-03-31T09:00:42.968246
4112,4112,0.0607,0,2026-03-31T09:00:42.968246
4113,4113,0.0665,0,2026-03-31T09:00:42.968246
4114,4114,0.158,0,2026-03-31T09:00:42.968246
4115,4115,0.3982,0,2026-03-31T09:00:42.968246
4116,4116,0.0161,0,2026-03-31T09:00:42.968246
4117,4117,0.0079,0,2026-03-31T09:00:42.968246
4118,4118,0.0,0,2026-03-31T09:00:42.968246
4119,4119,0.0089,0,2026-03-31T09:00:42.968246
4120,4120,0.0511,0,2026-03-31T09:00:42.968246
4121,4121,0.0029,0,2026-03-31T09:00:42.968246
4122,4122,0.005,0,2026-03-31T09:00:42.968246
4123,4123,0.069,0,2026-03-31T09:00:42.968246
4124,4124,0.0861,0,2026-03-31T09:00:42.968246
4125,4125,0.0393,0,2026-03-31T09:00:42.968246
4126,4126,0.0667,0,2026-03-31T09:00:42.968246
4127,4127,0.0166,0,2026-03-31T09:00:42.968246
4128,4128,0.0112,0,2026-03-31T09:00:42.968246
4129,4129,0.0419,0,2026-03-31T09:00:42.968246
4130,4130,0.025,0,2026-03-31T09:00:42.968246
4131,4131,0.0021,0,2026-03-31T09:00:42.968246
4132,4132,0.021,0,2026-03-31T09:00:42.968246
4133,4133,0.1695,0,2026-03-31T09:00:42.968246
4134,4134,0.0047,0,2026-03-31T09:00:42.968246
4135,4135,0.7215,1,2026-03-31T09:00:42.968246
4136,4136,0.0124,0,2026-03-31T09:00:42.968246
4137,4137,0.4049,0,2026-03-31T09:00:42.968246
4138,4138,0.0126,0,2026-03-31T09:00:42.968246
4139,4139,0.0049,0,2026-03-31T09:00:42.968246
4140,4140,0.0033,0,2026-03-31T09:00:42.968246
4141,4141,0.03,0,2026-03-31T09:00:42.968246
4142,4142,0.5978,1,2026-03-31T09:00:42.968246
4143,4143,0.0645,0,2026-03-31T09:00:42.968246
4144,4144,0.0,0,2026-03-31T09:00:42.968246
4145,4145,0.1056,0,2026-03-31T09:00:42.968246
4146,4146,0.1132,0,2026-03-31T09:00:42.968246
4147,4147,0.0818,0,2026-03-31T09:00:42.968246
4148,4148,0.0,0,2026-03-31T09:00:42.968246
4149,4149,0.1931,0,2026-03-31T09:00:42.968246
4150,4150,0.1376,0,2026-03-31T09:00:42.968246
4151,4151,0.0005,0,2026-03-31T09:00:42.968246
4152,4152,0.0243,0,2026-03-31T09:00:42.968246
4153,4153,0.046,0,2026-03-31T09:00:42.968246
4154,4154,0.1973,0,2026-03-31T09:00:42.968246
4155,4155,0.0126,0,2026-03-31T09:00:42.968246
4156,4156,0.1574,0,2026-03-31T09:00:42.968246
4157,4157,0.0,0,2026-03-31T09:00:42.968246
4158,4158,0.1189,0,2026-03-31T09:00:42.968246
4159,4159,0.2938,0,2026-03-31T09:00:42.968246
4160,4160,0.3215,0,2026-03-31T09:00:42.968246
4161,4161,0.0345,0,2026-03-31T09:00:42.968246
4162,4162,0.1505,0,2026-03-31T09:00:42.968246
4163,4163,0.1041,0,2026-03-31T09:00:42.968246
4164,4164,0.0674,0,2026-03-31T09:00:42.968246
4165,4165,0.005,0,2026-03-31T09:00:42.968246
4166,4166,0.3403,0,2026-03-31T09:00:42.968246
4167,4167,0.0214,0,2026-03-31T09:00:42.968246
4168,4168,0.0432,0,2026-03-31T09:00:42.968246
4169,4169,0.1954,0,2026-03-31T09:00:42.968246
4170,4170,0.0156,0,2026-03-31T09:00:42.968246
4171,4171,0.3626,0,2026-03-31T09:00:42.968246
4172,4172,0.1483,0,2026-03-31T09:00:42.968246
4173,4173,0.0032,0,2026-03-31T09:00:42.968246
4174,4174,0.1447,0,2026-03-31T09:00:42.968246
4175,4175,0.0832,0,2026-03-31T09:00:42.968246
4176,4176,0.0034,0,2026-03-31T09:00:42.968246
4177,4177,0.1639,0,2026-03-31T09:00:42.968246
4178,4178,0.1907,0,2026-03-31T09:00:42.968246
4179,4179,0.0,0,2026-03-31T09:00:42.968246
4180,4180,0.1823,0,2026-03-31T09:00:42.968246
4181,4181,0.0683,0,2026-03-31T09:00:42.968246
4182,4182,0.0349,0,2026-03-31T09:00:42.968246
4183,4183,0.0915,0,2026-03-31T09:00:42.968246
4184,4184,0.0,0,2026-03-31T09:00:42.968246
4185,4185,0.0,0,2026-03-31T09:00:42.968246
4186,4186,0.0047,0,2026-03-31T09:00:42.968246
4187,4187,0.0682,0,2026-03-31T09:00:42.968246
4188,4188,0.0467,0,2026-03-31T09:00:42.968246
4189,4189,0.0482,0,2026-03-31T09:00:42.968246
4190,4190,0.0855,0,2026-03-31T09:00:42.968246
4191,4191,0.1287,0,2026-03-31T09:00:42.968246
4192,4192,0.0065,0,2026-03-31T09:00:42.968246
4193,4193,0.0053,0,2026-03-31T09:00:42.968246
4194,4194,0.2393,0,2026-03-31T09:00:42.968246
4195,4195,0.0009,0,2026-03-31T09:00:42.968246
4196,4196,0.0375,0,2026-03-31T09:00:42.968246
4197,4197,0.0299,0,2026-03-31T09:00:42.968246
4198,4198,0.2903,0,2026-03-31T09:00:42.968246
4199,4199,0.0442,0,2026-03-31T09:00:42.968246
4200,4200,0.1634,0,2026-03-31T09:00:42.968246
4201,4201,0.0523,0,2026-03-31T09:00:42.968246
4202,4202,0.0051,0,2026-03-31T09:00:42.968246
4203,4203,0.0717,0,2026-03-31T09:00:42.968246
4204,4204,0.0172,0,2026-03-31T09:00:42.968246
4205,4205,0.028,0,2026-03-31T09:00:42.968246
4206,4206,0.0059,0,2026-03-31T09:00:42.968246
4207,4207,0.0096,0,2026-03-31T09:00:42.968246
4208,4208,0.0042,0,2026-03-31T09:00:42.968246
4209,4209,0.134,0,2026-03-31T09:00:42.968246
4210,4210,0.7005,1,2026-03-31T09:00:42.968246
4211,4211,0.0061,0,2026-03-31T09:00:42.968246
4212,4212,0.0,0,2026-03-31T09:00:42.968246
4213,4213,0.01,0,2026-03-31T09:00:42.968246
4214,4214,0.0641,0,2026-03-31T09:00:42.968246
4215,4215,0.0506,0,2026-03-31T09:00:42.968246
4216,4216,0.6006,1,2026-03-31T09:00:42.968246
4217,4217,0.0145,0,2026-03-31T09:00:42.968246
4218,4218,0.0741,0,2026-03-31T09:00:42.968246
4219,4219,0.7471,1,2026-03-31T09:00:42.968246
4220,4220,0.0326,0,2026-03-31T09:00:42.968246
4221,4221,0.2659,0,2026-03-31T09:00:42.968246
4222,4222,0.0522,0,2026-03-31T09:00:42.968246
4223,4223,0.0094,0,2026-03-31T09:00:42.968246
4224,4224,0.0056,0,2026-03-31T09:00:42.968246
4225,4225,0.0011,0,2026-03-31T09:00:42.968246
4226,4226,0.1606,0,2026-03-31T09:00:42.968246
4227,4227,0.0016,0,2026-03-31T09:00:42.968246
4228,4228,0.0033,0,2026-03-31T09:00:42.968246
4229,4229,0.2264,0,2026-03-31T09:00:42.968246
4230,4230,0.25,0,2026-03-31T09:00:42.968246
4231,4231,0.0099,0,2026-03-31T09:00:42.968246
4232,4232,0.758,1,2026-03-31T09:00:42.968246
4233,4233,0.0183,0,2026-03-31T09:00:42.968246
4234,4234,0.0,0,2026-03-31T09:00:42.968246
4235,4235,0.1749,0,2026-03-31T09:00:42.968246
4236,4236,0.0078,0,2026-03-31T09:00:42.968246
4237,4237,0.0196,0,2026-03-31T09:00:42.968246
4238,4238,0.0011,0,2026-03-31T09:00:42.968246
4239,4239,0.0169,0,2026-03-31T09:00:42.968246
4240,4240,0.6597,1,2026-03-31T09:00:42.968246
4241,4241,0.238,0,2026-03-31T09:00:42.968246
4242,4242,0.2047,0,2026-03-31T09:00:42.968246
4243,4243,0.1638,0,2026-03-31T09:00:42.968246
4244,4244,0.0168,0,2026-03-31T09:00:42.968246
4245,4245,0.016,0,2026-03-31T09:00:42.968246
4246,4246,0.1448,0,2026-03-31T09:00:42.968246
4247,4247,0.094,0,2026-03-31T09:00:42.968246
4248,4248,0.0401,0,2026-03-31T09:00:42.968246
4249,4249,0.01,0,2026-03-31T09:00:42.968246
4250,4250,0.3749,0,2026-03-31T09:00:42.968246
4251,4251,0.0261,0,2026-03-31T09:00:42.968246
4252,4252,0.0019,0,2026-03-31T09:00:42.968246
4253,4253,0.0155,0,2026-03-31T09:00:42.968246
4254,4254,0.0961,0,2026-03-31T09:00:42.968246
4255,4255,0.0375,0,2026-03-31T09:00:42.968246
4256,4256,0.0136,0,2026-03-31T09:00:42.968246
4257,4257,0.0019,0,2026-03-31T09:00:42.968246
4258,4258,0.0227,0,2026-03-31T09:00:42.968246
4259,4259,0.6596,1,2026-03-31T09:00:42.968246
4260,4260,0.1598,0,2026-03-31T09:00:42.968246
4261,4261,0.3065,0,2026-03-31T09:00:42.968246
4262,4262,0.0,0,2026-03-31T09:00:42.968246
4263,4263,0.0535,0,2026-03-31T09:00:42.968246
4264,4264,0.003,0,2026-03-31T09:00:42.968246
4265,4265,0.2648,0,2026-03-31T09:00:42.968246
4266,4266,0.1721,0,2026-03-31T09:00:42.968246
4267,4267,0.3418,0,2026-03-31T09:00:42.968246
4268,4268,0.1791,0,2026-03-31T09:00:42.968246
4269,4269,0.0602,0,2026-03-31T09:00:42.968246
4270,4270,0.0121,0,2026-03-31T09:00:42.968246
4271,4271,0.0122,0,2026-03-31T09:00:42.968246
4272,4272,0.0098,0,2026-03-31T09:00:42.968246
4273,4273,0.1279,0,2026-03-31T09:00:42.968246
4274,4274,0.0303,0,2026-03-31T09:00:42.968246
4275,4275,0.1174,0,2026-03-31T09:00:42.968246
4276,4276,0.0348,0,2026-03-31T09:00:42.968246
4277,4277,0.0263,0,2026-03-31T09:00:42.968246
4278,4278,0.0,0,2026-03-31T09:00:42.968246
4279,4279,0.0358,0,2026-03-31T09:00:42.968246
4280,4280,0.005,0,2026-03-31T09:00:42.968246
4281,4281,0.0,0,2026-03-31T09:00:42.968246
4282,4282,0.3095,0,2026-03-31T09:00:42.968246
4283,4283,0.104,0,2026-03-31T09:00:42.968246
4284,4284,0.3358,0,2026-03-31T09:00:42.968246
4285,4285,0.0081,0,2026-03-31T09:00:42.968246
4286,4286,0.3034,0,2026-03-31T09:00:42.968246
4287,4287,0.0,0,2026-03-31T09:00:42.968246
4288,4288,0.0461,0,2026-03-31T09:00:42.968246
4289,4289,0.2923,0,2026-03-31T09:00:42.968246
4290,4290,0.5791,1,2026-03-31T09:00:42.968246
4291,4291,0.1595,0,2026-03-31T09:00:42.968246
4292,4292,0.2263,0,2026-03-31T09:00:42.968246
4293,4293,0.1714,0,2026-03-31T09:00:42.968246
4294,4294,0.256,0,2026-03-31T09:00:42.968246
4295,4295,0.0,0,2026-03-31T09:00:42.968246
4296,4296,0.2164,0,2026-03-31T09:00:42.968246
4297,4297,0.2324,0,2026-03-31T09:00:42.968246
4298,4298,0.0773,0,2026-03-31T09:00:42.968246
4299,4299,0.3897,0,2026-03-31T09:00:42.968246
4300,4300,0.1147,0,2026-03-31T09:00:42.968246
4301,4301,0.0726,0,2026-03-31T09:00:42.968246
4302,4302,0.3215,0,2026-03-31T09:00:42.968246
4303,4303,0.0187,0,2026-03-31T09:00:42.968246
4304,4304,0.4163,0,2026-03-31T09:00:42.968246
4305,4305,0.1757,0,2026-03-31T09:00:42.968246
4306,4306,0.0094,0,2026-03-31T09:00:42.968246
4307,4307,0.0248,0,2026-03-31T09:00:42.968246
4308,4308,0.0098,0,2026-03-31T09:00:42.968246
4309,4309,0.1455,0,2026-03-31T09:00:42.968246
4310,4310,0.0,0,2026-03-31T09:00:42.968246
4311,4311,0.0129,0,2026-03-31T09:00:42.968246
4312,4312,0.0664,0,2026-03-31T09:00:42.968246
4313,4313,0.1559,0,2026-03-31T09:00:42.968246
4314,4314,0.02,0,2026-03-31T09:00:42.968246
4315,4315,0.0256,0,2026-03-31T09:00:42.968246
4316,4316,0.132,0,2026-03-31T09:00:42.968246
4317,4317,0.0036,0,2026-03-31T09:00:42.968246
4318,4318,0.046,0,2026-03-31T09:00:42.968246
4319,4319,0.2377,0,2026-03-31T09:00:42.968246
4320,4320,0.0302,0,2026-03-31T09:00:42.968246
4321,4321,0.6497,1,2026-03-31T09:00:42.968246
4322,4322,0.0,0,2026-03-31T09:00:42.968246
4323,4323,0.005,0,2026-03-31T09:00:42.968246
4324,4324,0.0294,0,2026-03-31T09:00:42.968246
4325,4325,0.3455,0,2026-03-31T09:00:42.968246
4326,4326,0.0046,0,2026-03-31T09:00:42.968246
4327,4327,0.0211,0,2026-03-31T09:00:42.968246
4328,4328,0.2167,0,2026-03-31T09:00:42.968246
4329,4329,0.0,0,2026-03-31T09:00:42.968246
4330,4330,0.0578,0,2026-03-31T09:00:42.968246
4331,4331,0.0706,0,2026-03-31T09:00:42.968246
4332,4332,0.0231,0,2026-03-31T09:00:42.968246
4333,4333,0.0085,0,2026-03-31T09:00:42.968246
4334,4334,0.1586,0,2026-03-31T09:00:42.968246
4335,4335,0.0259,0,2026-03-31T09:00:42.968246
4336,4336,0.0701,0,2026-03-31T09:00:42.968246
4337,4337,0.0026,0,2026-03-31T09:00:42.968246
4338,4338,0.0172,0,2026-03-31T09:00:42.968246
4339,4339,0.0272,0,2026-03-31T09:00:42.968246
4340,4340,0.3494,0,2026-03-31T09:00:42.968246
4341,4341,0.3502,0,2026-03-31T09:00:42.968246
4342,4342,0.2506,0,2026-03-31T09:00:42.968246
4343,4343,0.2957,0,2026-03-31T09:00:42.968246
4344,4344,0.0142,0,2026-03-31T09:00:42.968246
4345,4345,0.0427,0,2026-03-31T09:00:42.968246
4346,4346,0.0605,0,2026-03-31T09:00:42.968246
4347,4347,0.0614,0,2026-03-31T09:00:42.968246
4348,4348,0.0014,0,2026-03-31T09:00:42.968246
4349,4349,0.113,0,2026-03-31T09:00:42.968246
4350,4350,0.0,0,2026-03-31T09:00:42.968246
4351,4351,0.1258,0,2026-03-31T09:00:42.968246
4352,4352,0.0043,0,2026-03-31T09:00:42.968246
4353,4353,0.153,0,2026-03-31T09:00:42.968246
4354,4354,0.0845,0,2026-03-31T09:00:42.968246
4355,4355,0.0009,0,2026-03-31T09:00:42.968246
4356,4356,0.0,0,2026-03-31T09:00:42.968246
4357,4357,0.0016,0,2026-03-31T09:00:42.968246
4358,4358,0.005,0,2026-03-31T09:00:42.968246
4359,4359,0.1126,0,2026-03-31T09:00:42.968246
4360,4360,0.2487,0,2026-03-31T09:00:42.968246
4361,4361,0.0529,0,2026-03-31T09:00:42.968246
4362,4362,0.0168,0,2026-03-31T09:00:42.968246
4363,4363,0.2137,0,2026-03-31T09:00:42.968246
4364,4364,0.2271,0,2026-03-31T09:00:42.968246
4365,4365,0.313,0,2026-03-31T09:00:42.968246
4366,4366,0.026,0,2026-03-31T09:00:42.968246
4367,4367,0.0,0,2026-03-31T09:00:42.968246
4368,4368,0.0296,0,2026-03-31T09:00:42.968246
4369,4369,0.1267,0,2026-03-31T09:00:42.968246
4370,4370,0.0029,0,2026-03-31T09:00:42.968246
4371,4371,0.0344,0,2026-03-31T09:00:42.968246
4372,4372,0.0,0,2026-03-31T09:00:42.968246
4373,4373,0.0359,0,2026-03-31T09:00:42.968246
4374,4374,0.6584,1,2026-03-31T09:00:42.968246
4375,4375,0.0456,0,2026-03-31T09:00:42.968246
4376,4376,0.2168,0,2026-03-31T09:00:42.968246
4377,4377,0.0117,0,2026-03-31T09:00:42.968246
4378,4378,0.134,0,2026-03-31T09:00:42.968246
4379,4379,0.1379,0,2026-03-31T09:00:42.968246
4380,4380,0.2023,0,2026-03-31T09:00:42.968246
4381,4381,0.3496,0,2026-03-31T09:00:42.968246
4382,4382,0.0019,0,2026-03-31T09:00:42.968246
4383,4383,0.0086,0,2026-03-31T09:00:42.968246
4384,4384,0.0057,0,2026-03-31T09:00:42.968246
4385,4385,0.0025,0,2026-03-31T09:00:42.968246
4386,4386,0.0082,0,2026-03-31T09:00:42.968246
4387,4387,0.0776,0,2026-03-31T09:00:42.968246
4388,4388,0.2675,0,2026-03-31T09:00:42.968246
4389,4389,0.0227,0,2026-03-31T09:00:42.968246
4390,4390,0.0918,0,2026-03-31T09:00:42.968246
4391,4391,0.0775,0,2026-03-31T09:00:42.968246
4392,4392,0.0511,0,2026-03-31T09:00:42.968246
4393,4393,0.0161,0,2026-03-31T09:00:42.968246
4394,4394,0.3851,0,2026-03-31T09:00:42.968246
4395,4395,0.1471,0,2026-03-31T09:00:42.968246
4396,4396,0.005,0,2026-03-31T09:00:42.968246
4397,4397,0.0924,0,2026-03-31T09:00:42.968246
4398,4398,0.1807,0,2026-03-31T09:00:42.968246
4399,4399,0.0577,0,2026-03-31T09:00:42.968246
4400,4400,0.0,0,2026-03-31T09:00:42.968246
4401,4401,0.0011,0,2026-03-31T09:00:42.968246
4402,4402,0.005,0,2026-03-31T09:00:42.968246
4403,4403,0.0,0,2026-03-31T09:00:42.968246
4404,4404,0.2596,0,2026-03-31T09:00:42.968246
4405,4405,0.01,0,2026-03-31T09:00:42.968246
4406,4406,0.0412,0,2026-03-31T09:00:42.968246
4407,4407,0.003,0,2026-03-31T09:00:42.968246
4408,4408,0.01,0,2026-03-31T09:00:42.968246
4409,4409,0.1937,0,2026-03-31T09:00:42.968246
4410,4410,0.0346,0,2026-03-31T09:00:42.968246
4411,4411,0.0145,0,2026-03-31T09:00:42.968246
4412,4412,0.1861,0,2026-03-31T09:00:42.968246
4413,4413,0.0028,0,2026-03-31T09:00:42.968246
4414,4414,0.005,0,2026-03-31T09:00:42.968246
4415,4415,0.0234,0,2026-03-31T09:00:42.968246
4416,4416,0.0157,0,2026-03-31T09:00:42.968246
4417,4417,0.075,0,2026-03-31T09:00:42.968246
4418,4418,0.2378,0,2026-03-31T09:00:42.968246
4419,4419,0.0123,0,2026-03-31T09:00:42.968246
4420,4420,0.0019,0,2026-03-31T09:00:42.968246
4421,4421,0.0,0,2026-03-31T09:00:42.968246
4422,4422,0.2638,0,2026-03-31T09:00:42.968246
4423,4423,0.0007,0,2026-03-31T09:00:42.968246
4424,4424,0.0665,0,2026-03-31T09:00:42.968246
4425,4425,0.0,0,2026-03-31T09:00:42.968246
4426,4426,0.0536,0,2026-03-31T09:00:42.968246
4427,4427,0.1075,0,2026-03-31T09:00:42.968246
4428,4428,0.0039,0,2026-03-31T09:00:42.968246
4429,4429,0.0598,0,2026-03-31T09:00:42.968246
4430,4430,0.1067,0,2026-03-31T09:00:42.968246
4431,4431,0.6287,1,2026-03-31T09:00:42.968246
4432,4432,0.201,0,2026-03-31T09:00:42.968246
4433,4433,0.25,0,2026-03-31T09:00:42.968246
4434,4434,0.0563,0,2026-03-31T09:00:42.968246
4435,4435,0.0047,0,2026-03-31T09:00:42.968246
4436,4436,0.0052,0,2026-03-31T09:00:42.968246
4437,4437,0.049,0,2026-03-31T09:00:42.968246
4438,4438,0.0,0,2026-03-31T09:00:42.968246
4439,4439,0.0,0,2026-03-31T09:00:42.968246
4440,4440,0.083,0,2026-03-31T09:00:42.968246
4441,4441,0.2024,0,2026-03-31T09:00:42.968246
4442,4442,0.069,0,2026-03-31T09:00:42.968246
4443,4443,0.0,0,2026-03-31T09:00:42.968246
4444,4444,0.22,0,2026-03-31T09:00:42.968246
4445,4445,0.005,0,2026-03-31T09:00:42.968246
4446,4446,0.0,0,2026-03-31T09:00:42.968246
4447,4447,0.0134,0,2026-03-31T09:00:42.968246
4448,4448,0.0456,0,2026-03-31T09:00:42.968246
4449,4449,0.0482,0,2026-03-31T09:00:42.968246
4450,4450,0.0269,0,2026-03-31T09:00:42.968246
4451,4451,0.0147,0,2026-03-31T09:00:42.968246
4452,4452,0.0113,0,2026-03-31T09:00:42.968246
4453,4453,0.0549,0,2026-03-31T09:00:42.968246
4454,4454,0.0402,0,2026-03-31T09:00:42.968246
4455,4455,0.0033,0,2026-03-31T09:00:42.968246
4456,4456,0.039,0,2026-03-31T09:00:42.968246
4457,4457,0.0085,0,2026-03-31T09:00:42.968246
4458,4458,0.1602,0,2026-03-31T09:00:42.968246
4459,4459,0.005,0,2026-03-31T09:00:42.968246
4460,4460,0.061,0,2026-03-31T09:00:42.968246
4461,4461,0.0463,0,2026-03-31T09:00:42.968246
4462,4462,0.0,0,2026-03-31T09:00:42.968246
4463,4463,0.0446,0,2026-03-31T09:00:42.968246
4464,4464,0.0963,0,2026-03-31T09:00:42.968246
4465,4465,0.1929,0,2026-03-31T09:00:42.968246
4466,4466,0.0034,0,2026-03-31T09:00:42.968246
4467,4467,0.7241,1,2026-03-31T09:00:42.968246
4468,4468,0.019,0,2026-03-31T09:00:42.968246
4469,4469,0.0284,0,2026-03-31T09:00:42.968246
4470,4470,0.1437,0,2026-03-31T09:00:42.968246
4471,4471,0.01,0,2026-03-31T09:00:42.968246
4472,4472,0.0058,0,2026-03-31T09:00:42.968246
4473,4473,0.0009,0,2026-03-31T09:00:42.968246
4474,4474,0.0,0,2026-03-31T09:00:42.968246
4475,4475,0.104,0,2026-03-31T09:00:42.968246
4476,4476,0.0016,0,2026-03-31T09:00:42.968246
4477,4477,0.0059,0,2026-03-31T09:00:42.968246
4478,4478,0.0968,0,2026-03-31T09:00:42.968246
4479,4479,0.1392,0,2026-03-31T09:00:42.968246
4480,4480,0.1705,0,2026-03-31T09:00:42.968246
4481,4481,0.0742,0,2026-03-31T09:00:42.968246
4482,4482,0.0019,0,2026-03-31T09:00:42.968246
4483,4483,0.1635,0,2026-03-31T09:00:42.968246
4484,4484,0.0157,0,2026-03-31T09:00:42.968246
4485,4485,0.0057,0,2026-03-31T09:00:42.968246
4486,4486,0.0215,0,2026-03-31T09:00:42.968246
4487,4487,0.002,0,2026-03-31T09:00:42.968246
4488,4488,0.005,0,2026-03-31T09:00:42.968246
4489,4489,0.1413,0,2026-03-31T09:00:42.968246
4490,4490,0.017,0,2026-03-31T09:00:42.968246
4491,4491,0.0,0,2026-03-31T09:00:42.968246
4492,4492,0.0028,0,2026-03-31T09:00:42.968246
4493,4493,0.3623,0,2026-03-31T09:00:42.968246
4494,4494,0.2507,0,2026-03-31T09:00:42.968246
4495,4495,0.0224,0,2026-03-31T09:00:42.968246
4496,4496,0.6755,1,2026-03-31T09:00:42.968246
4497,4497,0.0703,0,2026-03-31T09:00:42.968246
4498,4498,0.2515,0,2026-03-31T09:00:42.968246
4499,4499,0.7359,1,2026-03-31T09:00:42.968246
4500,4500,0.6362,1,2026-03-31T09:00:42.968246
4501,4501,0.0085,0,2026-03-31T09:00:42.968246
4502,4502,0.1377,0,2026-03-31T09:00:42.968246
4503,4503,0.4801,0,2026-03-31T09:00:42.968246
4504,4504,0.2817,0,2026-03-31T09:00:42.968246
4505,4505,0.093,0,2026-03-31T09:00:42.968246
4506,4506,0.3428,0,2026-03-31T09:00:42.968246
4507,4507,0.6096,1,2026-03-31T09:00:42.968246
4508,4508,0.17,0,2026-03-31T09:00:42.968246
4509,4509,0.0695,0,2026-03-31T09:00:42.968246
4510,4510,0.0245,0,2026-03-31T09:00:42.968246
4511,4511,0.0016,0,2026-03-31T09:00:42.968246
4512,4512,0.0063,0,2026-03-31T09:00:42.968246
4513,4513,0.398,0,2026-03-31T09:00:42.968246
4514,4514,0.2827,0,2026-03-31T09:00:42.968246
4515,4515,0.1204,0,2026-03-31T09:00:42.968246
4516,4516,0.2223,0,2026-03-31T09:00:42.968246
4517,4517,0.303,0,2026-03-31T09:00:42.968246
4518,4518,0.6534,1,2026-03-31T09:00:42.968246
4519,4519,0.0039,0,2026-03-31T09:00:42.968246
4520,4520,0.5891,1,2026-03-31T09:00:42.968246
4521,4521,0.0519,0,2026-03-31T09:00:42.968246
4522,4522,0.0279,0,2026-03-31T09:00:42.968246
4523,4523,0.0138,0,2026-03-31T09:00:42.968246
4524,4524,0.0484,0,2026-03-31T09:00:42.968246
4525,4525,0.0,0,2026-03-31T09:00:42.968246
4526,4526,0.1654,0,2026-03-31T09:00:42.968246
4527,4527,0.0152,0,2026-03-31T09:00:42.968246
4528,4528,0.0335,0,2026-03-31T09:00:42.968246
4529,4529,0.0009,0,2026-03-31T09:00:42.968246
4530,4530,0.0571,0,2026-03-31T09:00:42.968246
4531,4531,0.0018,0,2026-03-31T09:00:42.968246
4532,4532,0.0214,0,2026-03-31T09:00:42.968246
4533,4533,0.2083,0,2026-03-31T09:00:42.968246
4534,4534,0.2168,0,2026-03-31T09:00:42.968246
4535,4535,0.0819,0,2026-03-31T09:00:42.968246
4536,4536,0.0181,0,2026-03-31T09:00:42.968246
4537,4537,0.0132,0,2026-03-31T09:00:42.968246
4538,4538,0.0125,0,2026-03-31T09:00:42.968246
4539,4539,0.015,0,2026-03-31T09:00:42.968246
4540,4540,0.0,0,2026-03-31T09:00:42.968246
4541,4541,0.005,0,2026-03-31T09:00:42.968246
4542,4542,0.0,0,2026-03-31T09:00:42.968246
4543,4543,0.0,0,2026-03-31T09:00:42.968246
4544,4544,0.0416,0,2026-03-31T09:00:42.968246
4545,4545,0.0329,0,2026-03-31T09:00:42.968246
4546,4546,0.5767,1,2026-03-31T09:00:42.968246
4547,4547,0.0086,0,2026-03-31T09:00:42.968246
4548,4548,0.0843,0,2026-03-31T09:00:42.968246
4549,4549,0.0806,0,2026-03-31T09:00:42.968246
4550,4550,0.0109,0,2026-03-31T09:00:42.968246
4551,4551,0.0,0,2026-03-31T09:00:42.968246
4552,4552,0.02,0,2026-03-31T09:00:42.968246
4553,4553,0.0,0,2026-03-31T09:00:42.968246
4554,4554,0.0,0,2026-03-31T09:00:42.968246
4555,4555,0.0697,0,2026-03-31T09:00:42.968246
4556,4556,0.18,0,2026-03-31T09:00:42.968246
4557,4557,0.07,0,2026-03-31T09:00:42.968246
4558,4558,0.0025,0,2026-03-31T09:00:42.968246
4559,4559,0.0227,0,2026-03-31T09:00:42.968246
4560,4560,0.009,0,2026-03-31T09:00:42.968246
4561,4561,0.0061,0,2026-03-31T09:00:42.968246
4562,4562,0.1457,0,2026-03-31T09:00:42.968246
4563,4563,0.0,0,2026-03-31T09:00:42.968246
4564,4564,0.0124,0,2026-03-31T09:00:42.968246
4565,4565,0.0,0,2026-03-31T09:00:42.968246
4566,4566,0.34,0,2026-03-31T09:00:42.968246
4567,4567,0.7262,1,2026-03-31T09:00:42.968246
4568,4568,0.56,1,2026-03-31T09:00:42.968246
4569,4569,0.3276,0,2026-03-31T09:00:42.968246
4570,4570,0.3345,0,2026-03-31T09:00:42.968246
4571,4571,0.212,0,2026-03-31T09:00:42.968246
4572,4572,0.0506,0,2026-03-31T09:00:42.968246
4573,4573,0.0246,0,2026-03-31T09:00:42.968246
4574,4574,0.1105,0,2026-03-31T09:00:42.968246
4575,4575,0.2489,0,2026-03-31T09:00:42.968246
4576,4576,0.0187,0,2026-03-31T09:00:42.968246
4577,4577,0.2932,0,2026-03-31T09:00:42.968246
4578,4578,0.0,0,2026-03-31T09:00:42.968246
4579,4579,0.2921,0,2026-03-31T09:00:42.968246
4580,4580,0.02,0,2026-03-31T09:00:42.968246
4581,4581,0.0045,0,2026-03-31T09:00:42.968246
4582,4582,0.2912,0,2026-03-31T09:00:42.968246
4583,4583,0.1042,0,2026-03-31T09:00:42.968246
4584,4584,0.0024,0,2026-03-31T09:00:42.968246
4585,4585,0.3373,0,2026-03-31T09:00:42.968246
4586,4586,0.028,0,2026-03-31T09:00:42.968246
4587,4587,0.0044,0,2026-03-31T09:00:42.968246
4588,4588,0.071,0,2026-03-31T09:00:42.968246
4589,4589,0.0183,0,2026-03-31T09:00:42.968246
4590,4590,0.0538,0,2026-03-31T09:00:42.968246
4591,4591,0.0032,0,2026-03-31T09:00:42.968246
4592,4592,0.0451,0,2026-03-31T09:00:42.968246
4593,4593,0.0188,0,2026-03-31T09:00:42.968246
4594,4594,0.2644,0,2026-03-31T09:00:42.968246
4595,4595,0.0077,0,2026-03-31T09:00:42.968246
4596,4596,0.0049,0,2026-03-31T09:00:42.968246
4597,4597,0.0059,0,2026-03-31T09:00:42.968246
4598,4598,0.0267,0,2026-03-31T09:00:42.968246
4599,4599,0.0,0,2026-03-31T09:00:42.968246
4600,4600,0.2428,0,2026-03-31T09:00:42.968246
4601,4601,0.0011,0,2026-03-31T09:00:42.968246
4602,4602,0.0093,0,2026-03-31T09:00:42.968246
4603,4603,0.2768,0,2026-03-31T09:00:42.968246
4604,4604,0.1028,0,2026-03-31T09:00:42.968246
4605,4605,0.1226,0,2026-03-31T09:00:42.968246
4606,4606,0.056,0,2026-03-31T09:00:42.968246
4607,4607,0.018,0,2026-03-31T09:00:42.968246
4608,4608,0.0223,0,2026-03-31T09:00:42.968246
4609,4609,0.2891,0,2026-03-31T09:00:42.968246
4610,4610,0.0,0,2026-03-31T09:00:42.968246
4611,4611,0.1713,0,2026-03-31T09:00:42.968246
4612,4612,0.2133,0,2026-03-31T09:00:42.968246
4613,4613,0.1011,0,2026-03-31T09:00:42.968246
4614,4614,0.243,0,2026-03-31T09:00:42.968246
4615,4615,0.0471,0,2026-03-31T09:00:42.968246
4616,4616,0.0,0,2026-03-31T09:00:42.968246
4617,4617,0.141,0,2026-03-31T09:00:42.968246
4618,4618,0.136,0,2026-03-31T09:00:42.968246
4619,4619,0.0127,0,2026-03-31T09:00:42.968246
4620,4620,0.0158,0,2026-03-31T09:00:42.968246
4621,4621,0.0034,0,2026-03-31T09:00:42.968246
4622,4622,0.0748,0,2026-03-31T09:00:42.968246
4623,4623,0.0242,0,2026-03-31T09:00:42.968246
4624,4624,0.0011,0,2026-03-31T09:00:42.968246
4625,4625,0.002,0,2026-03-31T09:00:42.968246
4626,4626,0.0921,0,2026-03-31T09:00:42.968246
4627,4627,0.0265,0,2026-03-31T09:00:42.968246
4628,4628,0.0405,0,2026-03-31T09:00:42.968246
4629,4629,0.0135,0,2026-03-31T09:00:42.968246
4630,4630,0.0229,0,2026-03-31T09:00:42.968246
4631,4631,0.0944,0,2026-03-31T09:00:42.968246
4632,4632,0.0405,0,2026-03-31T09:00:42.968246
4633,4633,0.0,0,2026-03-31T09:00:42.968246
4634,4634,0.3668,0,2026-03-31T09:00:42.968246
4635,4635,0.211,0,2026-03-31T09:00:42.968246
4636,4636,0.0983,0,2026-03-31T09:00:42.968246
4637,4637,0.0138,0,2026-03-31T09:00:42.968246
4638,4638,0.267,0,2026-03-31T09:00:42.968246
4639,4639,0.0,0,2026-03-31T09:00:42.968246
4640,4640,0.0085,0,2026-03-31T09:00:42.968246
4641,4641,0.2648,0,2026-03-31T09:00:42.968246
4642,4642,0.3576,0,2026-03-31T09:00:42.968246
4643,4643,0.0046,0,2026-03-31T09:00:42.968246
4644,4644,0.0109,0,2026-03-31T09:00:42.968246
4645,4645,0.0,0,2026-03-31T09:00:42.968246
4646,4646,0.1411,0,2026-03-31T09:00:42.968246
4647,4647,0.005,0,2026-03-31T09:00:42.968246
4648,4648,0.0141,0,2026-03-31T09:00:42.968246
4649,4649,0.031,0,2026-03-31T09:00:42.968246
4650,4650,0.0172,0,2026-03-31T09:00:42.968246
4651,4651,0.2727,0,2026-03-31T09:00:42.968246
4652,4652,0.5907,1,2026-03-31T09:00:42.968246
4653,4653,0.0884,0,2026-03-31T09:00:42.968246
4654,4654,0.0117,0,2026-03-31T09:00:42.968246
4655,4655,0.2297,0,2026-03-31T09:00:42.968246
4656,4656,0.3719,0,2026-03-31T09:00:42.968246
4657,4657,0.0021,0,2026-03-31T09:00:42.968246
4658,4658,0.0558,0,2026-03-31T09:00:42.968246
4659,4659,0.0068,0,2026-03-31T09:00:42.968246
4660,4660,0.6238,1,2026-03-31T09:00:42.968246
4661,4661,0.1466,0,2026-03-31T09:00:42.968246
4662,4662,0.0237,0,2026-03-31T09:00:42.968246
4663,4663,0.0028,0,2026-03-31T09:00:42.968246
4664,4664,0.0255,0,2026-03-31T09:00:42.968246
4665,4665,0.1945,0,2026-03-31T09:00:42.968246
4666,4666,0.1882,0,2026-03-31T09:00:42.968246
4667,4667,0.0,0,2026-03-31T09:00:42.968246
4668,4668,0.0814,0,2026-03-31T09:00:42.968246
4669,4669,0.0912,0,2026-03-31T09:00:42.968246
4670,4670,0.3159,0,2026-03-31T09:00:42.968246
4671,4671,0.1572,0,2026-03-31T09:00:42.968246
4672,4672,0.3054,0,2026-03-31T09:00:42.968246
4673,4673,0.1865,0,2026-03-31T09:00:42.968246
4674,4674,0.0772,0,2026-03-31T09:00:42.968246
4675,4675,0.136,0,2026-03-31T09:00:42.968246
4676,4676,0.0,0,2026-03-31T09:00:42.968246
4677,4677,0.0521,0,2026-03-31T09:00:42.968246
4678,4678,0.0111,0,2026-03-31T09:00:42.968246
4679,4679,0.1522,0,2026-03-31T09:00:42.968246
4680,4680,0.2871,0,2026-03-31T09:00:42.968246
4681,4681,0.0051,0,2026-03-31T09:00:42.968246
4682,4682,0.012,0,2026-03-31T09:00:42.968246
4683,4683,0.0024,0,2026-03-31T09:00:42.968246
4684,4684,0.1815,0,2026-03-31T09:00:42.968246
4685,4685,0.0088,0,2026-03-31T09:00:42.968246
4686,4686,0.007,0,2026-03-31T09:00:42.968246
4687,4687,0.0119,0,2026-03-31T09:00:42.968246
4688,4688,0.4049,0,2026-03-31T09:00:42.968246
4689,4689,0.0313,0,2026-03-31T09:00:42.968246
4690,4690,0.0321,0,2026-03-31T09:00:42.968246
4691,4691,0.0089,0,2026-03-31T09:00:42.968246
4692,4692,0.2843,0,2026-03-31T09:00:42.968246
4693,4693,0.0221,0,2026-03-31T09:00:42.968246
4694,4694,0.0086,0,2026-03-31T09:00:42.968246
4695,4695,0.0146,0,2026-03-31T09:00:42.968246
4696,4696,0.071,0,2026-03-31T09:00:42.968246
4697,4697,0.0891,0,2026-03-31T09:00:42.968246
4698,4698,0.1249,0,2026-03-31T09:00:42.968246
4699,4699,0.0,0,2026-03-31T09:00:42.968246
4700,4700,0.0041,0,2026-03-31T09:00:42.968246
4701,4701,0.5977,1,2026-03-31T09:00:42.968246
4702,4702,0.0997,0,2026-03-31T09:00:42.968246
4703,4703,0.0005,0,2026-03-31T09:00:42.968246
4704,4704,0.0,0,2026-03-31T09:00:42.968246
4705,4705,0.0099,0,2026-03-31T09:00:42.968246
4706,4706,0.1513,0,2026-03-31T09:00:42.968246
4707,4707,0.0039,0,2026-03-31T09:00:42.968246
4708,4708,0.0029,0,2026-03-31T09:00:42.968246
4709,4709,0.0057,0,2026-03-31T09:00:42.968246
4710,4710,0.0668,0,2026-03-31T09:00:42.968246
4711,4711,0.0044,0,2026-03-31T09:00:42.968246
4712,4712,0.0714,0,2026-03-31T09:00:42.968246
4713,4713,0.1669,0,2026-03-31T09:00:42.968246
4714,4714,0.0254,0,2026-03-31T09:00:42.968246
4715,4715,0.0161,0,2026-03-31T09:00:42.968246
4716,4716,0.2028,0,2026-03-31T09:00:42.968246
4717,4717,0.0251,0,2026-03-31T09:00:42.968246
4718,4718,0.0127,0,2026-03-31T09:00:42.968246
4719,4719,0.1117,0,2026-03-31T09:00:42.968246
4720,4720,0.0039,0,2026-03-31T09:00:42.968246
4721,4721,0.0086,0,2026-03-31T09:00:42.968246
4722,4722,0.1656,0,2026-03-31T09:00:42.968246
4723,4723,0.0919,0,2026-03-31T09:00:42.968246
4724,4724,0.0385,0,2026-03-31T09:00:42.968246
4725,4725,0.2609,0,2026-03-31T09:00:42.968246
4726,4726,0.0064,0,2026-03-31T09:00:42.968246
4727,4727,0.005,0,2026-03-31T09:00:42.968246
4728,4728,0.0186,0,2026-03-31T09:00:42.968246
4729,4729,0.0619,0,2026-03-31T09:00:42.968246
4730,4730,0.0013,0,2026-03-31T09:00:42.968246
4731,4731,0.0042,0,2026-03-31T09:00:42.968246
4732,4732,0.0134,0,2026-03-31T09:00:42.968246
4733,4733,0.1737,0,2026-03-31T09:00:42.968246
4734,4734,0.0,0,2026-03-31T09:00:42.968246
4735,4735,0.0124,0,2026-03-31T09:00:42.968246
4736,4736,0.0358,0,2026-03-31T09:00:42.968246
4737,4737,0.0646,0,2026-03-31T09:00:42.968246
4738,4738,0.0085,0,2026-03-31T09:00:42.968246
4739,4739,0.0016,0,2026-03-31T09:00:42.968246
4740,4740,0.0157,0,2026-03-31T09:00:42.968246
4741,4741,0.0347,0,2026-03-31T09:00:42.968246
4742,4742,0.0058,0,2026-03-31T09:00:42.968246
4743,4743,0.03,0,2026-03-31T09:00:42.968246
4744,4744,0.0042,0,2026-03-31T09:00:42.968246
4745,4745,0.097,0,2026-03-31T09:00:42.968246
4746,4746,0.0301,0,2026-03-31T09:00:42.968246
4747,4747,0.0967,0,2026-03-31T09:00:42.968246
4748,4748,0.0639,0,2026-03-31T09:00:42.968246
4749,4749,0.2974,0,2026-03-31T09:00:42.968246
4750,4750,0.0086,0,2026-03-31T09:00:42.968246
4751,4751,0.0034,0,2026-03-31T09:00:42.968246
4752,4752,0.0212,0,2026-03-31T09:00:42.968246
4753,4753,0.5941,1,2026-03-31T09:00:42.968246
4754,4754,0.0373,0,2026-03-31T09:00:42.968246
4755,4755,0.0417,0,2026-03-31T09:00:42.968246
4756,4756,0.0228,0,2026-03-31T09:00:42.968246
4757,4757,0.0292,0,2026-03-31T09:00:42.968246
4758,4758,0.0113,0,2026-03-31T09:00:42.968246
4759,4759,0.008,0,2026-03-31T09:00:42.968246
4760,4760,0.1194,0,2026-03-31T09:00:42.968246
4761,4761,0.0047,0,2026-03-31T09:00:42.968246
4762,4762,0.0066,0,2026-03-31T09:00:42.968246
4763,4763,0.02,0,2026-03-31T09:00:42.968246
4764,4764,0.0158,0,2026-03-31T09:00:42.968246
4765,4765,0.0027,0,2026-03-31T09:00:42.968246
4766,4766,0.6275,1,2026-03-31T09:00:42.968246
4767,4767,0.0,0,2026-03-31T09:00:42.968246
4768,4768,0.1419,0,2026-03-31T09:00:42.968246
4769,4769,0.4168,0,2026-03-31T09:00:42.968246
4770,4770,0.0152,0,2026-03-31T09:00:42.968246
4771,4771,0.0586,0,2026-03-31T09:00:42.968246
4772,4772,0.0662,0,2026-03-31T09:00:42.968246
4773,4773,0.0267,0,2026-03-31T09:00:42.968246
4774,4774,0.0506,0,2026-03-31T09:00:42.968246
4775,4775,0.304,0,2026-03-31T09:00:42.968246
4776,4776,0.1106,0,2026-03-31T09:00:42.968246
4777,4777,0.0053,0,2026-03-31T09:00:42.968246
4778,4778,0.2117,0,2026-03-31T09:00:42.968246
4779,4779,0.0,0,2026-03-31T09:00:42.968246
4780,4780,0.0511,0,2026-03-31T09:00:42.968246
4781,4781,0.0339,0,2026-03-31T09:00:42.968246
4782,4782,0.0941,0,2026-03-31T09:00:42.968246
4783,4783,0.0866,0,2026-03-31T09:00:42.968246
4784,4784,0.0154,0,2026-03-31T09:00:42.968246
4785,4785,0.0089,0,2026-03-31T09:00:42.968246
4786,4786,0.082,0,2026-03-31T09:00:42.968246
4787,4787,0.2517,0,2026-03-31T09:00:42.968246
4788,4788,0.2491,0,2026-03-31T09:00:42.968246
4789,4789,0.0011,0,2026-03-31T09:00:42.968246
4790,4790,0.005,0,2026-03-31T09:00:42.968246
4791,4791,0.0973,0,2026-03-31T09:00:42.968246
4792,4792,0.006,0,2026-03-31T09:00:42.968246
4793,4793,0.0,0,2026-03-31T09:00:42.968246
4794,4794,0.1261,0,2026-03-31T09:00:42.968246
4795,4795,0.0217,0,2026-03-31T09:00:42.968246
4796,4796,0.004,0,2026-03-31T09:00:42.968246
4797,4797,0.0509,0,2026-03-31T09:00:42.968246
4798,4798,0.0672,0,2026-03-31T09:00:42.968246
4799,4799,0.0105,0,2026-03-31T09:00:42.968246
4800,4800,0.1082,0,2026-03-31T09:00:42.968246
4801,4801,0.0555,0,2026-03-31T09:00:42.968246
4802,4802,0.1092,0,2026-03-31T09:00:42.968246
4803,4803,0.0119,0,2026-03-31T09:00:42.968246
4804,4804,0.1121,0,2026-03-31T09:00:42.968246
4805,4805,0.0623,0,2026-03-31T09:00:42.968246
4806,4806,0.0677,0,2026-03-31T09:00:42.968246
4807,4807,0.4064,0,2026-03-31T09:00:42.968246
4808,4808,0.0437,0,2026-03-31T09:00:42.968246
4809,4809,0.1156,0,2026-03-31T09:00:42.968246
4810,4810,0.0019,0,2026-03-31T09:00:42.968246
4811,4811,0.0195,0,2026-03-31T09:00:42.968246
4812,4812,0.1122,0,2026-03-31T09:00:42.968246
4813,4813,0.2636,0,2026-03-31T09:00:42.968246
4814,4814,0.6572,1,2026-03-31T09:00:42.968246
4815,4815,0.0513,0,2026-03-31T09:00:42.968246
4816,4816,0.0955,0,2026-03-31T09:00:42.968246
4817,4817,0.0281,0,2026-03-31T09:00:42.968246
4818,4818,0.0616,0,2026-03-31T09:00:42.968246
4819,4819,0.0142,0,2026-03-31T09:00:42.968246
4820,4820,0.1292,0,2026-03-31T09:00:42.968246
4821,4821,0.3817,0,2026-03-31T09:00:42.968246
4822,4822,0.0,0,2026-03-31T09:00:42.968246
4823,4823,0.0303,0,2026-03-31T09:00:42.968246
4824,4824,0.2955,0,2026-03-31T09:00:42.968246
4825,4825,0.0075,0,2026-03-31T09:00:42.968246
4826,4826,0.2652,0,2026-03-31T09:00:42.968246
4827,4827,0.0739,0,2026-03-31T09:00:42.968246
4828,4828,0.258,0,2026-03-31T09:00:42.968246
4829,4829,0.0018,0,2026-03-31T09:00:42.968246
4830,4830,0.0107,0,2026-03-31T09:00:42.968246
4831,4831,0.0797,0,2026-03-31T09:00:42.968246
4832,4832,0.1808,0,2026-03-31T09:00:42.968246
4833,4833,0.0044,0,2026-03-31T09:00:42.968246
4834,4834,0.0182,0,2026-03-31T09:00:42.968246
4835,4835,0.0011,0,2026-03-31T09:00:42.968246
4836,4836,0.005,0,2026-03-31T09:00:42.968246
4837,4837,0.0086,0,2026-03-31T09:00:42.968246
4838,4838,0.0247,0,2026-03-31T09:00:42.968246
4839,4839,0.0062,0,2026-03-31T09:00:42.968246
4840,4840,0.0562,0,2026-03-31T09:00:42.968246
4841,4841,0.0,0,2026-03-31T09:00:42.968246
4842,4842,0.2386,0,2026-03-31T09:00:42.968246
4843,4843,0.0935,0,2026-03-31T09:00:42.968246
4844,4844,0.2874,0,2026-03-31T09:00:42.968246
4845,4845,0.0044,0,2026-03-31T09:00:42.968246
4846,4846,0.0055,0,2026-03-31T09:00:42.968246
4847,4847,0.0085,0,2026-03-31T09:00:42.968246
4848,4848,0.005,0,2026-03-31T09:00:42.968246
4849,4849,0.0,0,2026-03-31T09:00:42.968246
4850,4850,0.0165,0,2026-03-31T09:00:42.968246
4851,4851,0.0445,0,2026-03-31T09:00:42.968246
4852,4852,0.0656,0,2026-03-31T09:00:42.968246
4853,4853,0.1156,0,2026-03-31T09:00:42.968246
4854,4854,0.1334,0,2026-03-31T09:00:42.968246
4855,4855,0.2646,0,2026-03-31T09:00:42.968246
4856,4856,0.05,0,2026-03-31T09:00:42.968246
4857,4857,0.2324,0,2026-03-31T09:00:42.968246
4858,4858,0.5413,1,2026-03-31T09:00:42.968246
4859,4859,0.0224,0,2026-03-31T09:00:42.968246
4860,4860,0.3343,0,2026-03-31T09:00:42.968246
4861,4861,0.0085,0,2026-03-31T09:00:42.968246
4862,4862,0.0537,0,2026-03-31T09:00:42.968246
4863,4863,0.2426,0,2026-03-31T09:00:42.968246
4864,4864,0.0297,0,2026-03-31T09:00:42.968246
4865,4865,0.0042,0,2026-03-31T09:00:42.968246
4866,4866,0.0216,0,2026-03-31T09:00:42.968246
4867,4867,0.0052,0,2026-03-31T09:00:42.968246
4868,4868,0.3738,0,2026-03-31T09:00:42.968246
4869,4869,0.1352,0,2026-03-31T09:00:42.968246
4870,4870,0.1784,0,2026-03-31T09:00:42.968246
4871,4871,0.0115,0,2026-03-31T09:00:42.968246
4872,4872,0.0,0,2026-03-31T09:00:42.968246
4873,4873,0.0018,0,2026-03-31T09:00:42.968246
4874,4874,0.2997,0,2026-03-31T09:00:42.968246
4875,4875,0.0015,0,2026-03-31T09:00:42.968246
4876,4876,0.0009,0,2026-03-31T09:00:42.968246
4877,4877,0.0325,0,2026-03-31T09:00:42.968246
4878,4878,0.2133,0,2026-03-31T09:00:42.968246
4879,4879,0.0152,0,2026-03-31T09:00:42.968246
4880,4880,0.249,0,2026-03-31T09:00:42.968246
4881,4881,0.005,0,2026-03-31T09:00:42.968246
4882,4882,0.184,0,2026-03-31T09:00:42.968246
4883,4883,0.1112,0,2026-03-31T09:00:42.968246
4884,4884,0.0249,0,2026-03-31T09:00:42.968246
4885,4885,0.0361,0,2026-03-31T09:00:42.968246
4886,4886,0.0526,0,2026-03-31T09:00:42.968246
4887,4887,0.0,0,2026-03-31T09:00:42.968246
4888,4888,0.0198,0,2026-03-31T09:00:42.968246
4889,4889,0.01,0,2026-03-31T09:00:42.968246
4890,4890,0.0175,0,2026-03-31T09:00:42.968246
4891,4891,0.2519,0,2026-03-31T09:00:42.968246
4892,4892,0.1004,0,2026-03-31T09:00:42.968246
4893,4893,0.0047,0,2026-03-31T09:00:42.968246
4894,4894,0.1061,0,2026-03-31T09:00:42.968246
4895,4895,0.1671,0,2026-03-31T09:00:42.968246
4896,4896,0.2877,0,2026-03-31T09:00:42.968246
4897,4897,0.0724,0,2026-03-31T09:00:42.968246
4898,4898,0.0067,0,2026-03-31T09:00:42.968246
4899,4899,0.0019,0,2026-03-31T09:00:42.968246
4900,4900,0.0244,0,2026-03-31T09:00:42.968246
4901,4901,0.0886,0,2026-03-31T09:00:42.968246
4902,4902,0.0309,0,2026-03-31T09:00:42.968246
4903,4903,0.0771,0,2026-03-31T09:00:42.968246
4904,4904,0.1286,0,2026-03-31T09:00:42.968246
4905,4905,0.698,1,2026-03-31T09:00:42.968246
4906,4906,0.1855,0,2026-03-31T09:00:42.968246
4907,4907,0.0081,0,2026-03-31T09:00:42.968246
4908,4908,0.0,0,2026-03-31T09:00:42.968246
4909,4909,0.1066,0,2026-03-31T09:00:42.968246
4910,4910,0.5839,1,2026-03-31T09:00:42.968246
4911,4911,0.2235,0,2026-03-31T09:00:42.968246
4912,4912,0.027,0,2026-03-31T09:00:42.968246
4913,4913,0.2605,0,2026-03-31T09:00:42.968246
4914,4914,0.1536,0,2026-03-31T09:00:42.968246
4915,4915,0.01,0,2026-03-31T09:00:42.968246
4916,4916,0.0573,0,2026-03-31T09:00:42.968246
4917,4917,0.0044,0,2026-03-31T09:00:42.968246
4918,4918,0.1479,0,2026-03-31T09:00:42.968246
4919,4919,0.2049,0,2026-03-31T09:00:42.968246
4920,4920,0.0913,0,2026-03-31T09:00:42.968246
4921,4921,0.013,0,2026-03-31T09:00:42.968246
4922,4922,0.2079,0,2026-03-31T09:00:42.968246
4923,4923,0.0068,0,2026-03-31T09:00:42.968246
4924,4924,0.029,0,2026-03-31T09:00:42.968246
4925,4925,0.1478,0,2026-03-31T09:00:42.968246
4926,4926,0.0085,0,2026-03-31T09:00:42.968246
4927,4927,0.0137,0,2026-03-31T09:00:42.968246
4928,4928,0.02,0,2026-03-31T09:00:42.968246
4929,4929,0.0128,0,2026-03-31T09:00:42.968246
4930,4930,0.0086,0,2026-03-31T09:00:42.968246
4931,4931,0.0124,0,2026-03-31T09:00:42.968246
4932,4932,0.1241,0,2026-03-31T09:00:42.968246
4933,4933,0.0,0,2026-03-31T09:00:42.968246
4934,4934,0.2853,0,2026-03-31T09:00:42.968246
4935,4935,0.2336,0,2026-03-31T09:00:42.968246
4936,4936,0.0935,0,2026-03-31T09:00:42.968246
4937,4937,0.1304,0,2026-03-31T09:00:42.968246
4938,4938,0.0033,0,2026-03-31T09:00:42.968246
4939,4939,0.0225,0,2026-03-31T09:00:42.968246
4940,4940,0.1419,0,2026-03-31T09:00:42.968246
4941,4941,0.0328,0,2026-03-31T09:00:42.968246
4942,4942,0.0015,0,2026-03-31T09:00:42.968246
4943,4943,0.0,0,2026-03-31T09:00:42.968246
4944,4944,0.0791,0,2026-03-31T09:00:42.968246
4945,4945,0.0,0,2026-03-31T09:00:42.968246
4946,4946,0.0054,0,2026-03-31T09:00:42.968246
4947,4947,0.035,0,2026-03-31T09:00:42.968246
4948,4948,0.0047,0,2026-03-31T09:00:42.968246
4949,4949,0.2958,0,2026-03-31T09:00:42.968246
4950,4950,0.0197,0,2026-03-31T09:00:42.968246
4951,4951,0.2712,0,2026-03-31T09:00:42.968246
4952,4952,0.0,0,2026-03-31T09:00:42.968246
4953,4953,0.0245,0,2026-03-31T09:00:42.968246
4954,4954,0.0,0,2026-03-31T09:00:42.968246
4955,4955,0.016,0,2026-03-31T09:00:42.968246
4956,4956,0.3238,0,2026-03-31T09:00:42.968246
4957,4957,0.0061,0,2026-03-31T09:00:42.968246
4958,4958,0.0205,0,2026-03-31T09:00:42.968246
4959,4959,0.0066,0,2026-03-31T09:00:42.968246
4960,4960,0.0852,0,2026-03-31T09:00:42.968246
4961,4961,0.0053,0,2026-03-31T09:00:42.968246
4962,4962,0.0084,0,2026-03-31T09:00:42.968246
4963,4963,0.1054,0,2026-03-31T09:00:42.968246
4964,4964,0.0801,0,2026-03-31T09:00:42.968246
4965,4965,0.0125,0,2026-03-31T09:00:42.968246
4966,4966,0.0445,0,2026-03-31T09:00:42.968246
4967,4967,0.0068,0,2026-03-31T09:00:42.968246
4968,4968,0.004,0,2026-03-31T09:00:42.968246
4969,4969,0.1618,0,2026-03-31T09:00:42.968246
4970,4970,0.0663,0,2026-03-31T09:00:42.968246
4971,4971,0.0018,0,2026-03-31T09:00:42.968246
4972,4972,0.0068,0,2026-03-31T09:00:42.968246
4973,4973,0.1581,0,2026-03-31T09:00:42.968246
4974,4974,0.1715,0,2026-03-31T09:00:42.968246
4975,4975,0.0094,0,2026-03-31T09:00:42.968246
4976,4976,0.2634,0,2026-03-31T09:00:42.968246
4977,4977,0.0,0,2026-03-31T09:00:42.968246
4978,4978,0.0109,0,2026-03-31T09:00:42.968246
4979,4979,0.0058,0,2026-03-31T09:00:42.968246
4980,4980,0.213,0,2026-03-31T09:00:42.968246
4981,4981,0.7381,1,2026-03-31T09:00:42.968246
4982,4982,0.3398,0,2026-03-31T09:00:42.968246
4983,4983,0.0084,0,2026-03-31T09:00:42.968246
4984,4984,0.0837,0,2026-03-31T09:00:42.968246
4985,4985,0.0,0,2026-03-31T09:00:42.968246
4986,4986,0.2673,0,2026-03-31T09:00:42.968246
4987,4987,0.2131,0,2026-03-31T09:00:42.968246
4988,4988,0.033,0,2026-03-31T09:00:42.968246
4989,4989,0.0014,0,2026-03-31T09:00:42.968246
4990,4990,0.7379,1,2026-03-31T09:00:42.968246
4991,4991,0.2526,0,2026-03-31T09:00:42.968246
4992,4992,0.1086,0,2026-03-31T09:00:42.968246
4993,4993,0.0283,0,2026-03-31T09:00:42.968246
4994,4994,0.0988,0,2026-03-31T09:00:42.968246
4995,4995,0.0097,0,2026-03-31T09:00:42.968246
4996,4996,0.01,0,2026-03-31T09:00:42.968246
4997,4997,0.015,0,2026-03-31T09:00:42.968246
4998,4998,0.008,0,2026-03-31T09:00:42.968246
4999,4999,0.0143,0,2026-03-31T09:00:42.968246
5000,5000,0.1302,0,2026-03-31T09:00:42.968246
